Ten_Truyen,Tac_Gia,The_Loai,Tinh_Trang,Luot_Xem,Luot_Sao,Luot_Binh_Luan,Luot_Cam_On,Link
"Trọng sinh thiên kim thực phúc hắc: Cố thiếu, tự trọng",Na Thời Yên Hoa,"Nguyên sang , Ngôn tình , Hiện đại , HE , Tình cảm , Kinh thương , Ngọt văn , Trọng sinh , Song khiết 🕊️ , Làm giàu , Hào môn thế gia , Đô thị tình duyên , Duyên trời tác hợp , Ngược tra",Hoàn thành,1079407,254,10,51,https://wikicv.net/truyen/trong-sinh-thien-kim-thuc-phuc-hac-co-th-WO_T%7Eu8h7BcM63VJ
"Kinh thế y phi, phúc hắc Cửu hoàng thúc",Lục Y,"Nguyên sang , Ngôn tình , Cổ đại , HE , Tình cảm , Xuyên việt , Y thuật",Hoàn thành,1078726,15,2,9,https://wikicv.net/truyen/kinh-the-y-phi-phuc-hac-cuu-hoang-thuc-WfBMzO8h7EUm5nou
Xuyên qua chi nông phụ thực nương,Nguyệt Bán Yếu Phân Gia,"Nguyên sang , Ngôn tình , Cổ đại , HE , Tình cảm , Làm ruộng , Xuyên việt , Ngọt văn , Mỹ thực , Cường cường , Cưới trước yêu sau , Nhẹ nhàng , Bình bộ thanh vân , Ấm áp , Nữ cường , Nghịch tập , 1v1 , Bình dân sinh hoạt",Hoàn thành,1077826,882,69,395,https://wikicv.net/truyen/xuyen-qua-chi-nong-phu-thuc-nuong-W_QcdEbIjlJlPGsL
Địa phủ WeChat đàn: Lão công của ta là Minh Vương,Muội Chỉ Ái Cật Nhục,"Nguyên sang , Ngôn tình , Hiện đại , HE , Tình cảm , Trinh thám , Huyền huyễn , Dị thế , Ngọt văn , Phong thủy , Phá án , Trộm mộ , Hài hước , Linh dị thần quái",Hoàn thành,1076750,7055,47,545,https://wikicv.net/truyen/dia-phu-wechat-dan-lao-cong-cua-ta-la-mi-WNE41e8h7B6SdM46
Xuyên thư 80: Ta thành bán nhi đổi lương nữ xứng,Nhất Chi Đằng La,"Nguyên sang , Ngôn tình , Hiện đại , HE , Tình cảm , Làm ruộng , Xuyên việt , Hệ thống , Xuyên thư , Làm giàu , Nữ phụ , Thị giác nữ chủ , Niên đại văn",Hoàn thành,1076582,1595,41,201,https://wikicv.net/truyen/xuyen-thu-80-ta-thanh-ban-nhi-doi-luong--ZC%7ETOEbIjltOvTP8
Không gian chi người vợ bị bỏ rơi có ruộng tốt,Phúc Tinh Nhi,"Nguyên sang , Ngôn tình , Cổ đại , HE , Tình cảm , Làm ruộng , Xuyên việt , Ngọt văn , Tùy thân không gian , Mỹ thực , Làm giàu , Hào môn thế gia , Cường cường",Hoàn thành,1075450,478,9,154,https://wikicv.net/truyen/khong-gian-chi-nguoi-vo-bi-bo-roi-co-ruo-WCkuxnCVfEZA6Z1d
Trọng sinh mật ái: Bá đạo Kỳ thiếu cố chấp sủng,Túc Túc,"Nguyên sang , Ngôn tình , Hiện đại , HE , Tình cảm , Ngọt văn , Trọng sinh , Hào môn thế gia , Giới giải trí , Cường cường , Sảng văn , Đô thị tình duyên , Duyên trời tác hợp , Ngược tra , Vả mặt , 1v1",Hoàn thành,1063351,21,6,13,https://wikicv.net/truyen/trong-sinh-mat-ai-ba-dao-ky-thieu-co-cha-XT0yjVS4CDh9lkOC
"Xuyên nhanh: Hắc hóa BOSS, liêu nghiện",Nạp Lan Mặc,"Nguyên sang , Ngôn tình , Cổ đại , Hiện đại , HE , Tình cảm , Khoa học viễn tưởng , Mạt thế , Huyền huyễn , Võng du , Ngọt văn , Hệ thống , Thần tiên yêu quái , Song khiết 🕊️ , Xuyên nhanh , Hào môn thế gia , Cẩu huyết , Vườn trường , Cung đình hầu tước , Nhẹ nhàng , Giang hồ ân oán , Hài hước , Tây huyễn , Ấm áp , Duyên trời tác hợp , Phương Tây , Linh dị thần quái , 1v1 , Thị giác nữ chủ",Hoàn thành,1063154,309,52,83,https://wikicv.net/truyen/xuyen-nhanh-hac-hoa-boss-lieu-nghien-WSRrre8h7E8PXL6K
Xuyên nhanh: Trùng tộc nữ vương nàng dựa sinh nhãi con nằm thắng / Xuyên nhanh chi Trùng tộc nữ vương nàng nhiều tử nhiều phúc,Thiên Niên A Phiêu A,"Nguyên sang , Ngôn tình , Cổ đại , Hiện đại , Tương lai , OE , Tình cảm , Xuyên việt , Hệ thống , Xuyên nhanh , Sinh con , NP , Pháo hôi , 1v1 , Thị giác nữ chủ , Trùng tộc",Còn tiếp,1063115,10758,321,2975,https://wikicv.net/truyen/xuyen-nhanh-trung-toc-nu-vuong-nang-dua--ZRbUAVS4CFKvWp2Q
"Trọng sinh sau, năm cái ca ca khóc lóc cầu ta hồi phủ",Mộ Miên Miên,"Nguyên sang , Ngôn tình , Cổ đại , HE , Tình cảm , Ngọt văn , Trọng sinh , Sảng văn , Thị giác nữ chủ",Hoàn thành,1062037,1325,109,99,https://wikicv.net/truyen/trong-sinh-sau-nam-cai-ca-ca-khoc-loc-ca-YYZZEEbIjhZWydvW
Thực cốt nguy tình,Kỳ Lão Du,"Nguyên sang , Ngôn tình , Hiện đại , OE , Tình cảm , Hào môn thế gia , Cẩu huyết , Ngược văn , Đô thị tình duyên",Hoàn thành,1060789,53,41,30,https://wikicv.net/truyen/thuc-cot-nguy-tinh-WfYH7e8h7CVKejQZ
Xuyên nhanh: Hôm nay lại thu hoạch bàn tay vàng / Mỗi lần đều là phi nhân loại,Vụ Thỉ Dực,"Nguyên sang , Ngôn tình , Cổ đại , Hiện đại , Tương lai , HE , Tình cảm , Tiên hiệp , Kinh dị , Khoa học viễn tưởng , Mạt thế , Huyền huyễn , Báo thù , Dị thế , Tu chân , Ngọt văn , Song khiết 🕊️ , Xuyên nhanh , Tinh tế , Cường cường , Sảng văn , Kiếp trước kiếp này , Tây huyễn , Nữ cường , Ngược tra , Linh dị thần quái , Nghịch tập , 1v1 , Thị giác nữ chủ , Vô địch lưu",Hoàn thành,1059651,14891,282,5206,https://wikicv.net/truyen/xuyen-nhanh-hom-nay-lai-thu-hoach-ban-ta-YcHuW1S4CHp1ptRe
Hạ thiếu lóe hôn ấm thê,Tần Hiệt,"Nguyên sang , Ngôn tình , Hiện đại , HE , Tình cảm , Hào môn thế gia",Hoàn thành,1058564,88,14,60,https://wikicv.net/truyen/ha-thieu-loe-hon-am-the-Wzjike8h7F4M_Txm
"Buổi sáng hủy ta đan điền, buổi chiều ở ngươi trước mộ hoá vàng mã/Toàn tông đều là liếm cẩu, tiểu sư muội là thật cẩu",Chấp Thủ Yên Hỏa,"Nguyên sang , Ngôn tình , Cổ đại , HE , Tình cảm , Tiên hiệp , Huyền huyễn , Tu chân , Xuyên thư",Chưa xác minh,1055426,15313,283,3013,https://wikicv.net/truyen/buoi-sang-huy-ta-dan-dien-buoi-chieu-o-n-ZLZafVS4CGqExITJ
Gả cho cha của nam chính,Cửu Nguyệt Vi Lam,"Nguyên sang , Ngôn tình , Cổ đại , HE , Tình cảm , Ngọt văn , Trọng sinh , Song khiết 🕊️ , Xuyên thư , Nữ phụ , Trạch đấu , Sảng văn , Nhẹ nhàng , Kim bài đề cử 🥇 , Vả mặt , 1v1 , Thị giác nữ chủ",Hoàn thành,1054290,3277,158,778,https://wikicv.net/truyen/ga-cho-cha-cua-nam-chinh-W1E%7Eb%7E8h7AWhYAZc
Hôm nay cũng không biến thành thú bông đâu,Hoa Hoa Liễu,"Nguyên sang , Ngôn tình , Tương lai , HE , Tình cảm , Khoa học viễn tưởng , Mạt thế , Ngọt văn , Hệ thống , Vô hạn lưu , Trò chơi , 1v1",Hoàn thành,1050679,18939,562,2378,https://wikicv.net/truyen/hom-nay-cung-khong-bien-thanh-thu-bong-d-XWLIplS4CGmrFV9M
Xuyên thành thanh niên trí thức nữ phụ,Cửu Châu Đại Nhân,"Nguyên sang , Ngôn tình , Cận đại , HE , Tình cảm , Làm ruộng , Xuyên việt , Tùy thân không gian , Xuyên thư , Nữ phụ , Kim bài đề cử 🥇",Hoàn thành,1048326,1749,111,361,https://wikicv.net/truyen/xuyen-thanh-thanh-nien-tri-thuc-nu-phu-W5GfA1S4CCoaUFdL
Lâm tân ngôn tông cảnh hạo,Chiêu Tài Tiến Bảo,"Nguyên sang , Ngôn tình , Hiện đại , HE , Tình cảm , Hào môn thế gia , Đô thị tình duyên , 1v1 , Thị giác nữ chủ",Chưa xác minh,1045533,79,12,66,https://wikicv.net/truyen/lam-tan-ngon-tong-canh-hao-XkScA1S4CFFAUoO4
"Quân hôn mật sủng: Lão công, kịch bản thâm",An Noãn Noãn,"Nguyên sang , Ngôn tình , Hiện đại , HE , Tình cảm , Ngọt văn , Song khiết 🕊️ , Làm giàu , Hào môn thế gia , Cưới trước yêu sau , Đô thị tình duyên",Hoàn thành,1045103,107,9,85,https://wikicv.net/truyen/quan-hon-mat-sung-lao-cong-kich-ban-tham-WZu8e%7E8h7H%7EduldI
"Mau xuyên: Tà tính BOSS, hư thấu!",Y Nhân Vi Hoa,"Nguyên sang , Ngôn tình , Cổ đại , Hiện đại , Tương lai , HE , Tình cảm , Khoa học viễn tưởng , Huyền huyễn , Võng du , Ngọt văn , Hệ thống , Song khiết 🕊️ , Xuyên nhanh , 1v1",Hoàn thành,1045066,4003,60,335,https://wikicv.net/truyen/mau-xuyen-ta-tinh-boss-hu-thau-WrPSKO8h7DB7nlem
Đích trưởng nữ nàng lại mỹ lại táp,Thiên Hoa Tẫn Lạc,"Nguyên sang , Ngôn tình , Cổ đại , HE , Tình cảm , Tranh bá , Quan trường , Báo thù , Trọng sinh , Làm giàu , Hào môn thế gia , Cung đấu , Trạch đấu , Quân văn , Cung đình hầu tước , Sảng văn , Nhẹ nhàng , Kiếp trước kiếp này , Nữ cường , Nghịch tập , Thị giác nữ chủ , Đế vương",Hoàn thành,1043446,3831,100,428,https://wikicv.net/truyen/dich-truong-nu-nang-lai-my-lai-tap-XzD2rFS4CC9Pch3b
Kiều mềm mỹ nhân ở 60,Tiểu Cầm Bảo,"Nguyên sang , Ngôn tình , Cận đại , Hiện đại , HE , Tình cảm , Xuyên việt , Ngọt văn , Hệ thống , Song khiết 🕊️ , Xuyên thư , Mỹ thực , Nhẹ nhàng , Ấm áp , Duyên trời tác hợp , Kim bài đề cử 🥇 , Kim Bảng 🏆 , 1v1 , Thị giác nữ chủ , Xuyên thành vai chính , Niên đại văn",Hoàn thành,1040518,3138,52,683,https://wikicv.net/truyen/kieu-mem-my-nhan-o-60-YRFJblS4CBUKCOaj
Nam chủ hắn công đức vô lượng,Nguyệt Chiếu Khê,"Nguyên sang , Ngôn tình , Hiện đại , HE , Tình cảm , Huyền học , Ngọt văn , Phong thủy , Sảng văn , Duyên trời tác hợp , Kim bài đề cử 🥇 , Linh dị thần quái , 1v1 , Thị giác nữ chủ",Hoàn thành,1040338,5453,279,1857,https://wikicv.net/truyen/nam-chu-han-cong-duc-vo-luong-WvZNI%7E8h7DzvcR%7E9
Sử thượng đệ nhất sủng hôn: Mộ thiếu kiều thê,Bắc Xuyên Vân Thượng Cẩm,"Nguyên sang , Ngôn tình , Hiện đại , HE , Tình cảm , Ngọt văn , Ngược văn",Hoàn thành,1038427,27,3,21,https://wikicv.net/truyen/su-thuong-de-nhat-sung-hon-mo-thieu-kieu-WR8OE%7E8h7AeFbrVF
"Vương bài ấm hôn: Tư thiếu, làm càn sủng!",Sướng Nhiên,"Nguyên sang , Ngôn tình , Hiện đại , HE , Tình cảm , Ngọt văn , Trọng sinh , Hào môn thế gia , Quân văn , Thiên chi kiêu tử , Nữ cường , 1v1",Hoàn thành,1037805,691,3,163,https://wikicv.net/truyen/vuong-bai-am-hon-tu-thieu-lam-can-sung-WzIDMu8h7FrZJjtx
Ta có một tòa đạo quan,Tiểu Thời Nhĩ Cá Tra Tra,"Nguyên sang , Ngôn tình , Cổ đại , HE , Tình cảm , Làm ruộng , Huyền huyễn , Huyền học , Trọng sinh , Thần tiên yêu quái , Cường cường , Sảng văn , Kiếp trước kiếp này , Kim bài đề cử 🥇 , Nữ cường , Linh dị thần quái , 1v1 , Thị giác nữ chủ , Bình dân sinh hoạt",Hoàn thành,1032115,11080,431,2957,https://wikicv.net/truyen/ta-co-mot-toa-dao-quan-XdNbjFS4CAk9coyE
"Đừng khuyên ta, ta chỉ nghĩ trồng trọt [ 70 ]",Quan Oánh Oánh,"Nguyên sang , Ngôn tình , Hiện đại , HE , Tình cảm , Xuyên thư , Sảng văn , Thị giác nữ chủ , Thật giả thiên kim , Niên đại văn",Hoàn thành,1031219,3689,99,929,https://wikicv.net/truyen/dung-khuyen-ta-ta-chi-nghi-trong-trot-70-YLBzI1S4CGmR1qX1
Xuyên nhanh: Mỹ nhân có độc,Duy Khách,"Nguyên sang , Ngôn tình , Cổ đại , Hiện đại , Tương lai , HE , Tình cảm , Tiên hiệp , Khoa học viễn tưởng , Báo thù , Tu chân , Xuyên nhanh , Hào môn thế gia , Cẩu huyết , Giới giải trí , Vườn trường , Cung đình hầu tước , Nhẹ nhàng , Hài hước , Đô thị tình duyên , Ấm áp , Kim bài đề cử 🥇 , Ngân bài đề cử 🥈 , Kim Bảng 🏆 , Nữ cường , Ngược tra , 1v1 , Thị giác nữ chủ , Phi song khiết 🌂",Hoàn thành,1030197,8832,533,3296,https://wikicv.net/truyen/xuyen-nhanh-my-nhan-co-doc-Wl4GJO8h7Fs2OOiB
Gả cho anh trai người thực vật của nam chính,Điềm Tức Chính Nghĩa,"Nguyên sang , Ngôn tình , Hiện đại , HE , Tình cảm , Ngọt văn , Song khiết 🕊️ , Xuyên thư , Hào môn thế gia , Nữ phụ , Giới giải trí , Hoan hỉ oan gia , Nhẹ nhàng , Hài hước , Đô thị tình duyên , 1v1 , Thị giác nữ chủ",Hoàn thành,1029023,2834,140,1149,https://wikicv.net/truyen/ga-cho-anh-trai-nguoi-thuc-vat-cua-nam-c-XFw3BlS4CHoByk76
Trang chủ có độc chi thần y tiên thê,Thủy Thiên Triệt,"Nguyên sang , Ngôn tình , Cổ đại , HE , Tình cảm , Tiên hiệp , Huyền huyễn , Báo thù , Dị thế , Tu chân , Xuyên việt , Ngọt văn , Trọng sinh , Thần tiên yêu quái , Song khiết 🕊️ , Tùy thân không gian , Sinh con , Hào môn thế gia , Cường cường , Y thuật , Sảng văn , Nhẹ nhàng , Hài hước , Ấm áp , Duyên trời tác hợp , Thế giới song song , Nữ cường , Ngược tra , Nghịch tập , Vả mặt , 1v1 , Giả heo ăn hổ",Hoàn thành,1028900,740,43,130,https://wikicv.net/truyen/trang-chu-co-doc-chi-than-y-tien-the-WkYRIu8h7B7FSuyX
Xuyên thành mẹ kế của năm cái vai ác,Mạch Vu Chi,"Nguyên sang , Ngôn tình , Cổ đại , HE , Tình cảm , Làm ruộng , Xuyên việt , Xuyên thư , Mỹ thực , Làm giàu , Trạch đấu , Cung đình hầu tước , Xuyên thành vai ác , Nữ cường , 1v1 , Thị giác nữ chủ , Dưỡng oa",Hoàn thành,1027066,1169,28,259,https://wikicv.net/truyen/xuyen-thanh-me-ke-cua-nam-cai-vai-ac-YCpZOVS4CDRm1opj
Kiêu sủng y phi,Niêm Hoa Nhạ Tiếu,"Nguyên sang , Ngôn tình , Cổ đại , HE , Tình cảm , Xuyên việt , Y thuật",Hoàn thành,1026786,10,17,6,https://wikicv.net/truyen/kieu-sung-y-phi-WUNoPO8h7EuDZs2B
Mau xuyên nữ chủ: Cấm dục nam thần liêu không ngừng!,Du Chi Yếp Thiển,"Nguyên sang , Ngôn tình , Cổ đại , Hiện đại , HE , Tình cảm , Khoa học viễn tưởng , Ngọt văn , Hệ thống , Song khiết 🕊️ , Xuyên nhanh , Duyên trời tác hợp , Ngược tra",Hoàn thành,1026090,1401,58,1037,https://wikicv.net/truyen/mau-xuyen-nu-chu-cam-duc-nam-than-lieu-k-WRNiqu8h7GVYjJvG
"Mạt thế trọng sinh: Quân trưởng đại nhân, không được nhúc nhích!",Hội Phi Đích Mao Cầu,"Nguyên sang , Ngôn tình , Hiện đại , Tương lai , HE , Tình cảm , Khoa học viễn tưởng , Mạt thế , Báo thù , Dị năng , Trọng sinh , Hào môn thế gia , Cẩu huyết , Trạch đấu , Thăng cấp lưu , Kiếp trước kiếp này , Nữ cường , Ngược tra , Vả mặt , 1v1 , Thị giác nữ chủ",Hoàn thành,1024176,647,21,35,https://wikicv.net/truyen/mat-the-trong-sinh-quan-truong-dai-nhan--WRryP%7E8h7G9DZpL_
Trọng sinh 1988: Thành thiếu đầu quả tim sủng,Cao Sơn Nhật Sơ,"Nguyên sang , Ngôn tình , Cận đại , Hiện đại , HE , Tình cảm , Huyền huyễn , Báo thù , Ngọt văn , Trọng sinh , Song khiết 🕊️ , Tùy thân không gian , Làm giàu , Hào môn thế gia , Cường cường , Đô thị tình duyên , Duyên trời tác hợp , Ngược tra",Tạm ngưng,1023885,380,11,16,https://wikicv.net/truyen/trong-sinh-1988-thanh-thieu-dau-qua-tim--WdJUQ%7E8h7GDFDrfK
Cổ đại nông gia sinh hoạt,Lão Nạp Bất Đổng Ái,"Nguyên sang , Ngôn tình , Cổ đại , HE , Tình cảm , Quan trường , Xuyên việt , Ngọt văn , Song khiết 🕊️ , Trạch đấu , Bình bộ thanh vân , Duyên trời tác hợp , Kim bài đề cử 🥇 , Kim Bảng 🏆 , Ngược tra , 1v1 , Thị giác nam chủ , Bình dân sinh hoạt",Hoàn thành,1022907,1988,93,521,https://wikicv.net/truyen/co-dai-nong-gia-sinh-hoat-WfXtwO8h7CVKejKl
Xuyên thư: Cá mặn tu tiên siêu vui sướng,Trạch Lan,"Nguyên sang , Ngôn tình , Cổ đại , HE , Tình cảm , Tiên hiệp , Làm ruộng , Huyền huyễn , Tu chân , Xuyên thư , Nhẹ nhàng , Pháo hôi , Người qua đường , Kim bài đề cử 🥇 , Linh dị thần quái , Thị giác nữ chủ",Hoàn thành,1021149,5969,152,1868,https://wikicv.net/truyen/xuyen-thu-ca-man-tu-tien-sieu-vui-suong-YqrGl1S4CHFNRtt_
Xuyên đến đại lão hắc hóa trước,Cẩm Chanh,"Nguyên sang , Ngôn tình , Hiện đại , HE , Tình cảm , Ngọt văn , Song khiết 🕊️ , Xuyên thư , Vườn trường , Cải trang giả dạng , Xuyên thành vai ác , Kim bài đề cử 🥇 , Thị giác nữ chủ",Hoàn thành,1020815,6965,477,2331,https://wikicv.net/truyen/xuyen-den-dai-lao-hac-hoa-truoc-XHEevlS4CGQC75C%7E
Thanh cung Hi phi truyện,Giải Ngữ,"Nguyên sang , Ngôn tình , Cổ đại , HE , Tình cảm , Đại Thanh",Hoàn thành,1017900,34,6,20,https://wikicv.net/truyen/thanh-cung-hi-phi-truyen-WPwyD%7E8h7EEkFe7s
Xuyên thành niên đại văn cực phẩm nữ xứng,Quan Oánh Oánh,"Nguyên sang , Ngôn tình , Hiện đại , HE , Tình cảm , Xuyên thư , Nữ phụ , Sảng văn , Kim bài đề cử 🥇 , 1v1 , Thị giác nữ chủ",Hoàn thành,1017776,2527,71,799,https://wikicv.net/truyen/xuyen-thanh-nien-dai-van-cuc-pham-nu-xun-X9a2pFS4CG84rRGF
Nữ chủ đều cùng nam nhị HE,Phù Hoa,"Nguyên sang , Ngôn tình , Cổ đại , Hiện đại , HE , Tình cảm , Võ hiệp , Tiên hiệp , Khoa học viễn tưởng , Huyền huyễn , Tu chân , Ngọt văn , Thần tiên yêu quái , Xuyên thư , Hào môn thế gia , Giới giải trí , Vườn trường , Cung đình hầu tước , Nhẹ nhàng , Hắc ám , Nhiều CP , Đô thị tình duyên , Cải trang giả dạng , Ấm áp , Kim bài đề cử 🥇 , Kim Bảng 🏆 , Linh dị thần quái , 1v1 , Thị giác nữ chủ , Nam phụ",Hoàn thành,1016673,11763,942,4786,https://wikicv.net/truyen/nu-chu-deu-cung-nam-nhi-he-W89SW1S4CEorzglX
Thế gia,Lục Nguyệt Hạo Tuyết,"Nguyên sang , Ngôn tình , Cổ đại , HE , Tình cảm , Báo thù , Trọng sinh , Hào môn thế gia , Trạch đấu , Cung đình hầu tước , Sảng văn , Thị giác nữ chủ",Hoàn thành,1013649,580,46,406,https://wikicv.net/truyen/the-gia-WIC9nzu26xUGPBiw
Thập niên 70 bạch phú mỹ,Tố Muội Bình Sinh v,"Nguyên sang , Ngôn tình , Hiện đại , HE , Tình cảm , Làm ruộng , Ngọt văn , Trọng sinh , Song khiết 🕊️ , Mỹ thực , Làm giàu , Kiếp trước kiếp này , Kim bài đề cử 🥇 , 1v1 , Niên đại văn",Hoàn thành,1012357,2042,102,758,https://wikicv.net/truyen/thap-nien-70-bach-phu-my-WuX3KO8h7FytCGpg
Bị pháo hôi thiên mệnh chi nữ [ Xuyên nhanh ],Mỹ Nhân Ngưu Bái Phạn,"Nguyên sang , Ngôn tình , Cổ đại , Hiện đại , HE , OE , Tình cảm , Mạt thế , Huyền huyễn , Báo thù , Dị năng , Hệ thống , Thần tiên yêu quái , Xuyên nhanh , Hào môn thế gia , Nữ phụ , Trạch đấu , Giới giải trí , Sảng văn , Pháo hôi , Kim bài đề cử 🥇 , Ngược tra , Vả mặt , Thị giác nữ chủ",Hoàn thành,1012191,4210,166,1297,https://wikicv.net/truyen/bi-phao-hoi-thien-menh-chi-nu-xuyen-nhan-XKnZylS4CFbxhaFC
Mạt thế nữ xứng ngọt sủng hằng ngày [ xuyên thư ],Dữu Trà Thất,"Nguyên sang , Ngôn tình , Hiện đại , HE , Tình cảm , Mạt thế , Dị năng , Ngọt văn , Trọng sinh , Song khiết 🕊️ , Tùy thân không gian , Xuyên thư , Sảng văn , Kim Bảng 🏆 , 1v1 , Thị giác nữ chủ , Huynh muội",Hoàn thành,1011954,2966,92,658,https://wikicv.net/truyen/mat-the-nu-xung-ngot-sung-hang-ngay-xuye-XKgSxFS4CEcFyocW
"Đệ nhất bói toán sư: Hoàng Thượng, cầu hưu chiến",Trầm Bắc,"Nguyên sang , Ngôn tình , Cổ đại , HE , Tình cảm , Huyền huyễn , Huyền học , Báo thù , Dị thế , Xuyên việt , Ngọt văn , Trọng sinh , Song khiết 🕊️ , Cung đấu , Trạch đấu , Cung đình hầu tước , Nữ cường , Ngược tra",Hoàn thành,1011913,1078,42,216,https://wikicv.net/truyen/de-nhat-boi-toan-su-hoang-thuong-cau-huu-WX8uJ%7E8h7A90cdxY
Thật thiên kim ở tinh tế phóng ngưu,Nam Phong Bắc Ký,"Nguyên sang , Ngôn tình , Tương lai , HE , Tình cảm , Làm ruộng , Dị năng , Tinh tế , Hào môn thế gia , Vườn trường , Sảng văn , Nhẹ nhàng , Đô thị tình duyên , Nữ cường , Mary Sue , Thị giác nữ chủ , Thật giả thiên kim",Hoàn thành,1009754,10444,679,3928,https://wikicv.net/truyen/that-thien-kim-o-tinh-te-phong-nguu-Yot4XlS4CE_aIF6c
Nữ phụ tu tiên ký chi nhất lộ đăng tiên,Thanh U Trúc Lâm,"Nguyên sang , Ngôn tình , Cổ đại , HE , Tiên hiệp , Huyền huyễn , Tu chân , Xuyên thư , Nữ phụ , Thăng cấp lưu , Phản phái xuyên việt , Pháo hôi , Phản phái trọng sinh , Lôi",Hoàn thành,1009459,3771,90,510,https://wikicv.net/truyen/nu-phu-tu-tien-ky-chi-nhat-lo-dang-tien-X29calS4CFJDaA7x
Mau xuyên hệ thống: Công lược lang tính Boss II,Quân Sanh,"Nguyên sang , Ngôn tình , Cổ đại , Cận đại , Hiện đại , Tương lai , HE , Tình cảm , Khoa học viễn tưởng , Mạt thế , Huyền huyễn , Võng du , Báo thù , Dị thế , Tu chân , Dị năng , Ngọt văn , Trọng sinh , Thú nhân , Hệ thống , Thần tiên yêu quái , Song khiết 🕊️ , Xuyên nhanh , Tinh tế , Hào môn thế gia , Cẩu huyết , Cung đấu , Giới giải trí , Vườn trường , Cung đình hầu tước , Sảng văn , Tây huyễn , Cận thủy lâu đài , Pháo hôi , Ngược tra , Linh dị thần quái , Nghịch tập , Vả mặt , 1v1",Hoàn thành,1007992,2272,34,577,https://wikicv.net/truyen/mau-xuyen-he-thong-cong-luoc-lang-tinh-b-WfqhpO8h7GwjkJr1
Nông gia người đàn bà đanh đá xảo làm ruộng / Nông gia mẹ kế xảo làm ruộng,Trà Noãn,"Nguyên sang , Ngôn tình , Cổ đại , HE , Tình cảm , Làm ruộng , Xuyên việt , Mỹ thực , Làm giàu , Hào môn thế gia , Cung đình hầu tước , Nhẹ nhàng , Ấm áp , 1v1 , Thị giác nữ chủ , Dưỡng oa",Hoàn thành,1007026,1681,17,102,https://wikicv.net/truyen/nong-gia-nguoi-dan-ba-danh-da-xao-lam-ru-YUu1eFS4CH9Ev3iu
,Nguyên Nguyệt Nguyệt Bán,,Đang cập nhật,0,0,0,0,https://wikicv.net/truyen/me-ke-xuyen-viet-WyvJHe8h7Hn52fe3
Tất cả mọi người đều biết ta là hảo nam nhân [Xuyên nhanh],Đường Trung Miêu,"Nguyên sang , Ngôn tình , Hiện đại , OE , Tình cảm , Xuyên việt , Xuyên nhanh , Thị giác nam chủ",Hoàn thành,1005345,8022,415,3257,https://wikicv.net/truyen/tat-ca-moi-nguoi-deu-biet-ta-la-hao-nam--XdX78VS4CDgClNl6
60 chi Đông Bắc tới cái đại mỹ nhân,Cát Kim Kim,"Nguyên sang , Ngôn tình , Hiện đại , HE , Tình cảm , Làm ruộng , Xuyên việt , Ngọt văn , Trọng sinh , Tùy thân không gian , Cưới trước yêu sau , Sảng văn , 1v1 , Thị giác nữ chủ , Dưỡng oa , Niên đại văn",Hoàn thành,1003359,2027,35,372,https://wikicv.net/truyen/60-chi-dong-bac-toi-cai-dai-my-nhan-ZkmjhlS4CCJsnGZK
Sủng sủng dục luyến,Điềm Điềm Tây Mễ Lộ,"Nguyên sang , Ngôn tình , Hiện đại , HE , Tình cảm , Ngọt văn , Sinh con , Hào môn thế gia",Hoàn thành,1002444,31,4,9,https://wikicv.net/truyen/sung-sung-duc-luyen-Ws4Ycu8h7GNIBALJ
Phi y thiên hạ,Lục Nguyệt,"Nguyên sang , Ngôn tình , Cổ đại , Hiện đại , HE , Tình cảm , Báo thù , Y thuật , Bình bộ thanh vân , Duyên trời tác hợp , Nữ cường , Nghịch tập , 1v1",Hoàn thành,1001866,10,3,23,https://wikicv.net/truyen/phi-y-thien-ha-WqI70e8h7HqEc9Mi
70 chi xinh đẹp tiểu thợ may,Thư Thư Thư,"Nguyên sang , Ngôn tình , Hiện đại , HE , Tình cảm , Xuyên thư , Cẩu huyết , Sảng văn , Nhẹ nhàng , Kim bài đề cử 🥇 , Kim Bảng 🏆 , 1v1 , Thị giác nữ chủ , Bình dân sinh hoạt , Niên đại văn",Hoàn thành,998106,4890,144,703,https://wikicv.net/truyen/70-chi-xinh-dep-tieu-tho-may-Yip1RVS4CF28pU2Z
Huyền học đại sư không phải người,An Nhiên Nhất Thế,"Nguyên sang , Ngôn tình , Hiện đại , HE , Tình cảm , Huyền huyễn , Xuyên việt , Ngọt văn , Phong thủy , Giới giải trí , Sảng văn , Nhẹ nhàng , Kim bài đề cử 🥇 , Nữ cường , Linh dị thần quái , 1v1 , Thị giác nữ chủ",Hoàn thành,997146,4420,109,728,https://wikicv.net/truyen/huyen-hoc-dai-su-khong-phai-nguoi-W7GAJFS4CAyQ0aYF
Mau xuyên: Ác độc nữ xứng muốn nghịch tập,Vân Khinh Mạch,"Nguyên sang , Ngôn tình , Cổ đại , Hiện đại , HE , OE , Tình cảm , Khoa học viễn tưởng , Huyền huyễn , Hệ thống , Xuyên nhanh , Nữ phụ , Vị diện , Nghịch tập",Hoàn thành,995752,5288,84,333,https://wikicv.net/truyen/mau-xuyen-ac-doc-nu-xung-muon-nghich-tap-WOjjR%7E8h7AQzmVF2
Không gian trọng sinh: Thịnh sủng ở những năm 90,Bán Noãn Phù Sanh,"Nguyên sang , Ngôn tình , Cận đại , Hiện đại , HE , Tình cảm , Kinh thương , Huyền huyễn , Ngọt văn , Trọng sinh , Song khiết 🕊️ , Tùy thân không gian , Làm giàu , Đô thị tình duyên , Duyên trời tác hợp , Ngược tra",Hoàn thành,995473,715,7,37,https://wikicv.net/truyen/khong-gian-trong-sinh-thinh-sung-o-nhung-Wc6Svu8h7Edh3tFh
"Mau xuyên công lược: Ký chủ, đừng hắc hóa",Bắc Xử,"Nguyên sang , Ngôn tình , Cổ đại , Cận đại , Hiện đại , Tương lai , HE , Tình cảm , Khoa học viễn tưởng , Huyền huyễn , Xuyên việt , Hệ thống , Xuyên nhanh , 1v1",Chưa xác minh,993463,5612,251,1320,https://wikicv.net/truyen/mau-xuyen-cong-luoc-ky-chu-dung-hac-hoa-W7Txh1S4CFWllVHT
Xuyên thành 70 vận may tức phụ,Lê Vị Ương,"Nguyên sang , Ngôn tình , Hiện đại , HE , Tình cảm , Làm ruộng , Xuyên việt , Ngọt văn , Cổ xuyên kim , Làm giàu , 1v1 , Thị giác nữ chủ , Cẩm lý thể chất , Niên đại văn",Hoàn thành,992288,943,50,449,https://wikicv.net/truyen/xuyen-thanh-70-van-may-tuc-phu-YHH7o1S4CDUL7j6E
Trọng sinh chi thần y học bá,Cẩm Dạ,"Nguyên sang , Ngôn tình , Hiện đại , HE , Tình cảm , Dị năng , Ngọt văn , Trọng sinh , Tùy thân không gian , Hào môn thế gia , Y thuật , Duyên trời tác hợp , Ngược tra",Chưa xác minh,990811,6543,6,483,https://wikicv.net/truyen/trong-sinh-chi-than-y-hoc-ba-XTepV1S4CCzHz_23
"Bị sét đánh đến 70 sau, ta dựa không gian vô địch",Thị Tiểu Kim Ngư Ni,"Nguyên sang , Ngôn tình , Cận đại , Hiện đại , HE , Tình cảm , Làm ruộng , Xuyên việt , Ngọt văn , Tùy thân không gian , Sảng văn , Vả mặt , Niên đại văn",Hoàn thành,990618,1623,36,372,https://wikicv.net/truyen/bi-set-danh-den-70-sau-ta-dua-khong-gian-YrAYjlS4CDrBT2WN
Trọng sinh y thê siêu đại bài,Di Nhạc Thảo,"Nguyên sang , Ngôn tình , Hiện đại , HE , Tình cảm , Trọng sinh , Tùy thân không gian , Hào môn thế gia , Y thuật",Hoàn thành,989640,14,21,9,https://wikicv.net/truyen/trong-sinh-y-the-sieu-dai-bai-XUOZSlS4CG01b9Cd
Xuyên thành cô vợ thế thân của tổng tài,Chỉ Chỉ Bất Túy,"Nguyên sang , Ngôn tình , Hiện đại , HE , Tình cảm , Xuyên việt , Ngọt văn , Xuyên thư , Hào môn thế gia , Cẩu huyết , Nữ phụ , Giới giải trí , Cưới trước yêu sau , Sảng văn , Nhẹ nhàng , Pháo hôi , Tiểu bạch văn , Xuyên thành vai ác , Kim bài đề cử 🥇 , 1v1 , Thị giác nữ chủ",Hoàn thành,989030,1072,54,310,https://wikicv.net/truyen/xuyen-thanh-co-vo-the-than-cua-tong-tai-XBZ8rVS4CDpUvE8o
Phúc hắc cuồng phi: Phế vật nghịch thiên nhị tiểu thư,Mặc Thiên Lan,"Nguyên sang , Ngôn tình , Cổ đại , HE , Tình cảm , Huyền huyễn , Dị thế , Xuyên việt , Ngọt văn , Song khiết 🕊️ , Cường cường , Cung đình hầu tước , Duyên trời tác hợp , Nữ cường , Ngược tra",Hoàn thành,988736,266,18,48,https://wikicv.net/truyen/phuc-hac-cuong-phi-phe-vat-nghich-thien--WW81J%7E8h7F2jQA24
Xuyên qua chi nông gia hảo phụ,Thiên Ni,"Nguyên sang , Ngôn tình , Cổ đại , HE , Tình cảm , Làm ruộng , Ngọt văn , Trạch đấu , Cung đình hầu tước , Duyên trời tác hợp , Nữ cường , Ngược tra",Hoàn thành,988084,103,13,36,https://wikicv.net/truyen/xuyen-qua-chi-nong-gia-hao-phu-WdEq%7Eu8h7Gb52qA0
Cực phẩm nam thần [ xuyên nhanh ],Giang Hồ Bất Kiến,"Nguyên sang , Ngôn tình , Cổ đại , Cận đại , Hiện đại , Tương lai , HE , Tình cảm , Báo thù , Hệ thống , Xuyên nhanh , Tùy thân không gian , Hào môn thế gia , Cung đình hầu tước , Pháo hôi , Kim bài đề cử 🥇 , Vả mặt",Hoàn thành,986334,6461,248,1641,https://wikicv.net/truyen/cuc-pham-nam-than-xuyen-nhanh-WUIQ_e8h7A1OsHDx
Yêu nghiệt giữa đường: Chí tôn triệu hoán sư,Bát Dạ Tuyết,"Nguyên sang , Ngôn tình , Cổ đại , HE , Tình cảm , Huyền huyễn , Xuyên việt",Hoàn thành,985757,393,14,238,https://wikicv.net/truyen/yeu-nghiet-giua-duong-chi-ton-trieu-hoan-WNhPAe8h7G09G1Vq
Thập niên 60 xảo tức phụ,Niên Đại,"Nguyên sang , Ngôn tình , Hiện đại , HE , Tình cảm , Xuyên việt",Hoàn thành,985357,2177,42,741,https://wikicv.net/truyen/thap-nien-60-xao-tuc-phu-XeB1P1S4CAtO8Lm7
Ta a cha là niên đại văn nam chủ đối chiếu tổ,Hương Tô Lật,"Nguyên sang , Ngôn tình , Hiện đại , HE , Tình cảm , Xuyên việt , Ngọt văn , Trọng sinh , Cổ xuyên kim , Nhẹ nhàng , Kim bài đề cử 🥇 , Kim Bảng 🏆 , Thị giác nam chủ , Bình dân sinh hoạt , Manh bảo , Niên đại văn , Hình tượng văn",Hoàn thành,984413,9159,284,2094,https://wikicv.net/truyen/ta-a-cha-la-nien-dai-van-nam-chu-doi-chi-Y6wCWFS4CHjZIGdD
Tà y cuồng thê,Kim Tiểu Tài,"Nguyên sang , Ngôn tình , Cổ đại , HE , Tình cảm , Huyền huyễn , Xuyên việt , Y thuật , Cung đình hầu tước , Nữ cường , Tương ái tương sát , Phế sài lưu",Hoàn thành,983083,239,18,381,https://wikicv.net/truyen/ta-y-cuong-the-WW180O8h7AiSXzt4
Trọng sinh chi trở về vị trí cũ,Cuồng Thượng Gia Cuồng,"Nguyên sang , Ngôn tình , Cổ đại , HE , Tình cảm , Trọng sinh , Hào môn thế gia , Hoan hỉ oan gia , Cung đình hầu tước , Kim bài đề cử 🥇 , Vả mặt",Hoàn thành,982944,1664,81,716,https://wikicv.net/truyen/trong-sinh-chi-tro-ve-vi-tri-cu-WyyPYu8h7CwR_A4H
Nghịch thiên tuyệt sủng: Tà Đế sát thủ phi,Tuyết Yêu La,"Nguyên sang , Ngôn tình , Cổ đại , HE , Tình cảm , Xuyên việt , Cường cường",Hoàn thành,982567,396,3,308,https://wikicv.net/truyen/nghich-thien-tuyet-sung-ta-de-sat-thu-ph-WNpQFO8h7HTB3IdY
Ta ở cổ đại đương danh sư,Tam Dương Thái Lai,"Nguyên sang , Ngôn tình , Cổ đại , HE , Tình cảm , Tranh bá , Quan trường , Xây dựng , Trọng sinh , Cung đình hầu tước , Kiếp trước kiếp này , 1v1 , Song trọng sinh , Thị giác nữ chủ",Hoàn thành,982359,6616,141,967,https://wikicv.net/truyen/ta-o-co-dai-duong-danh-su-YiAB7lS4CF1WYXbh
Béo nữu làm ruộng: Nông nữ cường hãn nghịch tập,Tô Khuynh Thành,"Nguyên sang , Ngôn tình , Cổ đại , HE , Tình cảm , Làm ruộng , Xuyên việt , Ngọt văn , Mỹ thực , Làm giàu , Cung đấu , Trạch đấu , Y thuật , Cung đình hầu tước , Nhẹ nhàng , Ấm áp , Nữ cường , Ngược tra , 1v1 , Giả heo ăn hổ",Hoàn thành,981162,764,20,129,https://wikicv.net/truyen/beo-nuu-lam-ruong-nong-nu-cuong-han-nghi-Xti0%7ElS4CGPrQ%7Eh3
Trọng sinh 80 dưỡng sói con,Y Nhân Vi Hoa,"Nguyên sang , Ngôn tình , Hiện đại , HE , Tình cảm , Ngọt văn , Trọng sinh , Tùy thân không gian , Làm giàu , Cường cường , Sảng văn , Dưỡng thành , Đô thị tình duyên , 1v1 , Thị giác nữ chủ",Hoàn thành,980958,3769,19,201,https://wikicv.net/truyen/trong-sinh-80-duong-soi-con-Xms0NFS4CG2juaGW
Mau xuyên: Phản diện công lược kế trong kế,Linh Linh Thất,"Nguyên sang , Ngôn tình , Cổ đại , Hiện đại , HE , Tình cảm , Khoa học viễn tưởng , Huyền huyễn , Ngọt văn , Hệ thống , Xuyên nhanh , Hào môn thế gia , Nữ phụ , Giới giải trí , Đô thị tình duyên , Pháo hôi , 1v1",Hoàn thành,977793,2531,122,474,https://wikicv.net/truyen/mau-xuyen-phan-dien-cong-luoc-ke-trong-k-WRbnGe8h7BA7hQx3
Mau xuyên nghịch tập: Ảnh đế là BOSS,Mộ Thanh Liễm,"Nguyên sang , Ngôn tình , Cổ đại , Cận đại , Hiện đại , HE , SE , Tình cảm , Khoa học viễn tưởng , Huyền huyễn , Ngọt văn , Hệ thống , Song khiết 🕊️ , Xuyên nhanh , Xuyên thư , Mỹ thực , Làm giàu , Hào môn thế gia , Cẩu huyết , Nữ phụ , Ngược văn , Giới giải trí , Vườn trường , Dân quốc , Vị diện , Vô hạn lưu , Cung đình hầu tước , Phát sóng trực tiếp , Cận thủy lâu đài , Pháo hôi , Lôi , Tương ái tương sát , 1v1",Hoàn thành,976722,2876,73,241,https://wikicv.net/truyen/mau-xuyen-nghich-tap-anh-de-la-boss-WdCRFO8h7FGDPpD5
Xuyên thành trọng sinh văn hảo dựng pháo hôi,Cửu Nguyệt Vi Lam,"Nguyên sang , Ngôn tình , Cổ đại , HE , Tình cảm , Xuyên việt , Xuyên thư , Sinh con , Cưới trước yêu sau , Cung đình hầu tước , Tiểu bạch văn , Lôi",Hoàn thành,976566,3221,183,1016,https://wikicv.net/truyen/xuyen-thanh-trong-sinh-van-hao-dung-phao-XQ7QZlS4CDq2idrq
Nữ phụ nghĩ thoáng rồi ( xuyên nhanh ),Ngũ Đóa Ma Cô,"Nguyên sang , Ngôn tình , Hiện đại , HE , Tình cảm , Xuyên việt , Xuyên nhanh , Nữ phụ , Kim bài đề cử 🥇 , Kim Bảng 🏆",Hoàn thành,974711,7067,352,1583,https://wikicv.net/truyen/nu-phu-nghi-thoang-roi-xuyen-nhanh-XXSpA1S4CFodB3Yt
Ngu dại độc phi không dễ chọc,Kiều Tiểu Tịch,"Nguyên sang , Ngôn tình , Cổ đại , HE , Tình cảm , Xuyên việt , Cung đấu , Trạch đấu , Y thuật , Cung đình hầu tước , Nữ cường , Vả mặt",Hoàn thành,973429,1081,3,150,https://wikicv.net/truyen/ngu-dai-doc-phi-khong-de-choc-Wfdmh%7E8h7BAfquHM
"Trọng sinh 70, tiểu thanh niên trí thức mang không gian gả tháo hán",Một Nha Đích Thỏ Tử,"Nguyên sang , Ngôn tình , Hiện đại , HE , Tình cảm , Làm ruộng , Báo thù , Ngọt văn , Trọng sinh , Tùy thân không gian , Trạch đấu , Ngược tra , 1v1 , Thị giác nữ chủ , Niên đại văn",Hoàn thành,972847,132,6,79,https://wikicv.net/truyen/trong-sinh-70-tieu-thanh-nien-tri-thuc-m-Y2_DGDzLcnPLikGD
Pháo hôi muội muội nhân sinh ( xuyên nhanh ),Khuynh Bích Du Nhiên,"Nguyên sang , Ngôn tình , Cổ đại , Cận đại , Hiện đại , Tương lai , HE , Tình cảm , Xuyên việt , Xuyên nhanh , Xuyên thư , Cung đình hầu tước , Pháo hôi , Kim bài đề cử 🥇 , Ngược tra , Nghịch tập , Thế thân",Hoàn thành,972785,5536,137,1442,https://wikicv.net/truyen/phao-hoi-muoi-muoi-nhan-sinh-xuyen-nhanh-XvQI7lS4CCqv%7EB_t
Xuyên nhanh: Vai ác quá sủng quá liêu nhân,Thái Sử Anh,"Nguyên sang , Ngôn tình , Cổ đại , Hiện đại , HE , Tình cảm , Khoa học viễn tưởng , Huyền huyễn , Xuyên việt , Ngọt văn , Xuyên nhanh , 1v1",Hoàn thành,967875,5340,139,1522,https://wikicv.net/truyen/xuyen-nhanh-vai-ac-qua-sung-qua-lieu-nha-YkMQwlS4CByLIGTH
Bá đạo quỷ phu đừng triền ta,Hứa Noãn Noãn,"Nguyên sang , Ngôn tình , Hiện đại , HE , Tình cảm , Kinh dị , Huyền huyễn , Dị năng , Thần tiên yêu quái , Cẩu huyết , Cưới trước yêu sau , Hài hước , Đô thị tình duyên , Linh dị thần quái , Cường thủ hào đoạt , Vả mặt , 1v1",Hoàn thành,966733,77,7,79,https://wikicv.net/truyen/ba-dao-quy-phu-dung-trien-ta-Wj5_Cu8h7E0HE2Kx
"Tổng tài, ly hôn đi!",Mễ Lạp Bạch,"Nguyên sang , Ngôn tình , Hiện đại , HE , Tình cảm , Ngọt văn , Hào môn thế gia , Cẩu huyết , Ngược văn , Đô thị tình duyên",Hoàn thành,966686,227,15,112,https://wikicv.net/truyen/tong-tai-ly-hon-di-WN0Ms%7E8h7DnpQ_3T
"Không gian tồn trăm tỷ vật tư, mẹ kế mang nhãi con đi chạy nạn",Mễ Hoa Hoa,"Nguyên sang , Ngôn tình , Cổ đại , HE , Tình cảm , Làm ruộng , Tùy thân không gian , Làm giàu , Hoan hỉ oan gia , Vả mặt , Song xuyên , Thị giác nữ chủ , Manh bảo , Dưỡng oa",Hoàn thành,964374,3251,58,734,https://wikicv.net/truyen/khong-gian-ton-tram-ty-vat-tu-me-ke-mang-Ylk0VFS4CHL2jjzT
70 chi xuyên thành nam chủ hắn tẩu tử,Đào Hoa Lộ,"Nguyên sang , Ngôn tình , Hiện đại , HE , Tình cảm , Làm ruộng , Hệ thống , Xuyên thư , Y thuật , Sảng văn , Ngược tra , 1v1 , Thị giác nữ chủ",Hoàn thành,963661,1893,101,641,https://wikicv.net/truyen/70-chi-xuyen-thanh-nam-chu-han-tau-tu-XSZSNVS4CBSrFArv
Cực Phẩm Manh Nương Thật Uy Vũ,Tề Thành Côn,"Nguyên sang , Ngôn tình , Hiện đại , HE , Tình cảm , Ngược văn , Đô thị tình duyên",Hoàn thành,963079,28,27,29,https://wikicv.net/truyen/cuc-pham-manh-nuong-that-uy-vu-WO7ivu8h7HUBzAWk
Bá ái thành nghiện: Mục tổng giá trên trời tiểu tân nương,Nịnh Mông Vị Đích Miêu,"Nguyên sang , Ngôn tình , Hiện đại , HE , Tình cảm , Hào môn thế gia , Ngược văn , Đô thị tình duyên",Hoàn thành,960534,268,2,0,https://wikicv.net/truyen/ba-ai-thanh-nghien-muc-tong-gia-tren-tro-Xua_ZFS4CGEZilAf
Trọng sinh 70 niên đại tiểu quân tẩu,Ly Thược,"Nguyên sang , Ngôn tình , Cận đại , Hiện đại , HE , Tình cảm , Ngọt văn , Trọng sinh , Song khiết 🕊️ , Làm giàu , Quân văn , Đô thị tình duyên , Duyên trời tác hợp , Ngược tra",Hoàn thành,958560,255,5,53,https://wikicv.net/truyen/trong-sinh-70-nien-dai-tieu-quan-tau-WdXRuu8h7B1N0deP
Ta liền tưởng cọ ngươi khí vận / Sau khi ta bị bệnh nan y bọn họ đều hối tiếc không kịp,Minh Quế Tái Tửu,"Nguyên sang , Ngôn tình , Hiện đại , HE , Tình cảm , Ngọt văn , Trọng sinh , Hệ thống , Song khiết 🕊️ , Hào môn thế gia , Nữ phụ , Vườn trường , Nhẹ nhàng , Kim bài đề cử 🥇 , Kim Bảng 🏆 , Ngược tra , Vả mặt , 1v1 , Thị giác nữ chủ , Học bá , Thật giả thiên kim , Chữa lành",Hoàn thành,957286,6967,887,3549,https://wikicv.net/truyen/ta-lien-tuong-co-nguoi-khi-van-sau-khi-t-X2Lg8lS4CCTxl9sP
Yêu đế liêu nhân: Nghịch thiên tà phi quá kiêu ngạo,Công Tử An Gia,"Nguyên sang , Ngôn tình , Cổ đại , HE , Tình cảm , Huyền huyễn , Báo thù , Dị thế , Sảng văn , Bình bộ thanh vân , Duyên trời tác hợp , Nữ cường , Tương ái tương sát , Nghịch tập , 1v1",Hoàn thành,956874,3329,18,583,https://wikicv.net/truyen/yeu-de-lieu-nhan-nghich-thien-ta-phi-qua-WwDZD%7E8h7E_eLeBx
Này đầu gối ta nhận lấy!,Giang Sơn Thương Lan,"Nguyên sang , Ngôn tình , Tương lai , HE , Tình cảm , Song khiết 🕊️ , Cường cường , Sảng văn , Nữ cường , Vả mặt , 1v1 , Thị giác nữ chủ",Hoàn thành,955004,16557,1312,5767,https://wikicv.net/truyen/nay-dau-goi-ta-nhan-lay-Xu1pv1S4CBfCw8eH
Trọng sinh 60 niên đại có không gian,Ngu Nhân Mỹ,"Nguyên sang , Ngôn tình , Cận đại , HE , Tình cảm , Trọng sinh , Tùy thân không gian",Hoàn thành,953476,2397,6,52,https://wikicv.net/truyen/trong-sinh-60-nien-dai-co-khong-gian-XaFrs1S4CF2_hMIE
"Kim bài ngọt thê, tổng tài sủng hôn 1314",Vân Khởi Mạc Ly,"Nguyên sang , Ngôn tình , Hiện đại , HE , Tình cảm , Sinh con , Hào môn thế gia , Đô thị tình duyên",Hoàn thành,952996,64,6,30,https://wikicv.net/truyen/kim-bai-ngot-the-tong-tai-sung-hon-1314-WYB6M%7E8h7D8s56YZ
Làm ruộng khiến người làm giàu,Nghiên Nghiên Hạ Nhật,"Nguyên sang , Ngôn tình , Cổ đại , HE , Tình cảm , Làm ruộng , Xuyên việt , Tùy thân không gian , Làm giàu , Sảng văn , Cận thủy lâu đài , Trâu già gặm cỏ non , Kim bài đề cử 🥇 , 1v1 , Thị giác nữ chủ",Hoàn thành,952443,1313,61,177,https://wikicv.net/truyen/lam-ruong-khien-nguoi-lam-giau-Wq0QR%7E8h7BiB0UQe
Ta chính là như thế kiều hoa,Nguyệt Hạ Vô Mỹ Nhân,"Nguyên sang , Ngôn tình , Cổ đại , HE , Tình cảm , Ngọt văn , Trọng sinh , Hào môn thế gia , Giả heo ăn hổ",Hoàn thành,951791,3713,64,451,https://wikicv.net/truyen/ta-chinh-la-nhu-the-kieu-hoa-WPWJau8h7E3R9s6N
Nữ xứng không muốn chết [ xuyên nhanh ],Hoãn Quy Hĩ,"Nguyên sang , Ngôn tình , Cổ đại , Hiện đại , OE , Tình cảm , Báo thù , Xuyên việt , Xuyên nhanh , Nữ phụ , Sảng văn , Kim bài đề cử 🥇 , Ngược tra , Vả mặt , Thị giác nữ chủ",Hoàn thành,951708,9204,617,2992,https://wikicv.net/truyen/nu-xung-khong-muon-chet-xuyen-nhanh-XBCkBVS4CFMBWH16
Thanh xuyên chi kiều dưỡng hoàng phi,Y Y Lan Hề,"Nguyên sang , Ngôn tình , Cổ đại , HE , Tình cảm , Xuyên việt , Tùy thân không gian , Cung đấu , Trạch đấu , Đại Thanh , Lịch sử , Cung đình hầu tước",Hoàn thành,951560,522,9,160,https://wikicv.net/truyen/thanh-xuyen-chi-kieu-duong-hoang-phi-XaM0VVS4CAn1JgM5
Chúng ta một nhà đều là vai ác,Hàm Ngư Lão Nhân,"Nguyên sang , Ngôn tình , Hiện đại , HE , Tình cảm , Ngọt văn , Song khiết 🕊️ , Xuyên thư , Hào môn thế gia , Thi đấu cạnh kỹ , Nữ phụ , Vườn trường , Cường cường , Thanh mai trúc mã , Phản phái xuyên việt , Nhẹ nhàng , Đô thị tình duyên , Ấm áp , Pháo hôi , Nữ cường , Ngược tra , Vả mặt , 1v1 , Mary Sue , Thị giác nữ chủ , Học bá , Xuyên về thế giới cũ , Chữa lành , Cường giả trở về",Hoàn thành,951276,6087,262,1705,https://wikicv.net/truyen/chung-ta-mot-nha-deu-la-vai-ac-XlHnq1S4CFefoqYH
Nam chủ hôm nay cũng không tra [ xuyên nhanh ],Nguyệt Thượng Vô Trần,"Nguyên sang , Ngôn tình , Cổ đại , Cận đại , Hiện đại , Tương lai , HE , Tình cảm , Hệ thống , Xuyên nhanh , Hào môn thế gia , Nữ phụ , Vườn trường , Cường cường , Vị diện , Cung đình hầu tước , Sảng văn , Giang hồ ân oán , Kiếp trước kiếp này , Đô thị tình duyên , Pháo hôi , Nữ cường , Ngược tra , Linh dị thần quái , Tương ái tương sát , Nghịch tập , Vả mặt , 1v1 , Giả heo ăn hổ , Thị giác nữ chủ",Hoàn thành,950821,8705,861,3275,https://wikicv.net/truyen/nam-chu-hom-nay-cung-khong-tra-xuyen-nha-XrNnhVS4CHTFIEjd
Cao môn chủ mẫu xuyên thành hào môn nữ phụ,Cố Tranh,"Nguyên sang , Ngôn tình , Hiện đại , HE , Tình cảm , Xuyên việt , Xuyên thư , Cổ xuyên kim , Hào môn thế gia , Nữ phụ , Sảng văn , Kim bài đề cử 🥇 , Ngược tra , Nghịch tập , Vả mặt , 1v1 , Mary Sue",Hoàn thành,949271,3547,237,1183,https://wikicv.net/truyen/cao-mon-chu-mau-xuyen-thanh-hao-mon-nu-p-Xjwm3VS4CAktB4gU
Nông gia quả phụ dưỡng oa nhi hằng ngày,Giáp Ất,"Nguyên sang , Ngôn tình , Cổ đại , HE , Tình cảm , Làm ruộng , Xuyên việt , Làm giàu , Ngược tra , 1v1 , Thị giác nữ chủ",Hoàn thành,949062,2313,14,327,https://wikicv.net/truyen/nong-gia-qua-phu-duong-oa-nhi-hang-ngay-X6z5m1S4CH64IUFl
Trưởng tỷ như mẹ kế [ 60 ],Lâm Quả Đống,"Nguyên sang , Ngôn tình , Hiện đại , HE , Tình cảm , Làm ruộng , Hệ thống , Song khiết 🕊️ , Xuyên thư , Mỹ thực , Làm giàu , Sảng văn , Ấm áp , 1v1 , Thị giác nữ chủ , Bình dân sinh hoạt , Xuyên thành vai chính",Hoàn thành,946963,2103,113,499,https://wikicv.net/truyen/truong-ty-nhu-me-ke-60-Xtrnj1S4CC4E5tBx
Quỷ y cuồng phượng: Ngốc vương tuyệt sủng lính đánh thuê phi,Sướng Nhiên,"Nguyên sang , Ngôn tình , Cổ đại , HE , Tình cảm , Xuyên việt , Sảng văn",Hoàn thành,945829,607,2,389,https://wikicv.net/truyen/quy-y-cuong-phuong-ngoc-vuong-tuyet-sung-WXAppO8h7C8Y4IHL
Hạ tịch oản lục hàn đình,Lưu Li Tuyết Tuyết,"Nguyên sang , Ngôn tình , Hiện đại , HE , Tình cảm , Y thuật , 1v1 , Thị giác nữ chủ",Hoàn thành,944919,9,2,13,https://wikicv.net/truyen/ha-tich-oan-luc-han-dinh-X6_BHVS4CBBLl5cZ
Mệnh đính ước duyên: Dạ vương sủng thê cuồng,Công Tử Mộ Lý,"Nguyên sang , Ngôn tình , Cổ đại , HE , Tình cảm , Dị thế , Xuyên việt , Ngọt văn , Tùy thân không gian , Trạch đấu , Cường cường , Thăng cấp lưu , Cung đình hầu tước , Nhẹ nhàng , Thiên chi kiêu tử , Nữ cường , 1v1 , Giả heo ăn hổ",Hoàn thành,944217,148,21,91,https://wikicv.net/truyen/menh-dinh-uoc-duyen-da-vuong-sung-the-cu-Wi12Nu8h7G6e9IWN
Một ngộ tổng thống định chung thân,Minh Châu Hoàn,"Nguyên sang , Ngôn tình , Hiện đại , HE , Tình cảm , Ngọt văn , Trọng sinh , Hào môn thế gia , Đô thị tình duyên , Ấm áp , Ngược tra",Tạm ngưng,939269,0,7,1,https://wikicv.net/truyen/mot-ngo-tong-thong-dinh-chung-than-W3UP4FS4CEbu23sE
Mau xuyên: Nữ xứng thủ tục,Đồ Đại Đại,"Nguyên sang , Ngôn tình , Cổ đại , Cận đại , Hiện đại , Tương lai , HE , Tình cảm , Khoa học viễn tưởng , Báo thù , Xuyên việt , Hệ thống , Xuyên nhanh , Xuyên thư , Nữ phụ , Hài hước , Pháo hôi , Người qua đường , Phản phái trọng sinh , Nữ cường , Ngược tra",Hoàn thành,937015,2508,49,234,https://wikicv.net/truyen/mau-xuyen-nu-xung-thu-tuc-WS4kSe8h7EeS2iUG
Trọng sinh chi bộ đội đặc chủng phu nhân,Tĩnh Dạ Vi Lương,"Nguyên sang , Ngôn tình , Hiện đại , HE , Tình cảm , Kinh thương , Báo thù , Ngọt văn , Trọng sinh , Làm giàu , Hào môn thế gia , Cẩu huyết , Ngược văn , Cưới trước yêu sau , Sảng văn , Hài hước , Đô thị tình duyên , Thiên chi kiêu tử , Duyên trời tác hợp , Nữ cường , Ngược tra , Vả mặt , 1v1",Hoàn thành,936735,417,5,246,https://wikicv.net/truyen/trong-sinh-chi-bo-doi-dac-chung-phu-nhan-WhLPgO8h7GhLh80T
Xuyên qua tiêu dao đích nữ,Xuân Quang Mãn Viên,"Nguyên sang , Ngôn tình , Cổ đại , HE , Tình cảm , Xuyên việt , Cung đình hầu tước , Nữ cường",Hoàn thành,935989,9088,32,1000,https://wikicv.net/truyen/xuyen-qua-tieu-dao-dich-nu-Xreat1S4CAqB1xD9
Ta mang vô hạn vật tư không gian xuyên 70 niên đại,Tiểu Bất Phàm,"Nguyên sang , Ngôn tình , Hiện đại , HE , Tình cảm , Làm ruộng , Xuyên việt , Tùy thân không gian , Trạch đấu , Thị giác nữ chủ , Niên đại văn",Hoàn thành,935106,956,21,127,https://wikicv.net/truyen/ta-mang-vo-han-vat-tu-khong-gian-xuyen-7-YsniyPTaEHp0O7Bn
Giá trên trời sủng thê: Tổng tài phu nhân mơ tưởng trốn,Bạch Trà,"Nguyên sang , Ngôn tình , Hiện đại , HE , Tình cảm , Hào môn thế gia , Đô thị tình duyên",Hoàn thành,934199,7,11,4,https://wikicv.net/truyen/gia-tren-troi-sung-the-tong-tai-phu-nhan-Wqt6E%7E8h7Hc5dl01
Mạt thế nữ chủ khó làm,Tạp Ngư Thang,"Nguyên sang , Ngôn tình , Hiện đại , HE , Tình cảm , Mạt thế , Tu chân , Dị năng , Ngọt văn , Tùy thân không gian , Xuyên thư , Sinh con , Cường cường",Hoàn thành,928352,1919,58,196,https://wikicv.net/truyen/mat-the-nu-chu-kho-lam-WGz3f3CVfGPnZhhj
Trọng sinh chi bắt quỷ thiên sư,Lưu Huỳnh Chúc Ảnh,"Nguyên sang , Ngôn tình , Hiện đại , HE , Tình cảm , Khoa học viễn tưởng , Huyền học , Ngọt văn , Trọng sinh , Phong thủy , Hào môn thế gia , Cường cường , Duyên trời tác hợp , 1v1",Hoàn thành,928315,1381,49,232,https://wikicv.net/truyen/trong-sinh-chi-bat-quy-thien-su-W6Mmt1S4CH0L5n5n
Nhà ta muội muội siêu cấp ngọt,Tuyết Trung Tống Thang,"Nguyên sang , Ngôn tình , Hiện đại , HE , Tình cảm , Ngọt văn , Hào môn thế gia , Vườn trường , Nhẹ nhàng , Đô thị tình duyên , Nữ cường , Thị giác nữ chủ",Chưa xác minh,928132,4053,31,696,https://wikicv.net/truyen/nha-ta-muoi-muoi-sieu-cap-ngot-Xlzz6lS4CAoYXLVf
Quý nữ gian thương,Niên Hoa,"Nguyên sang , Ngôn tình , Cổ đại , HE , Tình cảm , Mạt thế , Làm ruộng , Dị thế , Xuyên việt , Dị năng , Ngọt văn , Trọng sinh , Làm giàu , Cung đình hầu tước",Hoàn thành,926655,1686,46,250,https://wikicv.net/truyen/quy-nu-gian-thuong-WI8CNXCVfAyu05H_
"Manh thê khó hống, thủ tịch sủng hôn ngọt ngào",Tô Tiểu Đường,"Nguyên sang , Ngôn tình , Hiện đại , HE , Tình cảm , Ngọt văn , Hào môn thế gia , Cẩu huyết , Đô thị tình duyên , Duyên trời tác hợp , 1v1",Hoàn thành,925464,14,5,4,https://wikicv.net/truyen/manh-the-kho-hong-thu-tich-sung-hon-ngot-WtAz8u8h7EiGUGiz
Uy! Ký chủ! Kêu ngươi sinh con không kêu ngươi công lược,Miêu Tình Thạch,"Nguyên sang , Ngôn tình , Cổ đại , Hiện đại , Tương lai , HE , OE , Tình cảm , Võ hiệp , Tiên hiệp , Khoa học viễn tưởng , Huyền huyễn , Võng du , Ngọt văn , Hệ thống , Xuyên nhanh , Sinh con , Tinh tế , Hào môn thế gia , Nữ phụ , Vườn trường , NP , Nhẹ nhàng , Tây huyễn , Đô thị tình duyên , Ấm áp , Người qua đường , Phương Tây , Xuyên thành vai ác , Ngược tra , Vả mặt , 1v1 , Mary Sue , Thị giác nữ chủ , Manh bảo",Hoàn thành,924468,10222,111,2322,https://wikicv.net/truyen/uy-ky-chu-keu-nguoi-sinh-con-khong-keu-n-ZfpaIlS4CBmkrQnk
"Thản nhiên điền cư: Hãn thê, có thịt ăn",Tửu Hữu Độc,"Nguyên sang , Ngôn tình , Cổ đại , HE , Tình cảm , Làm ruộng , Xuyên việt , Ngọt văn",Hoàn thành,924459,2868,11,142,https://wikicv.net/truyen/than-nhien-dien-cu-han-the-co-thit-an-WLZMLHCVfGgqSGNn
,Vị Tây Quy,,Đang cập nhật,0,0,0,0,https://wikicv.net/truyen/bieu-dien-khoa-hom-nay-cung-muon-cung-tr-YI%7E7j1S4CH3Kenp3
Mật ái 100 phân: Bất lương tiên thê có điểm ngọt,Quỳ Tỉnh -font>,"Nguyên sang , Ngôn tình , Hiện đại , HE , Tình cảm , Trọng sinh , Thế giới song song",Hoàn thành,923415,982,39,150,https://wikicv.net/truyen/mat-ai-100-phan-bat-luong-tien-the-co-di-Waq1Ge8h7C0twhc_
Ta khai thật không phải hắc điếm,Thôi Kinh Thước,"Nguyên sang , Ngôn tình , Cổ đại , HE , Tình cảm , Võ hiệp , Xuyên việt , Hệ thống , Song khiết 🕊️ , Làm giàu , Sảng văn , Kim bài đề cử 🥇 , 1v1 , Thị giác nữ chủ",Hoàn thành,922755,11836,198,2467,https://wikicv.net/truyen/ta-khai-that-khong-phai-hac-diem-Y5MTY1S4CFVhd7PJ
,Đào Hoa Lộ,,Đang cập nhật,0,0,0,0,https://wikicv.net/truyen/70-chi-han-phu-duong-gia-XEtNAUbIjm2KBO96
Hắc hoá nữ xứng ba tuổi rưỡi,Cẩm Chanh,"Nguyên sang , Ngôn tình , Hiện đại , HE , Tình cảm , Hệ thống , Xuyên thư , Kim bài đề cử 🥇",Hoàn thành,921653,9196,820,3789,https://wikicv.net/truyen/hac-hoa-nu-xung-ba-tuoi-ruoi-XkZGBlS4CA_yNQls
Tra nam tẩy trắng sổ tay [ Xuyên nhanh ],Đường Trung Miêu,"Nguyên sang , Ngôn tình , Cổ đại , Cận đại , Hiện đại , HE , Tình cảm , Ngọt văn , Hệ thống , Xuyên nhanh , Sảng văn , Ấm áp , Kim bài đề cử 🥇 , Ngân bài đề cử 🥈 , Kim Bảng 🏆 , Thị giác nam chủ , Chữa lành",Hoàn thành,921254,6071,222,1606,https://wikicv.net/truyen/tra-nam-tay-trang-so-tay-xuyen-nhanh-WwOe2u8h7Df5Jcnk
Cẩm tú điền viên: Linh tuyền nông nữ làm ruộng vội,Phong Nhiễm Hạ Lương,"Nguyên sang , Ngôn tình , Cổ đại , HE , Tình cảm , Xuyên việt , Tùy thân không gian",Hoàn thành,920499,1413,19,9,https://wikicv.net/truyen/cam-tu-dien-vien-linh-tuyen-nong-nu-lam--W6mcPlS4CHNmd7PB
,Đả Tự Cơ N Hào,,Đang cập nhật,0,0,0,0,https://wikicv.net/truyen/nu-phu-xuyen-nhanh-XMGx9FS4CBc5il8S
Là mẹ kế không phải tỷ tỷ [ 70 ],Tùng Thử Túy Ngư,"Nguyên sang , Ngôn tình , Hiện đại , HE , Tình cảm , Làm ruộng , Xuyên việt , Ngọt văn , Mỹ thực , Cưới trước yêu sau , Cận thủy lâu đài , Phản phái trọng sinh , Kim bài đề cử 🥇 , Kim Bảng 🏆 , 1v1 , Thị giác nữ chủ , Bình dân sinh hoạt , Niên đại văn",Hoàn thành,917585,3087,149,894,https://wikicv.net/truyen/la-me-ke-khong-phai-ty-ty-70-YA7fIVS4CFbRKCDK
"Trọng sinh quốc dân nam thần: Tước gia, cầu sủng ái!",Ô Hồ,"Nguyên sang , Ngôn tình , Hiện đại , HE , Tình cảm , Huyền huyễn , Xuyên việt , Dị năng , Ngọt văn , Song khiết 🕊️ , Làm giàu , Cẩu huyết , Giới giải trí , Vườn trường , Cường cường , Sảng văn , Kiếp trước kiếp này , Cải trang giả dạng , Nữ cường , Ngược tra , Tương ái tương sát , 1v1 , Song xuyên",Hoàn thành,915888,875,14,136,https://wikicv.net/truyen/trong-sinh-quoc-dan-nam-than-tuoc-gia-ca-Wd4aBu8h7GpdSRB3
Tu tiên nữ xứng mưu trường sinh,Dương Lý Đào Đào,"Nguyên sang , Ngôn tình , Cổ đại , HE , Tình cảm , Tiên hiệp , Huyền huyễn , Tu chân , Tùy thân không gian , Xuyên thư , Nữ phụ , Kim bài đề cử 🥇 , Kim Bảng 🏆 , Nghịch tập , 1v1 , Thị giác nữ chủ",Hoàn thành,915709,7828,260,2854,https://wikicv.net/truyen/tu-tien-nu-xung-muu-truong-sinh-ZU%7E%7E_fTaEBgs5p7C
"Mau xuyên: Nam thần, từ ta đi!",Hướng Vi Huân,"Nguyên sang , Ngôn tình , Cổ đại , Hiện đại , HE , Tình cảm , Khoa học viễn tưởng , Huyền huyễn , Ngọt văn , Hệ thống , Xuyên nhanh , Xuyên thư , Nữ cường",Hoàn thành,915647,2603,99,622,https://wikicv.net/truyen/mau-xuyen-nam-than-tu-ta-di-WPOPDe8h7E3XOAIR
"Xuyên nhanh vai ác: Hắc hóa nam thần, cường thế sủng",Yến Cửu Ly,"Nguyên sang , Ngôn tình , Cổ đại , Hiện đại , HE , Tình cảm , Khoa học viễn tưởng , Mạt thế , Huyền huyễn , Tu chân , Ngọt văn , Hệ thống , Xuyên nhanh , Hào môn thế gia , Giới giải trí , Cung đình hầu tước , Đô thị tình duyên , Cải trang giả dạng , Ngược tra , Sư đồ , Linh dị thần quái , Nghịch tập , Vả mặt , 1v1 , Huynh muội , Tỷ đệ",Tạm ngưng,913946,2437,58,389,https://wikicv.net/truyen/xuyen-nhanh-vai-ac-hac-hoa-nam-than-cuon-W7tyMFS4CE8Jsnox
Xuyên thành nữ nhi nô đại lão vợ trước,Hồng Cần Tô Tửu,"Nguyên sang , Ngôn tình , Hiện đại , HE , Tình cảm , Xuyên việt , Ngọt văn , Kiếp trước kiếp này , Kim bài đề cử 🥇 , Kim Bảng 🏆 , Thị giác nữ chủ , Niên đại văn",Hoàn thành,913404,6723,464,2870,https://wikicv.net/truyen/xuyen-thanh-nu-nhi-no-dai-lao-vo-truoc-Ysd7%7EVS4CGUFutta
Thập niên 70 chi quân tẩu đến từ cổ đại,Lam Thiên Lam Lam,"Nguyên sang , Ngôn tình , Hiện đại , HE , Tình cảm , Xuyên việt , Cổ xuyên kim , Làm giàu , Quân văn , Kim bài đề cử 🥇",Hoàn thành,912737,798,33,231,https://wikicv.net/truyen/thap-nien-70-chi-quan-tau-den-tu-co-dai-WPquRO8h7FfZigpL
Xuyên thành vợ cũ của nam phụ [ xuyên thư ],Bất Tài Như Phó,"Nguyên sang , Ngôn tình , Hiện đại , HE , Tình cảm , Khoa học viễn tưởng , Xuyên việt , Ngọt văn , Xuyên thư , Hào môn thế gia , Nữ phụ , Cưới trước yêu sau , Sảng văn , Hài hước , Kim bài đề cử 🥇 , Kim Bảng 🏆 , Vả mặt , 1v1",Hoàn thành,912204,2990,269,1014,https://wikicv.net/truyen/xuyen-thanh-vo-cu-cua-nam-phu-xuyen-thu-XAwbr1S4CHRbn2hZ
Xuyên nhanh: Vưu vật xuyên thành vạn người ngại công cụ người nữ xứng,Chước Thanh,"Nguyên sang , Ngôn tình , Cổ đại , Hiện đại , HE , Tình cảm , Hệ thống , Xuyên nhanh , Cẩu huyết , Nữ phụ , Mary Sue , Thị giác nữ chủ , Vạn nhân mê",Hoàn thành,910270,13782,117,3314,https://wikicv.net/truyen/xuyen-nhanh-vuu-vat-xuyen-thanh-van-nguo-ZUDs6lS4CBXYUnJU
Ở mau xuyên thế giới làm NPC nhật tử,Muội Chỉ Ái Cật Nhục,"Nguyên sang , Ngôn tình , Hiện đại , OE , Tình cảm , Xuyên việt , Xuyên nhanh",Hoàn thành,909912,12946,413,1742,https://wikicv.net/truyen/o-mau-xuyen-the-gioi-lam-npc-nhat-tu-XcN1JFS4CAJVeonU
Đào hôn nữ xứng không chạy nữa,Mỹ Nhân Vô Sương,"Nguyên sang , Ngôn tình , Hiện đại , HE , Tình cảm , Ngọt văn , Hệ thống , Xuyên thư , Hào môn thế gia , Nữ phụ , Cưới trước yêu sau , Sảng văn , Nhẹ nhàng , Ấm áp , Kim bài đề cử 🥇 , Kim Bảng 🏆 , 1v1 , Thị giác nữ chủ , Chữa lành",Hoàn thành,908908,6033,333,2238,https://wikicv.net/truyen/dao-hon-nu-xung-khong-chay-nua-X_Jc3lS4CE6lLCau
Phế tài tiểu thư: Phúc hắc Tà Vương nghịch thiên phi,Diệp Khinh Khinh,"Nguyên sang , Ngôn tình , Cổ đại , HE , Tình cảm , Huyền huyễn , Trọng sinh , Cường cường , Thăng cấp lưu , Kiếp trước kiếp này , Thiên chi kiêu tử , Duyên trời tác hợp , Nữ cường , Ngược tra",Hoàn thành,905434,107,8,49,https://wikicv.net/truyen/phe-tai-tieu-thu-phuc-hac-ta-vuong-nghic-WSy6fe8h7HZlZmrv
Tu tiên đừng xem diễn,Đạp Ca Hành Nhân Vị Đình,"Nguyên sang , Ngôn tình , Cổ đại , HE , Tình cảm , Tiên hiệp , Huyền huyễn , Tu chân , Xuyên việt , Tùy thân không gian , Nữ phụ , 1v1 , Thị giác nữ chủ",Tạm ngưng,904164,17733,282,3882,https://wikicv.net/truyen/tu-tien-dung-xem-dien-XKzNGlS4CBVGMlgw
Ta cùng vai ác sống nương tựa lẫn nhau [ Xuyên nhanh ],Hồ Đồ,"Nguyên sang , Ngôn tình , Cổ đại , Hiện đại , HE , Tình cảm , Võ hiệp , Tiên hiệp , Mạt thế , Dị thế , Tu chân , Xuyên việt , Ngọt văn , Hệ thống , Thần tiên yêu quái , Xuyên nhanh , Sảng văn , Nhẹ nhàng , Thanh thủy văn , Ấm áp , Người qua đường , Linh dị thần quái , 1v1 , Thị giác nữ chủ , Chữa lành",Hoàn thành,903325,6850,322,2030,https://wikicv.net/truyen/ta-cung-vai-ac-song-nuong-tua-lan-nhau-x-XGvbDFS4CE0J4C7U
80 quân tẩu là thần y,Mễ Thố,"Nguyên sang , Ngôn tình , Hiện đại , HE , Tình cảm , Làm ruộng , Xuyên việt",Hoàn thành,902635,395,8,73,https://wikicv.net/truyen/80-quan-tau-la-than-y-WaDPXu8h7G_vlG1r
Sinh tồn [ mạt thế ],Lục Ý,"Nguyên sang , Ngôn tình , Hiện đại , HE , Tình cảm , Mạt thế , Sinh tồn , Hệ thống , Xuyên nhanh , Kim bài đề cử 🥇 , Ngân bài đề cử 🥈 , 1v1 , Thị giác nam chủ",Hoàn thành,902268,8887,507,2386,https://wikicv.net/truyen/sinh-ton-mat-the-W4OprVS4CBapdOkZ
Thiên tài nhi tử phúc hắc mẫu thân,Bắc Đằng,"Nguyên sang , Ngôn tình , Cổ đại , HE , Tình cảm , Huyền huyễn , Báo thù , Dị thế , Tu chân , Xuyên việt , Ngọt văn , Song khiết 🕊️ , Làm giàu , Hào môn thế gia , Cường cường , Hoan hỉ oan gia , Y thuật , Cung đình hầu tước , Sảng văn , Nhiều CP , Hài hước , Nữ cường , Ngược tra , Vả mặt , 1v1 , Thị giác nữ chủ",Hoàn thành,902050,465,55,48,https://wikicv.net/truyen/thien-tai-nhi-tu-phuc-hac-mau-than-WBX5SXCVfEtXJ0uC
Xuyên thư: 60 đại viện dưỡng oa ký / Trọng tổ gia đình dưỡng oa hằng ngày [60],La Tử Phùng,"Nguyên sang , Ngôn tình , Hiện đại , HE , Tình cảm , Làm ruộng , Ngọt văn , Trọng sinh , Xuyên thư , Đô thị tình duyên , Pháo hôi , Duyên trời tác hợp , 1v1 , Thị giác nữ chủ , Manh bảo , Dưỡng oa , Niên đại văn",Hoàn thành,901130,2446,191,934,https://wikicv.net/truyen/xuyen-thu-60-dai-vien-duong-oa-ky-trong--Yee9N1S4CHauW96H
Tà Vương cầu sủng: Độc y triệu hoán sư / Thiên mệnh vi phi,Phiến Cốt Mộc,"Nguyên sang , Ngôn tình , Cổ đại , HE , Tình cảm , Huyền huyễn , Ngọt văn , Y thuật , Cung đình hầu tước , Triệu hoán lưu",Hoàn thành,900388,836,14,191,https://wikicv.net/truyen/ta-vuong-cau-sung-doc-y-trieu-hoan-su-th-WmBFAe8h7EZuYJh4
Bạo quân cha đoàn sủng tiểu kiều bao,Bạch Đào Điềm Chúc,"Nguyên sang , Ngôn tình , Cổ đại , OE , Tình cảm , Huyền huyễn , Tu chân , Thần tiên yêu quái , Hào môn thế gia , Cung đình hầu tước , Thị giác nữ chủ , Cẩm lý thể chất , Đoàn sủng",Hoàn thành,899815,5924,19,228,https://wikicv.net/truyen/bao-quan-cha-doan-sung-tieu-kieu-bao-YK0zKlS4CGmcYwaS
"Đêm khuya triền tình: Quỷ phu, quá liêu nhân ( tổng tài quỷ phu, đừng sủng ta )",Đào Khả Khả,"Nguyên sang , Ngôn tình , Hiện đại , HE , Tình cảm , Ngọt văn , Thần tiên yêu quái , Hào môn thế gia , Đô thị tình duyên , Duyên trời tác hợp , Ngược tra",Chưa xác minh,899374,12,2,9,https://wikicv.net/truyen/dem-khuya-trien-tinh-quy-phu-qua-lieu-nh-XFqTMVS4CDK1r7zh
Tà Đế quấn thân: Bạo sủng thần y cuồng phi,Dạ Cửu Thần,"Nguyên sang , Ngôn tình , Cổ đại , HE , Tình cảm , Báo thù , Cường cường , Duyên trời tác hợp , Nữ cường , Sư đồ , 1v1",Tạm ngưng,899134,1577,15,149,https://wikicv.net/truyen/ta-de-quan-than-bao-sung-than-y-cuong-ph-WTtYku8h7AsXNAvg
Thực cốt sủng ái: BOSS quá hung mãnh,Diệp Vi Thư,"Nguyên sang , Ngôn tình , Hiện đại , HE , Tình cảm , Ngọt văn , Hào môn thế gia , Ngược văn",Hoàn thành,898443,8,8,2,https://wikicv.net/truyen/thuc-cot-sung-ai-boss-qua-hung-manh-WQH6Oe8h7EnD5FfC
"Mau xuyên liêu tâm: BOSS, đứng lại!",Tiếu Ý Viêm Viêm,"Nguyên sang , Ngôn tình , Cổ đại , Hiện đại , HE , Tình cảm , Khoa học viễn tưởng , Huyền huyễn , Ngọt văn , Hệ thống , Song khiết 🕊️ , Xuyên nhanh , Nữ phụ",Hoàn thành,895851,1965,23,658,https://wikicv.net/truyen/mau-xuyen-lieu-tam-boss-dung-lai-WZW6pe8h7Eay5rRb
"Đại ma vương, tiểu cuồng phi!",Mặc Trọng Liên,"Nguyên sang , Ngôn tình , Cổ đại , HE , Tình cảm , Xuyên việt , Ngọt văn , Song khiết 🕊️ , Hào môn thế gia , Cường cường , Y thuật , Cung đình hầu tước , Sảng văn , Kiếp trước kiếp này , Cải trang giả dạng , Nữ cường , Ngược tra , 1v1",Hoàn thành,895613,906,16,309,https://wikicv.net/truyen/dai-ma-vuong-tieu-cuong-phi-W39yrlS4CBg5tI98
Trọng sinh chi chí tôn thiên kim,Nhất Lộ Phiền Hoa,"Nguyên sang , Ngôn tình , Hiện đại , HE , Tình cảm , Báo thù , Ngọt văn , Trọng sinh , Hệ thống , Hào môn thế gia , Cẩu huyết , Cường cường , Thăng cấp lưu , Sảng văn , Đô thị tình duyên , Nữ cường , Ngược tra , Nghịch tập , Vả mặt , 1v1 , Thị giác nữ chủ",Hoàn thành,892955,781,0,122,https://wikicv.net/truyen/trong-sinh-chi-chi-ton-thien-kim-Xzfd%7EVS4CFrXb7lb
Phi thường kiêu ngạo: Độc y đại tiểu thư,Ngân Bình,"Nguyên sang , Ngôn tình , Cổ đại , HE , Tình cảm , Xuyên việt , Ngọt văn",Hoàn thành,889524,200,9,166,https://wikicv.net/truyen/phi-thuong-kieu-ngao-doc-y-dai-tieu-thu-WXrNB%7E8h7CC49zxk
"Bạch phú mỹ xuyên thành làm tinh thanh niên trí thức, mang không gian túm bạo",Lục Thời Thất,"Nguyên sang , Ngôn tình , Hiện đại , HE , Tình cảm , Làm ruộng , Xuyên việt , Ngọt văn , Tùy thân không gian , Sảng văn , Nữ cường , Ngược tra , Niên đại văn",Chưa xác minh,889351,4435,251,669,https://wikicv.net/truyen/bach-phu-my-xuyen-thanh-lam-tinh-thanh-n-ZGC0dFS4CDOhhBLG
Không gian tu tiên: Trọng sinh nghịch tập tiểu bé gái mồ côi,Quá Nhãn Vân Yên Phong Linh,"Nguyên sang , Ngôn tình , Hiện đại , HE , Tình cảm , Tiên hiệp , Huyền huyễn , Tu chân , Trọng sinh",Hoàn thành,889234,6879,41,1449,https://wikicv.net/truyen/khong-gian-tu-tien-trong-sinh-nghich-tap-YNQeLlS4CBkOEk5V
Nông gia tử làm giàu khoa cử lộ,Cửu Thiên Phi Lưu,"Nguyên sang , Ngôn tình , Cổ đại , HE , Tình cảm , Quan trường , Làm sự nghiệp , Xuyên việt , Tùy thân không gian , Nữ biến nam , Cung đình hầu tước , Bình bộ thanh vân , 1v1 , Thị giác nam chủ , Bình dân sinh hoạt , Khoa cử , Giả tưởng lịch sử",Hoàn thành,888685,3442,38,375,https://wikicv.net/truyen/nong-gia-tu-lam-giau-khoa-cu-lo-Wu6y%7Eu8h7Bqvw3vf
70 chi kiều mẹ kế cùng lãnh trượng phu,Lưu Yên La,"Nguyên sang , Ngôn tình , Hiện đại , HE , Tình cảm , Ngọt văn , Xuyên thư , Nhẹ nhàng , Đô thị tình duyên , Xuyên thành vai ác , 1v1 , Thị giác nữ chủ , Dưỡng oa , Niên đại văn",Hoàn thành,883081,3411,46,407,https://wikicv.net/truyen/70-chi-kieu-me-ke-cung-lanh-truong-phu-Y44b71S4CHa4xmEy
Lấy đích vi quý,Mộc Doanh,"Nguyên sang , Ngôn tình , Cổ đại , HE , Tình cảm , Báo thù , Ngọt văn , Trọng sinh , Hào môn thế gia , Cung đấu , Trạch đấu , Cung đình hầu tước , Ngược tra , Vả mặt",Hoàn thành,883031,476,7,47,https://wikicv.net/truyen/lay-dich-vi-quy-WSzvDu8h7EgqgI%7E9
Hệ thống trọng sinh: Quốc dân nam thần,Tử Cửu,"Nguyên sang , Ngôn tình , Hiện đại , HE , Tình cảm , Khoa học viễn tưởng , Huyền huyễn , Xuyên việt , Ngọt văn , Song khiết 🕊️ , Làm giàu , Hào môn thế gia , Giới giải trí , Vườn trường , Cường cường , Sảng văn , Đô thị tình duyên , Cải trang giả dạng , Thiên chi kiêu tử , Duyên trời tác hợp , Tiểu bạch văn , Lôi , Nữ cường , Vả mặt , 1v1 , Mary Sue",Hoàn thành,882799,3295,100,713,https://wikicv.net/truyen/he-thong-trong-sinh-quoc-dan-nam-than-Wd7_0%7E8h7C_Oqk95
Nữ chủ công lược: Nghiền áp pháo hôi N loại phương thức,Tứ Nguyệt Phương Phi,"Nguyên sang , Ngôn tình , Cổ đại , Hiện đại , Tương lai , HE , Tình cảm , Khoa học viễn tưởng , Huyền huyễn , Ngọt văn , Hệ thống , Song khiết 🕊️ , Xuyên nhanh , Vị diện , Ngược tra , Nghịch tập",Hoàn thành,879415,653,54,407,https://wikicv.net/truyen/nu-chu-cong-luoc-nghien-ap-phao-hoi-n-lo-WRbaKu8h7BA7hQvb
"Mau xuyên nữ xứng: Quốc dân nữ thần, soái tạc thiên!",Miêu Mao Nho,"Nguyên sang , Ngôn tình , Cổ đại , Hiện đại , HE , Tình cảm , Ngọt văn , Hệ thống , Song khiết 🕊️ , Xuyên nhanh , 1v1",Hoàn thành,879283,9790,232,2201,https://wikicv.net/truyen/mau-xuyen-nu-xung-quoc-dan-nu-than-soai--XKOLKFS4CCRoJBa9
Tiệm cơm chiên hạnh phúc [ cổ xuyên kim ],Tô Hương Lan Sắc,"Nguyên sang , Ngôn tình , Hiện đại , HE , Tình cảm , Cổ xuyên kim , Mỹ thực , Nhẹ nhàng , Kim bài đề cử 🥇 , 1v1 , Thị giác nữ chủ",Hoàn thành,878571,6404,132,2020,https://wikicv.net/truyen/tiem-com-chien-hanh-phuc-co-xuyen-kim-XoFZ5VS4CDveoNBm
70 niên đại nhị hôn thê,Châu Thị,"Nguyên sang , Ngôn tình , Hiện đại , HE , Tình cảm , Làm ruộng , Xuyên việt , Kim bài đề cử 🥇 , Niên đại văn",Hoàn thành,878262,851,66,136,https://wikicv.net/truyen/70-nien-dai-nhi-hon-the-XZ7fR1S4CDyWKeYi
Xuyên qua tùy thân không gian chi phượng lưu ly,Hào Mụ,"Nguyên sang , Ngôn tình , Cổ đại , HE , Tình cảm , Làm ruộng , Huyền huyễn , Xuyên việt , Ngọt văn , Song khiết 🕊️ , Tùy thân không gian , Làm giàu , Trạch đấu , Duyên trời tác hợp , Ngược tra",Hoàn thành,877922,205,8,38,https://wikicv.net/truyen/xuyen-qua-tuy-than-khong-gian-chi-phuong-WdJtKe8h7GDFDri0
,Tiếu Giai Nhân,,Đang cập nhật,0,0,0,0,https://wikicv.net/truyen/trong-sinh-chi-phu-nhan-Ye4_f1S4CASBHy2f
,Li Yển,,Đang cập nhật,0,0,0,0,https://wikicv.net/truyen/60-trong-to-gia-dinh-X4JmP1S4CEegqjv_
Vu nữ thời không lữ hành,Đạn Kiếm Thính Thiền,"Diễn sinh , Ngôn tình , Cổ đại , Cận đại , Hiện đại , Tương lai , HE , Tình cảm , Tiên hiệp , Khoa học viễn tưởng , Huyền huyễn , Huyền học , Tu chân , Ma pháp , Dị năng , Thần tiên yêu quái , Song khiết 🕊️ , Xuyên nhanh , Nữ biến nam , Hồng Lâu , Hào môn thế gia , Giới giải trí , Vườn trường , Lịch sử , Cung đình hầu tước , Sảng văn , Giang hồ ân oán , Đô thị tình duyên , Tam giáo cửu lưu , Thiên chi kiêu tử , Pháo hôi , Người qua đường , Linh dị thần quái , Học bá , Thật giả thiên kim , Bảng Phong Thần , Cao nhân lưu , Chức nghiệp tinh anh , Nha hoàn , Ngôi thứ hai",Hoàn thành,875207,6275,64,734,https://wikicv.net/truyen/vu-nu-thoi-khong-lu-hanh-XVVIPlS4CF7eerAt
Mỗi đêm đều ở đại lão trong mộng,Bổn Cung Vi Bàn,"Nguyên sang , Ngôn tình , Hiện đại , HE , Tình cảm , Hệ thống , Xuyên nhanh , Xuyên thư , Hào môn thế gia , Giả heo ăn hổ",Hoàn thành,872116,6975,420,1343,https://wikicv.net/truyen/moi-dem-deu-o-dai-lao-trong-mong-Xpkqo1S4CEEHO8HB
"80 xinh đẹp mẹ kế, gả cái xưởng trưởng dưỡng nhãi con",Hoắc Bắc Sơn,"Nguyên sang , Ngôn tình , Hiện đại , HE , Tình cảm , Trọng sinh , Xuyên thư , Cưới trước yêu sau , 1v1 , Thị giác nữ chủ , Niên đại văn",Hoàn thành,871068,4588,70,769,https://wikicv.net/truyen/80-xinh-dep-me-ke-ga-cai-xuong-truong-du-ZR6xAFS4CDWUExNY
Hoang hải có long nữ,Ai Lam,"Nguyên sang , Ngôn tình , Cổ đại , Hiện đại , Tương lai , HE , Tình cảm , Huyền huyễn , Xuyên nhanh , Hào môn thế gia , Cung đình hầu tước , Sảng văn , Kim bài đề cử 🥇 , Kim Bảng 🏆 , Nữ cường",Hoàn thành,870968,10216,325,3355,https://wikicv.net/truyen/hoang-hai-co-long-nu-WhDDR%7E8h7CVPfwSg
Xuyên thư: Niên đại văn nam xứng cực phẩm vợ trước trọng sinh,Thủy Tinh Phỉ Thúy Nhục,"Nguyên sang , Ngôn tình , Hiện đại , HE , Tình cảm , Làm ruộng , Ngọt văn , Xuyên thư , Nữ phụ , Đô thị tình duyên , Thị giác nữ chủ , Dưỡng oa , Niên đại văn",Hoàn thành,870472,1771,60,428,https://wikicv.net/truyen/xuyen-thu-nien-dai-van-nam-xung-cuc-pham-YZ_wEVS4CBTsM%7ELI
Chủ Thần xuyên nhanh: Hắc hóa nam thần sủng sủng sủng,Vân Tam Tam,"Nguyên sang , Ngôn tình , Cổ đại , Hiện đại , HE , Tình cảm , Khoa học viễn tưởng , Huyền huyễn , Ngọt văn , Hệ thống , Song khiết 🕊️ , Xuyên nhanh , Ngược tra , 1v1",Hoàn thành,868374,3059,89,776,https://wikicv.net/truyen/chu-than-xuyen-nhanh-hac-hoa-nam-than-su-Weby0e8h7H4Z4aSq
Tang thi không tu tiên,Thải Hồng Ngư,"Nguyên sang , Ngôn tình , Cổ đại , HE , Tình cảm , Tiên hiệp , Tu chân , Xuyên việt , Sảng văn , Nữ cường , Vả mặt , Thị giác nữ chủ , Tg lai xuyên cổ đại",Hoàn thành,865007,3942,62,1489,https://wikicv.net/truyen/tang-thi-khong-tu-tien-WV2tVu8h7CTkhJRr
Xuyên qua sau bị bắt đăng cơ / Xuyên qua sau bị bắt đương hoàng đế,Ngã Ái Cật Sơn Trúc,"Nguyên sang , Ngôn tình , Cổ đại , HE , Tình cảm , Xuyên việt , Cung đấu , Cung đình hầu tước , Thị giác nam chủ , Đế vương",Hoàn thành,864500,10809,184,1938,https://wikicv.net/truyen/xuyen-qua-sau-bi-bat-dang-co-xuyen-qua-s-Yb_pBVS4CC%7EdHMXb
Phế tài cuồng phi: Tu La đích tiểu thư,Sướng Nhiên,"Nguyên sang , Ngôn tình , Cổ đại , HE , Tình cảm , Xuyên việt , Cường cường , Sảng văn , Tương ái tương sát , 1v1 , Giả heo ăn hổ",Hoàn thành,864431,17,5,11,https://wikicv.net/truyen/phe-tai-cuong-phi-tu-la-dich-tieu-thu-WzICb%7E8h7FrZJjtv
Xuyên qua hảo làm ruộng,Trúc Li Thanh Trà,"Nguyên sang , Ngôn tình , Cổ đại , HE , Tình cảm , Làm ruộng , Huyền huyễn , Xuyên việt , Ngọt văn , Song khiết 🕊️ , Tùy thân không gian , Cung đình hầu tước , Nhẹ nhàng , Duyên trời tác hợp",Hoàn thành,862937,749,28,78,https://wikicv.net/truyen/xuyen-qua-hao-lam-ruong-WdSOEu8h7G3g9aKC
Xuyên nhanh: Cực phẩm nữ thần toàn mỹ nị!,Đế Cửu Di,"Nguyên sang , Ngôn tình , Cổ đại , Hiện đại , HE , Tình cảm , Khoa học viễn tưởng , Hệ thống , Xuyên nhanh , 1v1",Hoàn thành,861479,4125,115,404,https://wikicv.net/truyen/xuyen-nhanh-cuc-pham-nu-than-toan-my-ni-XECqyVS4CHN110f2
Tổng tài tân hôn tội thê,Thu Sanh,"Nguyên sang , Ngôn tình , Hiện đại , HE , Tình cảm , Báo thù , Hào môn thế gia , Cẩu huyết , Ngược văn",Hoàn thành,860657,9,4,5,https://wikicv.net/truyen/tong-tai-tan-hon-toi-the-X2XkklS4CGrkWYcm
Cổ đại khuê tú ở 70,Niên Đại,"Nguyên sang , Ngôn tình , Cận đại , Hiện đại , HE , Tình cảm , Trọng sinh , Song khiết 🕊️ , Cổ xuyên kim , Làm giàu , Cưới trước yêu sau , Kim bài đề cử 🥇 , 1v1 , Thị giác nữ chủ , Bình dân sinh hoạt",Hoàn thành,860491,1206,37,250,https://wikicv.net/truyen/co-dai-khue-tu-o-70-XL1361S4CHTJckWK
Trọng sinh quân doanh chi vương bài quân hôn,Trực Thượng Thanh Vân,"Nguyên sang , Ngôn tình , Hiện đại , HE , Tình cảm , Ngọt văn , Trọng sinh , Quân văn",Tạm ngưng,859512,1705,16,132,https://wikicv.net/truyen/trong-sinh-quan-doanh-chi-vuong-bai-quan-WJq4KnCVfHbpKxui
Xuyên nhanh: Khí khóc! Nam chủ lại lại lại băng cốt truyện,Điềm Điềm Tây Qua,"Nguyên sang , Ngôn tình , Cổ đại , Hiện đại , HE , Tình cảm , Ngọt văn , Hệ thống , Song khiết 🕊️ , Xuyên nhanh , Nữ phụ , Duyên trời tác hợp , Nghịch tập , Vả mặt , 1v1 , Thị giác nữ chủ , Bạch nguyệt quang",Còn tiếp,858344,11269,516,3930,https://wikicv.net/truyen/xuyen-nhanh-khi-khoc-nam-chu-lai-lai-lai-ZSa8dVS4CDDbJJah
Liêu thần [ xuyên nhanh ],Vụ Thỉ Dực,"Nguyên sang , Ngôn tình , Cổ đại , Cận đại , Hiện đại , HE , Tình cảm , Tiên hiệp , Huyền huyễn , Tu chân , Xuyên việt , Ngọt văn , Song khiết 🕊️ , Xuyên nhanh , Cường cường , Phản phái xuyên việt , Sảng văn , Duyên trời tác hợp , Kim bài đề cử 🥇 , Nữ cường , Linh dị thần quái , 1v1",Hoàn thành,858150,4608,219,2479,https://wikicv.net/truyen/lieu-than-xuyen-nhanh-WOt2vO8h7AJ6o%7EaN
"Pháo hôi quá khinh cuồng: Đế tôn, không ước/Pháo hôi nàng trọng sinh.",Đỗ Liễu Liễu,"Nguyên sang , Ngôn tình , Cổ đại , HE , Tình cảm , Báo thù , Trọng sinh , Sảng văn , Pháo hôi , 1v1 , Thị giác nữ chủ",Hoàn thành,857142,2558,77,569,https://wikicv.net/truyen/phao-hoi-qua-khinh-cuong-de-ton-khong-uo-WOIpo%7E8h7Hpk2rV6
Trọng sinh nông môn tiểu phúc thê,Phong Thập Lí,"Nguyên sang , Ngôn tình , Cổ đại , HE , Tình cảm , Làm ruộng , Xuyên việt , Ngọt văn , Song khiết 🕊️ , Mỹ thực , Làm giàu , Cường cường , Y thuật , Nữ cường , 1v1",Hoàn thành,857116,4112,72,308,https://wikicv.net/truyen/trong-sinh-nong-mon-tieu-phuc-the-XxFIKlS4CHdYOb7M
Thập niên 60 hảo gia đình,Đào Hoa Lộ,"Nguyên sang , Ngôn tình , Cận đại , HE , Tình cảm , Làm ruộng , Xuyên việt , Ngọt văn , Tùy thân không gian , Làm giàu , Cường cường , Sảng văn , Kim bài đề cử 🥇 , Nữ cường , 1v1 , Song xuyên",Hoàn thành,856851,1797,56,494,https://wikicv.net/truyen/thap-nien-60-hao-gia-dinh-WhLcwe8h7GhLh80l
Mạt thế chi trở về nạn đói,Nãi Nhiên,"Nguyên sang , Ngôn tình , Hiện đại , Tương lai , HE , Tình cảm , Khoa học viễn tưởng , Mạt thế , Dị năng , Ngọt văn , Trọng sinh , Song khiết 🕊️ , Tùy thân không gian , Cường cường , Sảng văn , Kiếp trước kiếp này , Duyên trời tác hợp , Nữ cường , 1v1 , Thị giác nữ chủ",Hoàn thành,855649,1699,56,354,https://wikicv.net/truyen/mat-the-chi-tro-ve-nan-doi-XZyVf1S4CG9KGWA1
Tà phượng nghịch thiên,Băng Y Khả Khả,"Nguyên sang , Ngôn tình , Cổ đại , HE , Tình cảm , Võ hiệp , Huyền huyễn , Dị thế , Tu chân , Ngọt văn , Song khiết 🕊️ , Tùy thân không gian , Cường cường , Thăng cấp lưu , Sảng văn , Nhẹ nhàng , Thanh thủy văn , Cải trang giả dạng , Duyên trời tác hợp , Nữ cường , Ngược tra , Nghịch tập , Vả mặt , 1v1 , Giả heo ăn hổ",Hoàn thành,855448,220,31,192,https://wikicv.net/truyen/ta-phuong-nghich-thien-WuFmmO8h7H8TKc7S
"Trọng sinh cẩm lý, ta mang hàng tỉ vật tư nghịch tập 60",Thất Nguyệt Thỏ,"Nguyên sang , Ngôn tình , Hiện đại , HE , Tình cảm , Làm ruộng , Ngọt văn , Trọng sinh , Tùy thân không gian , Trạch đấu , 1v1 , Song trọng sinh , Thị giác nữ chủ , Niên đại văn",Hoàn thành,853174,1933,33,361,https://wikicv.net/truyen/trong-sinh-cam-ly-ta-mang-hang-ti-vat-tu-YgXNWTu2625x3y3b
"Dựng thê 1V1: Nóng vội lão công, muốn nhị thai",Công Tử Như Tuyết,"Nguyên sang , Ngôn tình , Hiện đại , HE , Tình cảm , Ngọt văn , Nhẹ nhàng , Ấm áp , 1v1",Hoàn thành,852201,110,1,15,https://wikicv.net/truyen/dung-the-1v1-nong-voi-lao-cong-muon-nhi--WPIv8u8h7AHezZdQ
Phế tài ăn chơi trác táng chi phúc hắc tà phi,Thất Nguyệt Điềm,"Nguyên sang , Ngôn tình , Cổ đại , HE , Tình cảm , Huyền huyễn , Dị thế , Tu chân , Xuyên việt , Song khiết 🕊️ , Cường cường , Cải trang giả dạng",Hoàn thành,851364,222,18,54,https://wikicv.net/truyen/phe-tai-an-choi-trac-tang-chi-phuc-hac-t-WCshwHCVfGh2gVWm
Cổ đại sơn cư làm ruộng dưỡng oa hằng ngày,Tùy Vân Khê,"Nguyên sang , Ngôn tình , Cổ đại , HE , Tình cảm , Làm ruộng , Xuyên việt , Cưới trước yêu sau , Kim bài đề cử 🥇 , Kim Bảng 🏆 , Nữ cường , 1v1 , Thị giác nữ chủ , Bình dân sinh hoạt , Dưỡng oa",Hoàn thành,850693,4073,150,846,https://wikicv.net/truyen/co-dai-son-cu-lam-ruong-duong-oa-hang-ng-ZdtwI1S4CAjSvn1O
Mạt thế không gian chi trọng sinh sẽ càng tốt,Du Du Tế Thủy,"Nguyên sang , Ngôn tình , Hiện đại , HE , Tình cảm , Mạt thế , Báo thù , Dị năng , Trọng sinh , Tùy thân không gian",Hoàn thành,850344,234,16,64,https://wikicv.net/truyen/mat-the-khong-gian-chi-trong-sinh-se-can-WJAmOTu26ymxX90w
Ăn chơi trác táng nhạc phi: Chí tôn quỷ đế bá sủng thê,Mạch Yên,"Nguyên sang , Ngôn tình , Cổ đại , HE , Tình cảm , Xuyên việt",Hoàn thành,848628,308,17,660,https://wikicv.net/truyen/an-choi-trac-tang-nhac-phi-chi-ton-quy-d-Wgrqv%7E8h7FPu86Br
Trọng sinh chi danh lưu thương nữ,Lộng Địch,"Nguyên sang , Ngôn tình , Hiện đại , HE , Tình cảm , Kinh thương , Dị năng , Trọng sinh , Làm giàu , Cường cường",Hoàn thành,848572,1584,33,204,https://wikicv.net/truyen/trong-sinh-chi-danh-luu-thuong-nu-WN93tO8h7Ae0u2_2
Xuyên qua thú thế: Thú nhân lão công sủng lên trời,Lệ Chí Điều,"Nguyên sang , Ngôn tình , Cổ đại , HE , Tình cảm , Dị thế , Xuyên việt , Ngọt văn , Thú nhân , NP , Nguyên thủy",Tạm ngưng,846650,573,18,116,https://wikicv.net/truyen/xuyen-qua-thu-the-thu-nhan-lao-cong-sung-Wj6JoO8h7E0HE2LT
Thần y quý nữ: Thịnh thế bảy hoàng phi,Lâu Tinh Ngâm,"Nguyên sang , Ngôn tình , Cổ đại , HE , Tình cảm , Báo thù , Xuyên việt , Tùy thân không gian , Hào môn thế gia , Y thuật",Hoàn thành,846342,129,0,162,https://wikicv.net/truyen/than-y-quy-nu-thinh-the-bay-hoang-phi-WNZo0%7E8h7CH_s%7E1K
Chớ quấy rầy phi thăng,Nguyệt Hạ Điệp Ảnh,"Nguyên sang , Ngôn tình , Cổ đại , HE , Tình cảm , Tiên hiệp , Tu chân , Ngọt văn , Song khiết 🕊️ , Sảng văn , Nhẹ nhàng , Thiên chi kiêu tử , Ấm áp , Kim bài đề cử 🥇",Hoàn thành,841568,4215,284,2018,https://wikicv.net/truyen/cho-quay-ray-phi-thang-WlNhBu8h7Hy7JOmU
Nông Nữ Đương Đạo,Tử Tuyết Ngưng Yên,"Nguyên sang , Ngôn tình , Cổ đại , HE , Tình cảm , Làm ruộng , Xuyên việt , Ngọt văn , Làm giàu , Cung đấu , Trạch đấu , Cung đình hầu tước , Nữ cường , Ngược tra",Hoàn thành,841141,200,14,33,https://wikicv.net/truyen/nong-nu-duong-dao-WNWSq%7E8h7B8ojY2e
Mau xuyên ký chủ nàng lại mềm lại ngọt,Hải Vị Vị,"Nguyên sang , Ngôn tình , Hiện đại , HE , Tình cảm , Tiên hiệp , Khoa học viễn tưởng , Huyền huyễn , Ngọt văn , Hệ thống , Song khiết 🕊️ , Xuyên nhanh , 1v1 , Thị giác nữ chủ",Hoàn thành,840274,6786,81,1359,https://wikicv.net/truyen/mau-xuyen-ky-chu-nang-lai-mem-lai-ngot-XjLlF1S4CBl9NOHg
Thịnh sủng thứ phi,Ngưng Vọng Đích Thương Tang Nhãn Mâu,"Nguyên sang , Ngôn tình , Cổ đại , HE , Tình cảm , Tranh bá , Báo thù , Dị thế , Xuyên việt , Ngọt văn , Trọng sinh , Song khiết 🕊️ , Hào môn thế gia , Cung đấu , Trạch đấu , Cường cường , Hoan hỉ oan gia , Cung đình hầu tước , Sảng văn , Hài hước , Ấm áp , Duyên trời tác hợp , Nữ cường , Ngược tra , Nghịch tập , Vả mặt , 1v1 , Giả heo ăn hổ",Hoàn thành,840147,208,24,72,https://wikicv.net/truyen/thinh-sung-thu-phi-Witjdu8h7HC5TMFq
Đích gả thiên kim,Thiên Sơn Trà Khách,"Nguyên sang , Ngôn tình , Cổ đại , HE , Tình cảm , Trọng sinh , Hào môn thế gia",Hoàn thành,839512,1524,226,324,https://wikicv.net/truyen/dich-ga-thien-kim-WTl4oO8h7FT5vVXT
Trọng sinh thương nữ: Diệu thủ không gian săn quân thiếu,Nhất Vũ Khinh Cuồng,"Nguyên sang , Ngôn tình , Hiện đại , HE , Tình cảm , Trọng sinh , Tùy thân không gian , Làm giàu",Hoàn thành,838897,598,10,91,https://wikicv.net/truyen/trong-sinh-thuong-nu-dieu-thu-khong-gian-WTZ9qu8h7Cp5nugS
Đoán mệnh đại sư là học bá/ Thuật số cao nhân là học bá,Tín Dụng Tạp,"Nguyên sang , Ngôn tình , Cận đại , Hiện đại , HE , Tình cảm , Huyền huyễn , Huyền học , Xuyên việt , Song khiết 🕊️ , Phong thủy , Làm giàu , Sảng văn , Hài hước , Đô thị tình duyên , Kim bài đề cử 🥇 , Ngân bài đề cử 🥈 , Linh dị thần quái , 1v1 , Thị giác nữ chủ , Học bá , Chậm nhiệt",Hoàn thành,835308,4734,217,1549,https://wikicv.net/truyen/doan-menh-dai-su-la-hoc-ba-thuat-so-cao--XHp38lS4CCdQMm0F
Ta làm mẹ kế cho chồng trước,Cửu Nguyệt Lưu Hỏa,"Nguyên sang , Ngôn tình , Cổ đại , HE , Tình cảm , Trọng sinh , Nữ phụ , Trạch đấu , Niên thượng , Cung đình hầu tước , Duyên trời tác hợp , Trâu già gặm cỏ non , Kim bài đề cử 🥇 , Ngược tra , 1v1 , Thị giác nữ chủ",Hoàn thành,835295,1765,122,473,https://wikicv.net/truyen/ta-lam-me-ke-cho-chong-truoc-XCBWOVS4CBbvfxEV
Phượng Hồi Sào,Tầm Trảo Thất Lạc Đích Ái Tình,"Nguyên sang , Ngôn tình , Cổ đại , HE , Tình cảm , Trọng sinh , Hào môn thế gia , Cung đình hầu tước",Hoàn thành,833329,163,31,311,https://wikicv.net/truyen/phuong-hoi-sao-WG8rQnCVfEYdDEEg
Trọng sinh tiếu quân tẩu,Mộng Duyên Hồ Ngôn,"Nguyên sang , Ngôn tình , Cận đại , Hiện đại , HE , Tình cảm , Làm ruộng , Tu chân , Ngọt văn , Tùy thân không gian , Làm giàu , Y thuật , Duyên trời tác hợp , Ngược tra , Linh dị thần quái , Nghịch tập , 1v1 , Thị giác nữ chủ",Hoàn thành,833123,785,15,25,https://wikicv.net/truyen/trong-sinh-tieu-quan-tau-XAicUlS4CHiNhXXF
Không gian thần y: Trọng sinh mạnh nhất nữ vương,Long Cửu Nguyệt,"Nguyên sang , Ngôn tình , Hiện đại , HE , Tình cảm , Tu chân , Trọng sinh , Tùy thân không gian",Hoàn thành,831076,384,12,56,https://wikicv.net/truyen/khong-gian-than-y-trong-sinh-manh-nhat-n-WenScu8h7DALBzqf
Xuyên qua chi tế thủy trường lưu,Hủy Miêu Tinh Thải,"Nguyên sang , Ngôn tình , Cổ đại , HE , Tình cảm , Làm ruộng , Xuyên việt , Song khiết 🕊️ , Thanh mai trúc mã , Cưới trước yêu sau , Kim bài đề cử 🥇 , Ngân bài đề cử 🥈 , Kim Bảng 🏆 , 1v1 , Thị giác nữ chủ , Bình dân sinh hoạt",Hoàn thành,830718,4795,183,1536,https://wikicv.net/truyen/xuyen-qua-chi-te-thuy-truong-luu-XKQ5e1S4CBBAGpl0
Mau xuyên: Nữ phụ bẻ ra cũng là đen,Thập Tam Thanh,"Nguyên sang , Ngôn tình , Cổ đại , Hiện đại , HE , OE , Tình cảm , Khoa học viễn tưởng , Huyền huyễn , Xuyên việt , Hệ thống , Xuyên nhanh , Tinh tế , Kiếp trước kiếp này , Duyên trời tác hợp",Hoàn thành,827738,3526,44,894,https://wikicv.net/truyen/mau-xuyen-nu-phu-be-ra-cung-la-den-WPfWTO8h7Bo9l4jW
"Tướng quân, phu nhân kêu ngươi làm ruộng",Thiên Phương Phương,"Nguyên sang , Ngôn tình , Cổ đại , HE , Tình cảm , Làm ruộng , Trọng sinh , Hào môn thế gia , Cung đình hầu tước , Nữ cường , Thị giác nữ chủ",Hoàn thành,827636,3554,85,254,https://wikicv.net/truyen/tuong-quan-phu-nhan-keu-nguoi-lam-ruong-YjJqB1S4CAfhgG7B
Tiểu yêu tinh [ xuyên nhanh ],Cố Tranh,"Nguyên sang , Ngôn tình , Cổ đại , Cận đại , Hiện đại , HE , Tình cảm , Mạt thế , Xuyên việt , Ngọt văn , Hệ thống , Xuyên nhanh , Xuyên thư , Hào môn thế gia , Giới giải trí , Dân quốc , Sảng văn , Nhẹ nhàng , Đô thị tình duyên , Kim bài đề cử 🥇 , Vả mặt , 1v1 , Thị giác nữ chủ",Hoàn thành,827068,6103,227,1832,https://wikicv.net/truyen/tieu-yeu-tinh-xuyen-nhanh-XBznj0bIjh8AaGlW
"Tiên thê hảo ngọt ngào: Lão công, đừng quá hư",Diệp Kiều Mộc,"Nguyên sang , Ngôn tình , Hiện đại , HE , Tình cảm , Ngọt văn , Hào môn thế gia , Đô thị tình duyên",Hoàn thành,826356,21,3,7,https://wikicv.net/truyen/tien-the-hao-ngot-ngao-lao-cong-dung-qua-WU5lle8h7Dx9Q3AZ
Xuyên thành vai ác tỷ tỷ của nam chính,Chấp Đăng Dạ Hành,"Nguyên sang , Ngôn tình , Hiện đại , HE , Tình cảm , Ngọt văn , Trọng sinh , Song khiết 🕊️ , Xuyên thư , Hào môn thế gia , Nữ phụ , Giới giải trí , Sảng văn , Đô thị tình duyên , Duyên trời tác hợp , Xuyên thành vai ác , Vả mặt , 1v1 , Thị giác nữ chủ",Hoàn thành,825772,3393,158,1184,https://wikicv.net/truyen/xuyen-thanh-vai-ac-ty-ty-cua-nam-chinh-W6XcIVS4CGEPwbtR
Điền viên nuông chiều: Thần y xấu tức trong núi hán,Mật Tiểu Đường,"Nguyên sang , Ngôn tình , Cổ đại , HE , Tình cảm , Làm ruộng , Xuyên việt , Ngọt văn , Song khiết 🕊️ , Làm giàu , Cường cường , Sảng văn , Ngược tra",Hoàn thành,825642,30,5,14,https://wikicv.net/truyen/dien-vien-nuong-chieu-than-y-xau-tuc-tro-WLZNEDu260bFIbwB
Mẹ ruột bị nhận về hào môn sau [Xuyên thư],Lăng Độ,"Nguyên sang , Ngôn tình , Hiện đại , HE , Tình cảm , Hệ thống , Song khiết 🕊️ , Xuyên thư , Hào môn thế gia , Nữ phụ , Vườn trường , Sảng văn , Kiếp trước kiếp này , Thiên chi kiêu tử , Pháo hôi , Duyên trời tác hợp , Kim bài đề cử 🥇 , Vả mặt , 1v1 , Thị giác nữ chủ , Học bá",Hoàn thành,825570,5464,403,2285,https://wikicv.net/truyen/me-ruot-bi-nhan-ve-hao-mon-sau-xuyen-thu-XxUCfVS4CEcFG1T4
Điền duyên,Hương Thôn Nguyên Dã,"Nguyên sang , Ngôn tình , Cổ đại , HE , Tình cảm , Làm ruộng , Xuyên việt",Hoàn thành,824731,10,10,8,https://wikicv.net/truyen/dien-duyen-WKqFUnCVfDpmByoi
"Xuyên thành nữ xứng, nhưng là vạn nhân mê",Lan Xuân,"Nguyên sang , Ngôn tình , Cổ đại , Cận đại , Hiện đại , Tương lai , HE , Tình cảm , Võ hiệp , Tiên hiệp , Mạt thế , Làm ruộng , Huyền huyễn , Xây dựng , Làm sự nghiệp , Báo thù , Dị thế , Tu chân , Ma pháp , Dị năng , Ngọt văn , Trọng sinh , Hệ thống , Xuyên nhanh , Tùy thân không gian , Phá án , Làm giàu , Hào môn thế gia , Cẩu huyết , Nữ phụ , Ngược văn , Gương vỡ lại lành , Trạch đấu , Huyết tộc , Giới giải trí , Vườn trường , Cường cường , Dân quốc , Cưới trước yêu sau , Cung đình hầu tước , Khế ước tình nhân , Nhẹ nhàng , Giang hồ ân oán , Hài hước , Tây huyễn , Phát sóng trực tiếp , Đô thị tình duyên , Ấm áp , Pháo hôi , Tiểu bạch văn , Phương Tây , Sư đồ , Cường thủ hào đoạt , Nghịch tập , Vả mặt , 1v1 , Thị giác nữ chủ , Manh sủng , Thế thân , Thật giả thiên kim , Dưỡng oa , Đoàn sủng , Vạn nhân mê , Truyện cổ tích , Điên phê , Phúc hắc , Cá mặn , Ngạo kiều , Cao lãnh chi hoa , Ngốc manh , Si tình , Muộn tao , Bệnh mỹ nhân , Hỏa táng tràng , Tu la tràng , Quyền mưu , Tang thi , Xã khủng , Luyến tổng , Nữ giả nam trang , Trà xanh , Chim hoàng yến , Cấm dục , Trưởng thành , Làm tinh , Phật hệ , Tham ăn , Chức trường , Ác độc , Chủ bá , Phản kịch bản",Hoàn thành,822426,7860,315,2881,https://wikicv.net/truyen/xuyen-thanh-nu-xung-nhung-la-van-nhan-me-ZyX4bPTaECdCMvuv
Trong núi nhân gia,Trúc Li Thanh Trà,"Nguyên sang , Ngôn tình , Cổ đại , HE , Tình cảm , Làm ruộng , Xuyên việt",Hoàn thành,821760,1152,13,52,https://wikicv.net/truyen/trong-nui-nhan-gia-W06iyu8h7HDzJ7Mp
Ma đế bĩ thê: Tuyệt sắc ngự thú sư,Nữ Vương Đồng,"Nguyên sang , Ngôn tình , Cổ đại , HE , Tình cảm , Huyền huyễn , Trọng sinh , Ngự thú",Hoàn thành,820979,369,5,23,https://wikicv.net/truyen/ma-de-bi-the-tuyet-sac-ngu-thu-su-WV8IZe8h7GDdOpLO
Đại lão tâm can xuyên về rồi,Công Tử Như Tuyết,"Nguyên sang , Ngôn tình , Hiện đại , HE , Tình cảm , Hào môn thế gia , Giới giải trí , Phản phái xuyên việt , Đô thị tình duyên",Hoàn thành,820057,612,5,40,https://wikicv.net/truyen/dai-lao-tam-can-xuyen-ve-roi-XjLYl1S4CBl9NOCV
"70 tân hôn đêm, vượng phu tiểu phúc thê lại tiếu lại ngọt",Thất Nguyệt Thỏ,"Nguyên sang , Ngôn tình , Hiện đại , HE , Tình cảm , Làm ruộng , Xuyên việt , Dị năng , Ngọt văn , Tùy thân không gian , Trạch đấu , Cưới trước yêu sau , Sảng văn , Ngược tra , Vả mặt , 1v1 , Thị giác nữ chủ , Học bá , Niên đại văn",Hoàn thành,819923,750,18,116,https://wikicv.net/truyen/70-tan-hon-dem-vuong-phu-tieu-phuc-the-l-Y0LuBjzLcmGp8Rrd
Vương tước tư hữu bảo bối,Vân Đóa,"Nguyên sang , Ngôn tình , Hiện đại , HE , Tình cảm , Tinh tế , Hào môn thế gia , Cẩu huyết , Cung đấu , Cường cường , Cung đình hầu tước , Đô thị tình duyên , Chế phục tình duyên , Cận thủy lâu đài , Nữ cường",Hoàn thành,819242,11,19,6,https://wikicv.net/truyen/vuong-tuoc-tu-huu-bao-boi-WXdsFe8h7EbuCcNj
Trọng sinh niên đại văn bé gái mồ côi có không gian,Lư Hoa Hoa Nha,"Nguyên sang , Ngôn tình , Hiện đại , HE , Tình cảm , Ngọt văn , Trọng sinh , Song khiết 🕊️ , Tùy thân không gian , Đô thị tình duyên , 1v1 , Ngôi thứ nhất",Chưa xác minh,818813,1205,50,86,https://wikicv.net/truyen/trong-sinh-nien-dai-van-be-gai-mo-coi-co-X0loc1S4CFiWj1Z7
Xuyên thành nữ chủ nha hoàn sau ta nằm yên,Tương Nguyệt Khứ,"Nguyên sang , Ngôn tình , Cổ đại , HE , Tình cảm , Tranh bá , Ngọt văn , Song khiết 🕊️ , Xuyên thư , Mỹ thực , Làm giàu , Nữ phụ , Trạch đấu , Cung đình hầu tước , Cận thủy lâu đài , Ấm áp , Duyên trời tác hợp , Kim Bảng 🏆 , 1v1 , Thị giác nữ chủ , Đơn hướng yêu thầm , Chữa lành , Nha hoàn",Hoàn thành,818649,3183,89,1114,https://wikicv.net/truyen/xuyen-thanh-nu-chu-nha-hoan-sau-ta-nam-y-Yu96QVS4CHnKqvoE
Bạch nguyệt quang chia tay hằng ngày,Công Tử Vĩnh An,"Nguyên sang , Ngôn tình , Cổ đại , OE , Tình cảm , Báo thù , Xuyên nhanh , Tinh tế , Nữ phụ , Lính gác dẫn đường , ABO , Sảng văn , Ngược tra , Linh dị thần quái , Vả mặt , Thị giác nữ chủ , Bạch nguyệt quang",Hoàn thành,817479,10778,1126,4442,https://wikicv.net/truyen/bach-nguyet-quang-chia-tay-hang-ngay-XnMY9VS4CE4gPSV6
Tinh tế trọng sinh: Quân thiếu dị năng tiểu cục cưng,Ý Lam,"Nguyên sang , Ngôn tình , Tương lai , HE , Tình cảm , Xuyên việt , Dị năng , Tùy thân không gian , Mỹ thực , Tinh tế",Hoàn thành,816638,1445,21,250,https://wikicv.net/truyen/tinh-te-trong-sinh-quan-thieu-di-nang-ti-W660dVS4CGw2NmyA
Xuyên qua nông gia chi phi chọc Vương gia,Quai Quai Văn Văn,"Nguyên sang , Ngôn tình , Cổ đại , HE , Tình cảm , Làm ruộng , Xuyên việt , Ngọt văn , Song khiết 🕊️ , Làm giàu , Hào môn thế gia , Trạch đấu , Sảng văn , Ấm áp , Nữ cường , Ngược tra , Nghịch tập , Vả mặt , 1v1 , Thị giác nữ chủ",Hoàn thành,816141,681,9,71,https://wikicv.net/truyen/xuyen-qua-nong-gia-chi-phi-choc-vuong-gi-XhvMGVS4CCQFP0AP
Ninh Tiểu Nhàn ngự thần lục,Phong Hành Thủy Vân Gian,"Nguyên sang , Ngôn tình , Cổ đại , HE , Tình cảm , Tiên hiệp , Tu chân , Xuyên việt",Hoàn thành,815774,8515,537,1234,https://wikicv.net/truyen/ninh-tieu-nhan-ngu-than-luc-WCmyxXCVfG0ODPwx
Xuyên nhanh: Ta có nữ chủ quang hoàn,Duy Khách,"Nguyên sang , Ngôn tình , Hiện đại , Tương lai , HE , Tình cảm , Mạt thế , Dị năng , Xuyên nhanh , Hào môn thế gia , Cẩu huyết , Giới giải trí , Sảng văn , Nhẹ nhàng , Đô thị tình duyên , Kim bài đề cử 🥇 , Ngân bài đề cử 🥈 , Mary Sue , Thị giác nữ chủ",Hoàn thành,815746,7971,525,2608,https://wikicv.net/truyen/xuyen-nhanh-ta-co-nu-chu-quang-hoan-W0bocu8h7E5jhpqk
"Chí tôn hắc y: Nghịch thiên cuồng phi, tới một trận chiến",Nhất Thế Phong Lưu,"Nguyên sang , Ngôn tình , Cổ đại , HE , Tình cảm , Tu chân , Xuyên việt , Ngọt văn",Hoàn thành,812816,1051,4,44,https://wikicv.net/truyen/chi-ton-hac-y-nghich-thien-cuong-phi-toi-WXoOJu8h7CC49zm8
Đúng như ái như nước,Bạch Nhàn,"Nguyên sang , Ngôn tình , Hiện đại , HE , Tình cảm , Hào môn thế gia , Đô thị tình duyên",Hoàn thành,812561,11,12,5,https://wikicv.net/truyen/dung-nhu-ai-nhu-nuoc-XJdrWFS4CFYMoC77
Sủng thê tận xương: Thần bí lão công có điểm hư,Giang Lưu Vân,"Nguyên sang , Ngôn tình , Hiện đại , HE , Tình cảm , Sinh con , Hào môn thế gia , Cẩu huyết , Tiểu bạch văn",Chưa xác minh,812424,5,1,5,https://wikicv.net/truyen/sung-the-tan-xuong-than-bi-lao-cong-co-d-XQgK_FS4CGzwIqZs
Khoa học kỹ thuật nữ vương [ Xuyên nhanh ],Lục Lục,"Nguyên sang , Ngôn tình , Cổ đại , Hiện đại , Tương lai , OE , Tình cảm , Khoa học viễn tưởng , Huyền huyễn , Xuyên việt , Hệ thống , Xuyên nhanh , Tinh tế , Nữ phụ , Sảng văn , Bình bộ thanh vân , Kim bài đề cử 🥇 , Nữ cường , Thị giác nữ chủ",Hoàn thành,811562,7831,339,2454,https://wikicv.net/truyen/khoa-hoc-ky-thuat-nu-vuong-xuyen-nhanh-XXSrLFS4CFodB3ZC
Nhất phẩm nông phi,Dạ Vũ Vô Mộng,"Nguyên sang , Ngôn tình , Cổ đại , HE , Tình cảm , Làm ruộng , Xuyên việt , Ngọt văn",Hoàn thành,807162,538,7,23,https://wikicv.net/truyen/nhat-pham-nong-phi-WK_u23CVfCqN_SqS
Xuyên thư: 80 nữ xứng Phật hệ mỹ thực chi lộ,Túy Nhiễm Khinh Ca,"Nguyên sang , Ngôn tình , Hiện đại , HE , Tình cảm , Dị năng , Ngọt văn , Trọng sinh , Xuyên thư , Mỹ thực , Nữ phụ , Pháo hôi , Kim bài đề cử 🥇 , Kim Bảng 🏆 , Vả mặt , 1v1 , Thị giác nữ chủ , Niên đại văn",Hoàn thành,805759,3331,171,912,https://wikicv.net/truyen/xuyen-thu-80-nu-xung-phat-he-my-thuc-chi-XN5vq1S4CHiyam1q
Không gian nông nữ: Bưu hãn cay tức trong núi hán,Tử Tuyết Ngưng Yên,"Nguyên sang , Ngôn tình , Cổ đại , HE , Tình cảm , Làm ruộng , Xuyên việt , Tùy thân không gian , Làm giàu",Hoàn thành,804629,88,4,23,https://wikicv.net/truyen/khong-gian-nong-nu-buu-han-cay-tuc-trong-WlX0au8h7DfTfbzk
"Trọng sinh sơ trung: Học bá nữ thần, siêu cấp lực!",Thanh Hồ Túy,"Nguyên sang , Ngôn tình , Hiện đại , HE , Tình cảm , Báo thù , Ngọt văn , Song khiết 🕊️ , Làm giàu , Hào môn thế gia , Vườn trường , Đô thị tình duyên , Duyên trời tác hợp , Nữ cường , Ngược tra",Hoàn thành,804412,1367,28,73,https://wikicv.net/truyen/trong-sinh-so-trung-hoc-ba-nu-than-sieu--Wbgo4%7E8h7H8vkbm3
Trọng sinh chi quỷ mắt thương nữ,Tần Tam,"Nguyên sang , Ngôn tình , Hiện đại , HE , Tình cảm , Huyền huyễn , Dị năng , Trọng sinh , Đổ thạch , Làm giàu , Sảng văn",Hoàn thành,801428,1200,16,359,https://wikicv.net/truyen/trong-sinh-chi-quy-mat-thuong-nu-WGcVrXCVfBukWpAT
Mỗi cái thế giới tô một lần,Chân Lật Tử,"Nguyên sang , Ngôn tình , Cổ đại , Hiện đại , HE , Tình cảm , Huyền huyễn , Xuyên việt , Hệ thống , Xuyên nhanh , Nữ phụ , Thăng cấp lưu , Sảng văn , Pháo hôi , Kim bài đề cử 🥇 , Nữ cường , Vả mặt",Hoàn thành,801165,5525,431,1837,https://wikicv.net/truyen/moi-cai-the-gioi-to-mot-lan-WBtLtXCVfB7oogMQ
Ta không thành tiên,Thời Kính,"Nguyên sang , Ngôn tình , Cổ đại , OE , Tình cảm , Tiên hiệp , Tu chân , Thiên chi kiêu tử , Kim bài đề cử 🥇 , Nữ cường",Hoàn thành,800606,4475,970,2343,https://wikicv.net/truyen/ta-khong-thanh-tien-V_ZLjXCVfCgZYETS
Cửu trọng tử,Chi Chi,"Nguyên sang , Ngôn tình , Cổ đại , HE , Tình cảm , Trọng sinh , Hào môn thế gia , Trạch đấu",Hoàn thành,800441,3216,131,146,https://wikicv.net/truyen/cuu-trong-tu-WBYhrXCVfFZQJQD4
Tướng môn bỏ nữ: Kéo manh bảo đi chạy nạn,Cẩm Hỏa Hỏa,"Nguyên sang , Ngôn tình , Cổ đại , HE , Tình cảm , Làm ruộng , Xuyên việt , Tùy thân không gian , Làm giàu , Y thuật , Cung đình hầu tước , Sảng văn , Nhẹ nhàng , Thị giác nữ chủ , Dưỡng oa",Hoàn thành,799809,2346,49,458,https://wikicv.net/truyen/tuong-mon-bo-nu-keo-manh-bao-di-chay-nan-YkhT_VS4CARxxs5b
"Mau xuyên: Báo cáo ký chủ, ngài đã bị công lược!",Tiểu Chanh Trấp Nhi,"Nguyên sang , Ngôn tình , Cổ đại , Hiện đại , HE , Tình cảm , Khoa học viễn tưởng , Ngọt văn , Hệ thống , Song khiết 🕊️ , Xuyên nhanh , Cường cường , Xuyên thành vai ác",Hoàn thành,799652,1753,40,256,https://wikicv.net/truyen/mau-xuyen-bao-cao-ky-chu-ngai-da-bi-cong-WRXESO8h7HljCdV2
Người vợ bị bỏ rơi trở về ( trọng sinh ),Hồng Diệp Tự Hỏa,"Nguyên sang , Ngôn tình , Cổ đại , HE , Tình cảm , Báo thù , Trọng sinh , Sảng văn , Kim bài đề cử 🥇 , Ngược tra",Hoàn thành,798247,266,10,64,https://wikicv.net/truyen/nguoi-vo-bi-bo-roi-tro-ve-trong-sinh-WXx8R%7E8h7AGO0wZn
Ta ở hào môn dưỡng nhãi con bàn đại lão [ xuyên thư ],Diêm Cục Đại Long Hà,"Nguyên sang , Ngôn tình , Hiện đại , HE , Tình cảm , Huyền huyễn , Xuyên việt , Ngọt văn , Song khiết 🕊️ , Xuyên thư , Hào môn thế gia , Giới giải trí , Sảng văn , Kim bài đề cử 🥇 , 1v1",Hoàn thành,796182,2568,74,747,https://wikicv.net/truyen/ta-o-hao-mon-duong-nhai-con-ban-dai-lao--XJyd%7ElS4CDBd8WBu
Đại lão về hưu lúc sau,Du Bạo Hương Cô,"Nguyên sang , Ngôn tình , Cổ đại , Hiện đại , HE , Tình cảm , Khoa học viễn tưởng , Huyền huyễn , Xuyên việt , Ngọt văn , Hệ thống , Nhẹ nhàng , Dưỡng thành , Hài hước , Nữ cường , 1v1 , Đế vương",Hoàn thành,795238,18523,296,4481,https://wikicv.net/truyen/dai-lao-ve-huu-luc-sau-XEBH%7ElS4CEbqG2MJ
Xuyên thành niên đại văn ngốc bạch ngọt,Hương Tô Lật,"Nguyên sang , Ngôn tình , Hiện đại , HE , Tình cảm , Ngọt văn , Trọng sinh , Song khiết 🕊️ , Xuyên thư , Làm giàu , Sảng văn , Bình bộ thanh vân , Duyên trời tác hợp , Kim bài đề cử 🥇 , 1v1 , Thị giác nữ chủ , Niên đại văn",Hoàn thành,793829,4201,187,1983,https://wikicv.net/truyen/xuyen-thanh-nien-dai-van-ngoc-bach-ngot-XcjKJFS4CElHN4Ct
80 chi tái giá cách vách lão Vương / 80 chi đổi phu,Nữ Vương Bất Tại Gia,"Nguyên sang , Ngôn tình , Hiện đại , HE , Tình cảm , Ngọt văn , Trọng sinh , Nhẹ nhàng , Kim bài đề cử 🥇 , Niên đại văn",Hoàn thành,793429,1495,101,343,https://wikicv.net/truyen/80-chi-tai-gia-cach-vach-lao-vuong-80-ch-YHP5uFS4CHwR_q3I
Gả cho nam chủ hắn ba ba,Cửu Châu Đại Nhân,"Nguyên sang , Ngôn tình , Hiện đại , HE , Tình cảm , Ngọt văn , Song khiết 🕊️ , Xuyên thư , Sinh con , Hào môn thế gia , Niên thượng , Kim bài đề cử 🥇 , Ngân bài đề cử 🥈 , 1v1",Hoàn thành,793367,1459,113,462,https://wikicv.net/truyen/ga-cho-nam-chu-han-ba-ba-XL_jqWHe7FLL3mJa
Làm ruộng văn chi nữ phụ nhân sinh,Xuân Vị Lục,"Nguyên sang , Ngôn tình , Cổ đại , HE , Tình cảm , Làm ruộng , Xuyên việt , Song khiết 🕊️ , Làm giàu , Trạch đấu , Cưới trước yêu sau , Nhẹ nhàng , Cận thủy lâu đài , Kim bài đề cử 🥇 , Kim Bảng 🏆 , 1v1 , Thị giác nữ chủ , Bình dân sinh hoạt",Hoàn thành,792655,1709,90,643,https://wikicv.net/truyen/lam-ruong-van-chi-nu-phu-nhan-sinh-WH7UknCVfHMmUNnl
💎 Trọng sinh: Hạnh phúc hằng ngày,Tuyết Phượng Hoàng,"Nguyên sang , Ngôn tình , Hiện đại , HE , Tình cảm , Làm ruộng , Ngọt văn , Trọng sinh , Hệ thống , Tùy thân không gian , Sinh con , Làm giàu , Hào môn thế gia , Cẩu huyết , Gương vỡ lại lành , Trạch đấu , Quân văn , Cưới trước yêu sau , Kiếp trước kiếp này , Bình bộ thanh vân , Ấm áp , Duyên trời tác hợp , Ngược tra",Hoàn thành,792497,1508,17,349,https://wikicv.net/truyen/trong-sinh-hanh-phuc-hang-ngay-WA33f3CVfEiIMqY1
Xuyên nhanh: Tra nam chủ sau nữ xứng bị quan khóc,Vương Mộc Mộc A,"Nguyên sang , Ngôn tình , Cổ đại , Hiện đại , HE , Tình cảm , Hệ thống , Xuyên nhanh , Thị giác nữ chủ",Hoàn thành,792211,12816,395,3664,https://wikicv.net/truyen/xuyen-nhanh-tra-nam-chu-sau-nu-xung-bi-q-ZUYMwlS4CEgCZ%7EZA
Xuyên qua 70 hảo thời gian,Nhị Cô Lương,"Nguyên sang , Ngôn tình , Cận đại , Hiện đại , HE , Tình cảm , Làm ruộng , Xuyên việt , Mỹ thực , Làm giàu , Sảng văn",Hoàn thành,790866,564,8,7,https://wikicv.net/truyen/xuyen-qua-70-hao-thoi-gian-WZOmX%7E8h7F5_R_uR
Họa mãn điền viên,Dưỡng Chỉ Miêu Nạo Nhĩ,"Nguyên sang , Ngôn tình , Cổ đại , HE , Tình cảm , Làm ruộng , Xuyên việt , Làm giàu",Hoàn thành,789325,163,9,24,https://wikicv.net/truyen/hoa-man-dien-vien-WGOWqnCVfDIaxouw
Vương bài quân hôn: Trọng sinh chín tám tiếu manh thê,Sướng Nhiên,"Nguyên sang , Ngôn tình , Hiện đại , HE , Tình cảm , Trọng sinh",Hoàn thành,786815,466,4,66,https://wikicv.net/truyen/vuong-bai-quan-hon-trong-sinh-chin-tam-t-Wt10de8h7BTa9Xq8
Xuyên nhanh chi nữ xứng vạn sự tùy tâm,Khứu Đan Tùng,"Nguyên sang , Ngôn tình , Cổ đại , Hiện đại , HE , Tình cảm , Khoa học viễn tưởng , Xuyên việt , Trọng sinh , Xuyên nhanh , Xuyên thư , Hào môn thế gia , Cung đình hầu tước , Sảng văn , Nữ cường , Thị giác nữ chủ , Đoàn sủng , Niên đại văn",Chưa xác minh,785701,6417,69,911,https://wikicv.net/truyen/xuyen-nhanh-chi-nu-xung-van-su-tuy-tam-X%7EymSlS4CCCLhTyr
Làm tức giận Yêu Vương: Tuyệt sủng thần y thiên tài phi,Cửu Quân,"Nguyên sang , Ngôn tình , Cổ đại , HE , Tình cảm , Dị thế , Xuyên việt , Hào môn thế gia , Y thuật , Sảng văn , Nữ cường , Nghịch tập",Hoàn thành,785222,776,4,145,https://wikicv.net/truyen/lam-tuc-gian-yeu-vuong-tuyet-sung-than-y-W%7ED5VVS4CFjJogCB
70 mẹ kế đoàn sủng tiểu nhãi con,Tam Miểu Nhập Thụy,"Nguyên sang , Ngôn tình , Hiện đại , HE , Tình cảm , Xuyên việt , Ngọt văn , Xuyên thư , Ấm áp , Thị giác nữ chủ , Manh bảo , Đoàn sủng",Hoàn thành,784437,6407,101,984,https://wikicv.net/truyen/70-me-ke-doan-sung-tieu-nhai-con-YFp4aFS4CFLq1G8l
Pháo hôi thông phòng muốn nghịch tập,Giả Diện Đích Thịnh Yến,"Nguyên sang , Ngôn tình , Cổ đại , HE , Tình cảm , Ngọt văn , Trọng sinh , Song khiết 🕊️ , Cung đấu , Trạch đấu , Cung đình hầu tước , Nhẹ nhàng , 1v1 , Song trọng sinh",Hoàn thành,783515,2076,78,636,https://wikicv.net/truyen/phao-hoi-thong-phong-muon-nghich-tap-WGr%7EUnCVfBeVLnF%7E
70 không gian kiều thanh niên trí thức gả toàn thôn nhất tiền đồ tháo hán,Thanh Nhã Nam La,"Nguyên sang , Ngôn tình , Hiện đại , HE , Tình cảm , Xuyên việt , Ngọt văn , Tùy thân không gian , Sảng văn , 1v1 , Thị giác nữ chủ , Đoàn sủng , Niên đại văn",Hoàn thành,783134,2074,6,193,https://wikicv.net/truyen/70-khong-gian-kieu-thanh-nien-tri-thuc-g-ZEJUaTzLckBUmRss
Không gian linh tuyền chi điền viên y nữ,Hinh Yên,"Nguyên sang , Ngôn tình , Cổ đại , HE , Tình cảm , Làm ruộng , Xuyên việt , Ngọt văn , Tùy thân không gian , Làm giàu , Y thuật",Hoàn thành,782660,437,5,99,https://wikicv.net/truyen/khong-gian-linh-tuyen-chi-dien-vien-y-nu-WGzImnCVfE8jwDFr
Nuông chiều 80,Tuyết Lệ Kỳ,"Nguyên sang , Ngôn tình , Cận đại , Hiện đại , HE , Tình cảm , Làm ruộng , Huyền huyễn , Dị năng , Ngọt văn , Trọng sinh , Song khiết 🕊️ , Làm giàu , Thanh mai trúc mã , Sảng văn , Nhẹ nhàng , Kim bài đề cử 🥇 , 1v1 , Mary Sue",Hoàn thành,782406,681,61,236,https://wikicv.net/truyen/nuong-chieu-80-WvowPu8h7A99%7E%7EiY
Ác độc nữ xứng xoay người ký,Ngũ Khối Tiền,"Nguyên sang , Ngôn tình , Cổ đại , Hiện đại , Tương lai , HE , Tình cảm , Mạt thế , Xuyên nhanh , Nữ phụ",Hoàn thành,779725,623,45,376,https://wikicv.net/truyen/ac-doc-nu-xung-xoay-nguoi-ky-WE93EXCVfH6JsIG2
Trẫm ái phi chỉ nghĩ ăn dưa,Diên Kỳ,"Nguyên sang , Ngôn tình , Cổ đại , HE , Tình cảm , Huyền huyễn , Xuyên việt , Ngọt văn , Hệ thống , Cung đình hầu tước , Sảng văn , Hài hước , Kim bài đề cử 🥇",Hoàn thành,779725,10055,355,2803,https://wikicv.net/truyen/tram-ai-phi-chi-nghi-an-dua-YoHSLFS4CB1WdlUn
Xuyên qua 80: Đế thiếu lão công VS tiếu nông tức,Nguyệt Lạc Khinh Yên,"Nguyên sang , Ngôn tình , Hiện đại , HE , Tình cảm , Xuyên việt , Ngọt văn , Trọng sinh , Song khiết 🕊️ , Làm giàu , Quân văn , Cường cường , Đô thị tình duyên , Duyên trời tác hợp , Ngược tra",Hoàn thành,779615,77,14,13,https://wikicv.net/truyen/xuyen-qua-80-de-thieu-lao-cong-vs-tieu-n-WeW6gu8h7B5dtaaU
Trọng sinh 80 có không gian,Hàn Nguyệt Thanh Hồn,"Nguyên sang , Ngôn tình , Hiện đại , HE , Tình cảm , Khoa học viễn tưởng , Báo thù , Trọng sinh , Tùy thân không gian , Kiếp trước kiếp này",Hoàn thành,779530,903,6,39,https://wikicv.net/truyen/trong-sinh-80-co-khong-gian-XmB4G1S4CGoiIdqA
Ngọt ngào bá sủng: Tiểu kiều thê mất trí nhớ của Thủ tịch,Đường Tiểu Tống,"Nguyên sang , Ngôn tình , Hiện đại , HE , Tình cảm , Ngọt văn , Hào môn thế gia , Cẩu huyết , Ngược văn , Đô thị tình duyên",Hoàn thành,776455,874,6,21,https://wikicv.net/truyen/ngot-ngao-ba-sung-tieu-kieu-the-mat-tri--WZ2KEu8h7HjSvTJG
Trọng sinh giới giải trí chi dựng thê ảnh hậu,Du Nhân,"Nguyên sang , Ngôn tình , Hiện đại , HE , Tình cảm , Kinh thương , Trọng sinh , Song khiết 🕊️ , Sinh con , Làm giàu , Giới giải trí , Cường cường",Hoàn thành,775344,1480,20,283,https://wikicv.net/truyen/trong-sinh-gioi-giai-tri-chi-dung-the-an-WJZ6m3CVfHTDQrPA
Mật Nha thập niên 70,Nữ Vương Bất Tại Gia,"Nguyên sang , Ngôn tình , Cận đại , Hiện đại , HE , Tình cảm , Làm ruộng , Ngọt văn , Trọng sinh , Song khiết 🕊️ , Làm giàu , Vườn trường , Thanh mai trúc mã , Kim bài đề cử 🥇 , 1v1",Hoàn thành,774110,1378,71,430,https://wikicv.net/truyen/mat-nha-thap-nien-70-WtBmu%7E8h7EKIAtzm
Ly hôn sau gả cho niên đại văn đại lão / Mỹ nhân mẹ xem mắt sau mang ta nằm thắng [ 70 ],Tự Y,"Nguyên sang , Ngôn tình , Hiện đại , HE , Tình cảm , Tùy thân không gian , Xuyên thư , Sảng văn , Kim bài đề cử 🥇 , Kim Bảng 🏆 , 1v1 , Song xuyên , Thị giác nữ chủ , Tỷ đệ , Niên đại văn",Hoàn thành,773991,1756,78,684,https://wikicv.net/truyen/ly-hon-sau-ga-cho-nien-dai-van-dai-lao-m-ZJ8JOlS4CAk5HWz5
"Trọng sinh 60: Tiếu điền thê, lão công sủng lên trời!",Noãn Tâm Nguyệt,"Nguyên sang , Ngôn tình , Hiện đại , HE , Tình cảm , Làm ruộng , Xuyên việt , Làm giàu , Ngược tra , Vả mặt , 1v1 , Thị giác nữ chủ , Dưỡng oa , Niên đại văn",Hoàn thành,771891,325,12,57,https://wikicv.net/truyen/trong-sinh-60-tieu-dien-the-lao-cong-sun-XFwpTVS4CHoByk47
Trọng sinh sau thành hoàng thúc lòng bàn tay sủng (Trọng sinh kiều thê),Phi Dực,"Nguyên sang , Ngôn tình , Cổ đại , HE , Tình cảm , Ngọt văn , Trọng sinh , Trạch đấu , Cung đình hầu tước , Sảng văn , Kim bài đề cử 🥇 , Vả mặt , 1v1",Hoàn thành,769143,1547,76,586,https://wikicv.net/truyen/trong-sinh-sau-thanh-hoang-thuc-long-ban-XW37XFS4CD2WpMxF
Hảo nam nhân thao tác chỉ nam [ xuyên nhanh ],Đường Trung Miêu,"Nguyên sang , Ngôn tình , Cổ đại , Cận đại , Hiện đại , Tương lai , HE , Tình cảm , Xuyên việt , Hệ thống , Xuyên nhanh , Xuyên thư , Sảng văn , Kim bài đề cử 🥇 , Vả mặt , Thị giác nam chủ",Hoàn thành,769137,7185,205,1520,https://wikicv.net/truyen/hao-nam-nhan-thao-tac-chi-nam-xuyen-nhan-XPlXzkbIjjHbcoWW
"Thần y đại tiểu thư: Điện hạ, đừng tới đây",Cửu Thiên Mộng,"Nguyên sang , Ngôn tình , Cổ đại , HE , Tình cảm , Xuyên việt , Ngọt văn , Cung đấu , Trạch đấu , Y thuật , Cung đình hầu tước , Thiên chi kiêu tử , Duyên trời tác hợp , Nữ cường , Ngược tra , Vả mặt",Hoàn thành,768994,156,3,144,https://wikicv.net/truyen/than-y-dai-tieu-thu-dien-ha-dung-toi-day-Whww3e8h7BrEslsd
Thê bằng phu quý,Thanh Việt Lưu Ca,"Nguyên sang , Ngôn tình , Cổ đại , HE , Tình cảm , Làm ruộng , Xuyên việt , Kim bài đề cử 🥇",Hoàn thành,768913,1085,29,305,https://wikicv.net/truyen/the-bang-phu-quy-WCA15nCVfGZC2lyh
Trọng sinh 80: Vai ác thân mụ dưỡng nhãi con hằng ngày,Ngu Nhân Mỹ,"Nguyên sang , Ngôn tình , Cận đại , HE , Tình cảm , Xuyên việt , Xuyên thư",Hoàn thành,768835,662,6,63,https://wikicv.net/truyen/trong-sinh-80-vai-ac-than-mu-duong-nhai--YJaBU1S4CFfaNout
Con trai là nam phụ,Hà Lam,"Nguyên sang , Ngôn tình , Hiện đại , HE , Tình cảm , Ngọt văn , Song khiết 🕊️ , Xuyên thư , Kim bài đề cử 🥇 , Nam phụ",Hoàn thành,768809,1785,127,569,https://wikicv.net/truyen/con-trai-la-nam-phu-WzmfcO8h7GWkMxfx
"Kiều thê tại thượng, mật mật sủng!",Vi Cô Nương,"Nguyên sang , Ngôn tình , Hiện đại , HE , Tình cảm , Cổ xuyên kim , Giới giải trí",Hoàn thành,768700,874,41,377,https://wikicv.net/truyen/kieu-the-tai-thuong-mat-mat-sung-W1kpq1S4CD_m20Ve
Pháo hôi nguyên phối nhân sinh ( xuyên nhanh ),Khuynh Bích Du Nhiên,"Nguyên sang , Ngôn tình , Cổ đại , HE , OE , Tình cảm , Xuyên việt , Xuyên nhanh , Nữ phụ , Nghịch tập , Thị giác nữ chủ",Hoàn thành,768322,2809,153,677,https://wikicv.net/truyen/phao-hoi-nguyen-phoi-nhan-sinh-xuyen-nha-X_TpQFS4CAlw3ogo
Trọng sinh chi làm quân tẩu tốt,Dạ Tử Vũ,"Nguyên sang , Ngôn tình , Cận đại , Hiện đại , HE , Tình cảm , Ngọt văn , Trọng sinh , Song khiết 🕊️ , Làm giàu , Quân văn , 1v1",Hoàn thành,767862,545,37,32,https://wikicv.net/truyen/trong-sinh-chi-lam-quan-tau-tot-XA5eZFS4CCJBnwct
Toàn giới giải trí đều đang đợi chúng ta ly hôn,Ma An,"Nguyên sang , Ngôn tình , Hiện đại , HE , Tình cảm , Ngọt văn , Cổ xuyên kim , Hào môn thế gia , Giới giải trí , Nhẹ nhàng , Đô thị tình duyên , Duyên trời tác hợp , Kim bài đề cử 🥇 , Nghịch tập , 1v1 , Thị giác nữ chủ",Hoàn thành,767198,783,69,418,https://wikicv.net/truyen/toan-gioi-giai-tri-deu-dang-doi-chung-ta-XIYQrVS4CE30fX5q
"Trọng sinh vườn trường: Hạ thiếu, thỉnh dừng bước",Đỗ Liễu Liễu,"Nguyên sang , Ngôn tình , Hiện đại , HE , Tình cảm , Tu chân , Ngọt văn , Trọng sinh , Hào môn thế gia , Vườn trường , Cường cường , Sảng văn , Nhẹ nhàng , Nhiều CP , Phát sóng trực tiếp , Trò chơi , Vả mặt , 1v1",Hoàn thành,767118,1090,17,93,https://wikicv.net/truyen/trong-sinh-vuon-truong-ha-thieu-thinh-du-W8vMWlS4CFZ_d%7EN3
Độc sủng kiều thê (trọng sinh),Hắc Tử Triết,"Nguyên sang , Ngôn tình , Cổ đại , HE , Tình cảm , Trọng sinh , Trạch đấu , Thanh mai trúc mã , Cung đình hầu tước , Sảng văn , Ấm áp , Kim bài đề cử 🥇 , Kim Bảng 🏆",Hoàn thành,766596,884,34,172,https://wikicv.net/truyen/doc-sung-kieu-the-trong-sinh-XDVMizu260G3TZHG
Ngụy Tấn người ăn cơm,Úc Vũ Trúc,"Nguyên sang , Ngôn tình , Cổ đại , HE , Tình cảm , Tranh bá , Quan trường , Xây dựng , Xuyên việt , Cường cường , Cung đình hầu tước , Kiếp trước kiếp này , Thiên chi kiêu tử , Cận thủy lâu đài , Nữ cường , 1v1 , Song xuyên , Thị giác nữ chủ",Hoàn thành,766071,9309,118,1651,https://wikicv.net/truyen/nguy-tan-nguoi-an-com-YgYYC1S4CCPnJHye
Thiên mệnh vi hoàng,Vân Cập,"Nguyên sang , Ngôn tình , Cổ đại , HE , Tình cảm , Võ hiệp , Tiên hiệp , Huyền huyễn , Dị thế , Tu chân , Hệ thống , Song khiết 🕊️ , Tùy thân không gian , Phong thủy , Cường cường , Y thuật , Thăng cấp lưu , Đấu khí , Cận thủy lâu đài , Nữ cường , 1v1 , Thị giác nữ chủ",Hoàn thành,766011,3863,58,756,https://wikicv.net/truyen/thien-menh-vi-hoang-WGpL_nCVfFR0n4dg
Trọng sinh ấm hôn: Tổng tài nhẹ nhàng sủng,Thất Nguyệt Lăng Nhiên,"Nguyên sang , Ngôn tình , Hiện đại , HE , Tình cảm , Trọng sinh",Hoàn thành,765975,172,10,43,https://wikicv.net/truyen/trong-sinh-am-hon-tong-tai-nhe-nhang-sun-XIeBp1S4CCCla5Si
70 chi bưu hãn nữ thanh niên trí thức,Đào Hoa Lộ,"Nguyên sang , Ngôn tình , Hiện đại , HE , Tình cảm , Làm ruộng , Xuyên việt , Ngọt văn , Làm giàu , Cưới trước yêu sau , Sảng văn , Kim bài đề cử 🥇 , Ngược tra , Vả mặt , 1v1 , Thị giác nữ chủ",Hoàn thành,765091,951,53,295,https://wikicv.net/truyen/70-chi-buu-han-nu-thanh-nien-tri-thuc-XG1FKFS4CBPphmic
Tà y độc phi,Mặc Tà Trần,"Nguyên sang , Ngôn tình , Cổ đại , HE , Tình cảm , Huyền huyễn , Dị thế , Xuyên việt , Ngọt văn , Trọng sinh , Tùy thân không gian , Vườn trường , Cường cường , Y thuật , Thăng cấp lưu , Đấu khí , Sảng văn , Nhiều CP , Hài hước , Thiên chi kiêu tử , Duyên trời tác hợp , Vả mặt , 1v1",Hoàn thành,763211,718,4,67,https://wikicv.net/truyen/ta-y-doc-phi-Wvz9Cu8h7FpmVaHn
Đế quân thịnh sủng: Thủ đoạn cay độc tiểu độc phi,Lâu Tinh Ngâm,"Nguyên sang , Ngôn tình , Cổ đại , HE , Tình cảm , Huyền huyễn , Dị thế , Xuyên việt , Ngọt văn , Song khiết 🕊️ , Trạch đấu , Cường cường , Thanh mai trúc mã , Cung đình hầu tước , Duyên trời tác hợp , Trâu già gặm cỏ non , Ngược tra",Hoàn thành,761967,680,3,41,https://wikicv.net/truyen/de-quan-thinh-sung-thu-doan-cay-doc-tieu-WdJXFu8h7GDFDrfV
Nông gia tiểu nương tử,Thoại Mai Đường,"Nguyên sang , Ngôn tình , Cổ đại , HE , Tình cảm , Làm ruộng , Xuyên việt , Ngọt văn , Song khiết 🕊️ , Trạch đấu , Nhẹ nhàng , Thanh thủy văn , Ngược tra",Hoàn thành,760626,1116,12,284,https://wikicv.net/truyen/nong-gia-tieu-nuong-tu-WZKwpe8h7EGI2YZ8
Không gian chi siêu cấp nông phú thê,Ngũ Nguyệt Tử Đinh Hương,"Nguyên sang , Ngôn tình , Hiện đại , HE , Tình cảm , Làm ruộng , Trọng sinh , Tùy thân không gian , Sinh con , Làm giàu , Hào môn thế gia , Thị giác nữ chủ",Hoàn thành,760015,1498,19,118,https://wikicv.net/truyen/khong-gian-chi-sieu-cap-nong-phu-the-XCbwnlS4CCYCe8ye
Fan lão bà hiểu biết một chút [ giới giải trí ],Xuân Đao Hàn,"Nguyên sang , Ngôn tình , Hiện đại , HE , Tình cảm , Xuyên việt , Trọng sinh , Song khiết 🕊️ , Giới giải trí , Sảng văn , Kim bài đề cử 🥇 , Nghịch tập , 1v1",Hoàn thành,759302,2858,201,924,https://wikicv.net/truyen/fan-lao-ba-hieu-biet-mot-chut-gioi-giai--XC7B%7EFS4CBAWFpp7
"Lóe hôn ba năm ôm hai, quan quân đại lão hắn siêu ái!",Điềm Điềm Đậu Hủ Hoa,"Nguyên sang , Ngôn tình , Hiện đại , HE , Tình cảm , Làm ruộng , Làm sự nghiệp , Báo thù , Xuyên việt , Ngọt văn , Song khiết 🕊️ , Tùy thân không gian , Làm giàu , Nữ phụ , Quân văn , Cường cường , Song hướng yêu thầm , Cưới trước yêu sau , Chế phục tình duyên , Nghịch tập , 1v1 , Song xuyên , Thị giác nữ chủ , Thật giả thiếu gia , Dưỡng oa , Chữa lành , Niên đại văn , Hằng ngày , Tế thuỷ trường lưu , Cao lãnh chi hoa , Si tình , Mỹ nhân , Cấm dục , Trưởng thành , Ác độc",Hoàn thành,757835,665,14,128,https://wikicv.net/truyen/loe-hon-ba-nam-om-hai-quan-quan-dai-lao--Z4TdevTaEEdm1C4c
Mau xuyên: Minh hoàng ở trên ta ở dưới,Cẩm Tiểu Nhàn,"Nguyên sang , Ngôn tình , Cổ đại , Hiện đại , HE , Tình cảm , Khoa học viễn tưởng , Huyền huyễn , Ngọt văn , Hệ thống , Song khiết 🕊️ , Xuyên nhanh , Nữ cường , Ngược tra , 1v1",Hoàn thành,755573,615,56,156,https://wikicv.net/truyen/mau-xuyen-minh-hoang-o-tren-ta-o-duoi-WSpGce8h7Byb_HAN
Trọng sinh nông thôn hảo tức phụ,Hồ Đồ,"Nguyên sang , Ngôn tình , Cận đại , HE , Tình cảm , Ngọt văn , Trọng sinh , Làm giàu , Cẩu huyết , Kiếp trước kiếp này , 1v1 , Thị giác nữ chủ",Hoàn thành,755508,536,42,135,https://wikicv.net/truyen/trong-sinh-nong-thon-hao-tuc-phu-WGsKMXCVfBxdFx2H
Tà Đế cuồng phi: Quỷ Vương tuyệt sắc sủng thê,Bộ Nguyệt Phất Thường,"Nguyên sang , Ngôn tình , Cổ đại , HE , Tình cảm , Báo thù , Ngọt văn , Trọng sinh , Hào môn thế gia , Trạch đấu , Cung đình hầu tước , Duyên trời tác hợp , Ngược tra , 1v1 , Thị giác nữ chủ",Hoàn thành,754834,103,5,41,https://wikicv.net/truyen/ta-de-cuong-phi-quy-vuong-tuyet-sac-sung-XUF2nVS4CHm_Hlrn
Nữ chủ nàng tẩu tử,Hoắc Hương Cô,"Nguyên sang , Ngôn tình , Cổ đại , HE , Tình cảm , Xuyên việt , Hệ thống , Song khiết 🕊️ , Xuyên thư , Hào môn thế gia , Nữ phụ , Cung đình hầu tước , Tiểu bạch văn , Xuyên thành vai ác , Kim bài đề cử 🥇 , Ngân bài đề cử 🥈",Hoàn thành,754831,4632,242,1543,https://wikicv.net/truyen/nu-chu-nang-tau-tu-W7mYF1S4CDI%7E7Tdx
Mỗi cái thế giới đều ở bị quỷ quái nhóm cầu ôm một cái,Bôn Bào Đích Đào Tử,"Nguyên sang , Ngôn tình , Hiện đại , HE , Tình cảm , Kinh dị , Huyền huyễn , Ngọt văn , Hệ thống , Song khiết 🕊️ , Xuyên nhanh , Vườn trường , Nhẹ nhàng , Linh dị thần quái , 1v1 , Thị giác nữ chủ , Chữa lành",Hoàn thành,753750,19104,951,6422,https://wikicv.net/truyen/moi-cai-the-gioi-deu-o-bi-quy-quai-nhom--ZaxZBVS4CH9qLjCv
Dược y thản nhiên sinh hoạt,Quỷ Quỷ Mộng Du,"Nguyên sang , Ngôn tình , Cổ đại , HE , Tình cảm , Làm ruộng , Huyền huyễn , Dị thế , Tu chân , Xuyên việt , Tùy thân không gian , Làm giàu , Y thuật , Thăng cấp lưu , Sảng văn , Nữ cường , 1v1 , Thị giác nữ chủ",Hoàn thành,753499,649,18,156,https://wikicv.net/truyen/duoc-y-than-nhien-sinh-hoat-XBHJclS4CFXMtimy
Hắc nguyệt quang cầm chắc BE kịch bản,Đằng La Vi Chi,"Nguyên sang , Ngôn tình , Cổ đại , HE , SE , Tình cảm , Tiên hiệp , Tu chân , Xuyên việt , Cẩu huyết , Kim bài đề cử 🥇 , Thị giác nữ chủ , Tra nam",Hoàn thành,753354,5433,1430,2385,https://wikicv.net/truyen/hac-nguyet-quang-cam-chac-be-kich-ban-XxnaBlS4CBcX%7EvaT
Trở về 80: Mang theo cả nhà sáu khẩu quá ngày lành,Dư Phất,"Nguyên sang , Ngôn tình , Hiện đại , HE , Tình cảm , Trọng sinh , Niên đại văn",Hoàn thành,753016,4128,58,370,https://wikicv.net/truyen/tro-ve-80-mang-theo-ca-nha-sau-khau-qua--ZI_f2PTaEBKZgpgc
Nhất phẩm tiên kiều,Văn Phiêu Quá Phong,"Nguyên sang , Ngôn tình , Cổ đại , HE , Tiên hiệp , Huyền huyễn , Tu chân , Trọng sinh , Thần tiên yêu quái , Tùy thân không gian , Thăng cấp lưu , Sảng văn , Kiếp trước kiếp này",Hoàn thành,752781,1972,34,294,https://wikicv.net/truyen/nhat-pham-tien-kieu-WJljwXCVfE12QQin
Tú tài gia tiểu kiều nương,Giáp Ất,"Nguyên sang , Ngôn tình , Cổ đại , HE , Tình cảm , Làm ruộng , Xuyên việt , Ngọt văn , Song khiết 🕊️ , Mỹ thực , Làm giàu , Nhẹ nhàng , Bình bộ thanh vân , Ngược tra , 1v1 , Thị giác nữ chủ",Hoàn thành,752568,1032,46,500,https://wikicv.net/truyen/tu-tai-gia-tieu-kieu-nuong-Wd78gO8h7C_Oqk9u
Ngô gia kiều thê,Mạt Trà Khúc Kỳ,"Nguyên sang , Ngôn tình , Cổ đại , HE , Tình cảm , Xuyên việt , Ngọt văn , Trọng sinh , Song khiết 🕊️ , Hào môn thế gia , Thanh mai trúc mã",Hoàn thành,750352,1401,40,324,https://wikicv.net/truyen/ngo-gia-kieu-the-WAt8OHCVfCcj8lF0
"Cả nhà nghe lén tiếng lòng ta sát điên rồi, ta phụ trách ăn nãi",Hạ Thanh Thanh,"Nguyên sang , Ngôn tình , Cổ đại , HE , Tình cảm , Xuyên thư , Sảng văn , Đoàn sủng",Hoàn thành,748939,5762,147,1388,https://wikicv.net/truyen/ca-nha-nghe-len-tieng-long-ta-sat-dien-r-ZWr%7EwlS4CDl1iP1e
Xuyên đến 70: Kiều khí thanh niên trí thức mang không gian dưỡng tam oa,Nhiếp Diễm Diễm,"Nguyên sang , Ngôn tình , Hiện đại , HE , Tình cảm , Xuyên việt , Ngọt văn , Tùy thân không gian , Thị giác nữ chủ , Manh bảo , Dưỡng oa , Niên đại văn",Hoàn thành,748779,654,29,157,https://wikicv.net/truyen/xuyen-den-70-kieu-khi-thanh-nien-tri-thu-Yv3OzVS4CH_OhO7J
"Ngọt ngào thí hôn: Dung thiếu, cường thế sủng thê",Thất Tích,"Nguyên sang , Ngôn tình , Hiện đại , HE , Tình cảm , Ngọt văn , Song khiết 🕊️ , Làm giàu , Hào môn thế gia , Giới giải trí , Đô thị tình duyên , Duyên trời tác hợp , Ngược tra",Hoàn thành,748308,3,1,2,https://wikicv.net/truyen/ngot-ngao-thi-hon-dung-thieu-cuong-the-s-WdOro%7E8h7HS_WXDC
Xuyên nhanh chi kiều thê,Tiếu Giai Nhân,"Nguyên sang , Ngôn tình , Cổ đại , HE , Tình cảm , Xuyên việt , Ngọt văn , Song khiết 🕊️ , Xuyên nhanh , Cung đình hầu tước , Ngân bài đề cử 🥈 , 1v1",Hoàn thành,748249,1819,114,728,https://wikicv.net/truyen/xuyen-nhanh-chi-kieu-the-WyTGnO8h7HZ18HRU
Trọng sinh Đệ nhất quân tẩu,Noãn Phong Phất Diện,"Nguyên sang , Ngôn tình , Cận đại , Hiện đại , HE , Tình cảm , Báo thù , Ngọt văn , Trọng sinh , Song khiết 🕊️ , Làm giàu , Quân văn , Đô thị tình duyên , Duyên trời tác hợp , Ngược tra",Hoàn thành,747920,231,4,9,https://wikicv.net/truyen/trong-sinh-de-nhat-quan-tau-Webwre8h7H4Z4aSQ
Niên đại văn pháo hôi nguyên phối hạnh phúc lên,Tụ Trắc,"Nguyên sang , Ngôn tình , Hiện đại , HE , Tình cảm , Ngọt văn , Xuyên thư , Cưới trước yêu sau , Sảng văn , Pháo hôi , Kim bài đề cử 🥇 , Nghịch tập , 1v1 , Thị giác nữ chủ , Dưỡng oa , Niên đại văn , Nhiệt liệt , Tình hữu độc chung , Kịch thấu",Hoàn thành,746718,5019,249,1347,https://wikicv.net/truyen/nien-dai-van-phao-hoi-nguyen-phoi-hanh-p-ZRonhVS4CH8z%7EyQB
Điền viên mật sủng: Nông gia tiểu nương tử nóng rát,Niệm Dĩ Thương,"Nguyên sang , Ngôn tình , Cổ đại , HE , Tình cảm , Làm ruộng , Dị thế , Xuyên việt , NP",Tạm ngưng,745198,114,17,29,https://wikicv.net/truyen/dien-vien-mat-sung-nong-gia-tieu-nuong-t-Wj5_au8h7E0HE2Kz
Xuyên thành 70 kiều kiều nữ,Tự Y,"Nguyên sang , Ngôn tình , Cận đại , Hiện đại , HE , Tình cảm , Khoa học viễn tưởng , Làm ruộng , Xuyên việt , Tùy thân không gian , 1v1",Hoàn thành,744578,929,35,163,https://wikicv.net/truyen/xuyen-thanh-70-kieu-kieu-nu-W9YH9FS4CHSFOodp
Cẩm tú điền viên: Y nữ gả hiền phu,Thanh Phong Mạc Vãn,"Nguyên sang , Ngôn tình , Cổ đại , HE , Tình cảm , Làm ruộng , Xuyên việt , Tùy thân không gian , Làm giàu , Ngược tra",Hoàn thành,744488,26,14,6,https://wikicv.net/truyen/cam-tu-dien-vien-y-nu-ga-hien-phu-WTTVa%7E8h7E6YD__b
Ca ca quá tốt làm sao bây giờ [ xuyên thư ],Thập Lục Nguyệt Tây Qua,"Nguyên sang , Ngôn tình , Hiện đại , HE , Tình cảm , Xuyên việt , Ngọt văn , Song khiết 🕊️ , Xuyên thư , Hào môn thế gia , Nữ phụ , Giới giải trí , Kim bài đề cử 🥇 , 1v1 , Thị giác nữ chủ",Hoàn thành,743669,842,110,354,https://wikicv.net/truyen/ca-ca-qua-tot-lam-sao-bay-gio-xuyen-thu-WkMJTO8h7C6HYvyF
Nông gia xảo tức phụ,Tử Tuyết Ngưng Yên,"Nguyên sang , Ngôn tình , Cổ đại , HE , Tình cảm , Làm ruộng , Xuyên việt , Ngọt văn , Làm giàu , Cung đình hầu tước , Nữ cường",Hoàn thành,742792,485,14,17,https://wikicv.net/truyen/nong-gia-xao-tuc-phu-WP8yae8h7HgIsZxI
Trọng sinh niên đại văn không gian nơi tay,Dữ Phạn,"Nguyên sang , Ngôn tình , Hiện đại , HE , Tình cảm , Trọng sinh , Tùy thân không gian , Xuyên thư , 1v1 , Thị giác nữ chủ , Niên đại văn",Hoàn thành,742776,1025,3,76,https://wikicv.net/truyen/trong-sinh-nien-dai-van-khong-gian-noi-t-YPwNWlS4CENE6PaD
Xuyên thành vườn trường văn nam chủ mẹ kế,Lâm Miên Miên,"Nguyên sang , Ngôn tình , Hiện đại , HE , Tình cảm , Xuyên việt , Ngọt văn , Xuyên thư , Hào môn thế gia , Vườn trường , Nhẹ nhàng , Đô thị tình duyên , Kim bài đề cử 🥇 , Kim Bảng 🏆 , Vả mặt , 1v1 , Thị giác nữ chủ , Phi song khiết 🌂",Hoàn thành,742659,6070,365,1928,https://wikicv.net/truyen/xuyen-thanh-vuon-truong-van-nam-chu-me-k-YPBRhFS4CESV5Cfa
Những năm 60 tiểu điếm chủ,Hồ Đồ,"Nguyên sang , Ngôn tình , Cận đại , Hiện đại , HE , Tình cảm , Làm ruộng , Trọng sinh , Hệ thống , Làm giàu , Kim bài đề cử 🥇",Hoàn thành,742521,2564,100,336,https://wikicv.net/truyen/nhung-nam-60-tieu-diem-chu-WTIaQO8h7GpJSHrB
"Sủng phi đương đạo: Hoàng Thượng, mau nằm tốt!",Nhan Nhược Khuynh Thành,"Nguyên sang , Ngôn tình , Cổ đại , HE , Tình cảm , Huyền huyễn , Xuyên việt , Ngọt văn , Thần tiên yêu quái , Song khiết 🕊️ , Cung đấu , Trạch đấu , Cung đình hầu tước , Duyên trời tác hợp , Ngược tra",Hoàn thành,742155,3698,7,620,https://wikicv.net/truyen/sung-phi-duong-dao-hoang-thuong-mau-nam--WRr_eO8h7G9DZpMa
,Hồ Đồ,,Đang cập nhật,0,0,0,0,https://wikicv.net/truyen/thap-nien-70-hoc-ba-W6dVXFS4CEac75Ca
Đại thần dẫn nhập hoài: 101 nụ hôn sâu/ Hàng tỉ sao trời không kịp em,Diệp Phi Dạ,"Nguyên sang , Ngôn tình , Hiện đại , HE , Tình cảm , Ngọt văn , Song khiết 🕊️ , Làm giàu , Hào môn thế gia , Đô thị tình duyên , Duyên trời tác hợp",Hoàn thành,740319,1,7,0,https://wikicv.net/truyen/dai-than-dan-nhap-hoai-101-nu-hon-sau-ha-WP4wpu8h7HgIsZFJ
Trọng sinh dân quốc kiều tiểu thư,Thập Nguyệt Vi Vi Lương,"Nguyên sang , Ngôn tình , Cận đại , Hiện đại , HE , Tình cảm , Trọng sinh , Dân quốc , Sảng văn , Kim bài đề cử 🥇 , Vả mặt",Hoàn thành,739797,2034,6,705,https://wikicv.net/truyen/trong-sinh-dan-quoc-kieu-tieu-thu-WVHowO8h7EF%7E8YWB
"Phế sài hưu phu, nhị gả ôn nhu bạo quân",Quân Phi Nguyệt,"Nguyên sang , Ngôn tình , Cổ đại , HE , Tình cảm , Tranh bá , Báo thù , Dị thế , Xuyên việt , Ngọt văn , Song khiết 🕊️ , Làm giàu , Hào môn thế gia , Trạch đấu , Cường cường , Hoan hỉ oan gia , Cung đình hầu tước , Sảng văn , Hài hước , Ấm áp , Duyên trời tác hợp , Nữ cường , Ngược tra , Tương ái tương sát , Nghịch tập , Vả mặt , 1v1",Hoàn thành,739077,39,18,17,https://wikicv.net/truyen/phe-sai-huu-phu-nhi-ga-on-nhu-bao-quan-Wj5%7EGO8h7E0HE2Ku
,Hồ Đồ,,Đang cập nhật,0,0,0,0,https://wikicv.net/truyen/xuyen-qua-70-lam-thanh-nien-tri-thuc-XqzWa1S4CHmiSwTw
Xuyên qua đến nguyên thủy bộ lạc,Trần Hướng Bắc,"Nguyên sang , Ngôn tình , Cổ đại , HE , Tình cảm , Làm ruộng , Huyền huyễn , Dị thế , Xuyên việt , Ngọt văn , Thú nhân , Song khiết 🕊️ , Sinh con , Nhẹ nhàng",Hoàn thành,738651,2690,47,660,https://wikicv.net/truyen/xuyen-qua-den-nguyen-thuy-bo-lac-WI8B8ju26yEasL8H
Linh điền nông nữ tiểu đương gia,Cương Thanh,"Nguyên sang , Ngôn tình , Cổ đại , HE , Tình cảm , Làm ruộng , Huyền huyễn , Dị năng , Ngọt văn , Song khiết 🕊️ , Tùy thân không gian , Trạch đấu , Thanh mai trúc mã , Duyên trời tác hợp , Nữ cường",Hoàn thành,737480,418,14,104,https://wikicv.net/truyen/linh-dien-nong-nu-tieu-duong-gia-WdIniO8h7B5%7E7epR
Hào môn khí nữ: Trọng sinh chi thiên tài thần toán,Ninh Tiểu Bạch,"Nguyên sang , Ngôn tình , Hiện đại , HE , Tình cảm , Huyền huyễn , Trọng sinh , Phong thủy , Linh dị thần quái",Tạm ngưng,736525,2128,12,164,https://wikicv.net/truyen/hao-mon-khi-nu-trong-sinh-chi-thien-tai--WTyyru8h7BrPAFNX
Pháo hôi nữ phụ: Tay không hủy đi CP,Tiêu Khinh Tùng,"Nguyên sang , Ngôn tình , Cổ đại , Hiện đại , HE , Tình cảm , Khoa học viễn tưởng , Ngọt văn , Hệ thống , Song khiết 🕊️ , Xuyên nhanh , Nữ phụ , Pháo hôi , Nữ cường",Hoàn thành,736037,1159,61,889,https://wikicv.net/truyen/phao-hoi-nu-phu-tay-khong-huy-di-cp-WRaxYO8h7BA7hQap
Nông phụ không gian: Hài tử vương mẫu thân,Hào Mụ,"Nguyên sang , Ngôn tình , Cổ đại , HE , Tình cảm , Xuyên việt , Tùy thân không gian , Làm giàu",Hoàn thành,735971,577,9,50,https://wikicv.net/truyen/nong-phu-khong-gian-hai-tu-vuong-mau-tha-WSf1PO8h7FG4ndvB
Mau xuyên hệ thống: Nữ phụ tâm nguyện bản chép tay,Nhung Y,"Nguyên sang , Ngôn tình , Cổ đại , Hiện đại , HE , Tình cảm , Khoa học viễn tưởng , Ngọt văn , Hệ thống , Xuyên nhanh , Nữ phụ",Hoàn thành,735407,393,27,32,https://wikicv.net/truyen/mau-xuyen-he-thong-nu-phu-tam-nguyen-ban-WRXINO8h7HljCdWG
Nhất phẩm nông môn thê,Giáp Ất,"Nguyên sang , Ngôn tình , Cổ đại , HE , Tình cảm , Làm ruộng , Tranh bá , Xuyên việt , Trạch đấu , Cưới trước yêu sau , Sảng văn , 1v1 , Thị giác nữ chủ , Vô địch lưu",Hoàn thành,735191,366,3,70,https://wikicv.net/truyen/nhat-pham-nong-mon-the-X6eH11S4CH%7EuaBNR
"Hào môn trọng sinh: Quân thiếu, buổi tối thấy!",Nhạc Tiểu Hi,"Nguyên sang , Ngôn tình , Hiện đại , HE , Tình cảm , Huyền huyễn , Báo thù , Dị năng , Ngọt văn , Trọng sinh , Hệ thống , Song khiết 🕊️ , Làm giàu , Hào môn thế gia , Vườn trường , Cường cường , Đô thị tình duyên , Duyên trời tác hợp , Ngược tra",Hoàn thành,734563,255,15,20,https://wikicv.net/truyen/hao-mon-trong-sinh-quan-thieu-buoi-toi-t-WdT8Ee8h7BF_xCkP
Thịnh thế y phi,Phượng Khinh,"Nguyên sang , Ngôn tình , Cổ đại , HE , Tình cảm , Xuyên việt , Ngọt văn , Hào môn thế gia , Trạch đấu , Cường cường",Hoàn thành,733968,519,16,308,https://wikicv.net/truyen/thinh-the-y-phi-WCidZnCVfB6E8ICS
Thập niên 70 làm đại lão [ xuyên thư ],Thời Hòe Tự,"Nguyên sang , Ngôn tình , Hiện đại , HE , Tình cảm , Làm ruộng , Tùy thân không gian , Xuyên thư , Làm giàu , Trạch đấu , Sảng văn , Pháo hôi , Thị giác nam chủ , Thật giả thiếu gia , Niên đại văn",Hoàn thành,732530,3364,214,721,https://wikicv.net/truyen/thap-nien-70-lam-dai-lao-xuyen-thu-XpKc0lS4CCAUpcE4
Ta thu tuổi nhỏ các đại lão làm đồ đệ,Phù Đảo,"Nguyên sang , Ngôn tình , Cổ đại , HE , Tình cảm , Tiên hiệp , Tu chân , Ngọt văn , Xuyên thư , Sảng văn , Nhẹ nhàng , Kim bài đề cử 🥇 , Ngân bài đề cử 🥈 , Kim Bảng 🏆 , Thị giác nữ chủ",Hoàn thành,732217,11105,418,2842,https://wikicv.net/truyen/ta-thu-tuoi-nho-cac-dai-lao-lam-do-de-Xs8F5lS4CBohc%7EGA
Nông gia dược nữ: Phú quý lâm môn,Lãnh Hương Ức,"Nguyên sang , Ngôn tình , Cổ đại , HE , Tình cảm , Làm ruộng , Xuyên việt , Trọng sinh , Thị giác nữ chủ",Hoàn thành,731708,181,5,102,https://wikicv.net/truyen/nong-gia-duoc-nu-phu-quy-lam-mon-Wv5cKe8h7Ar4zZtt
Mẹ kế sau khi thức tỉnh [ 70 ],Thư Thư Thư,"Nguyên sang , Ngôn tình , Cận đại , Hiện đại , HE , Tình cảm , Trọng sinh , Kim bài đề cử 🥇 , Thị giác nữ chủ , Niên đại văn",Hoàn thành,730949,1298,105,292,https://wikicv.net/truyen/me-ke-sau-khi-thuc-tinh-70-YRcz8FS4CDparHx0
Xuyên nhanh: Pháo hôi bà bà nhân sinh,Khuynh Bích Du Nhiên,"Nguyên sang , Ngôn tình , Cổ đại , HE , Tình cảm , Báo thù , Xuyên nhanh , Sảng văn , Nhẹ nhàng , Pháo hôi , Duyên trời tác hợp , Kim bài đề cử 🥇 , Ngược tra , Thị giác nữ chủ",Hoàn thành,730684,3407,85,1118,https://wikicv.net/truyen/xuyen-nhanh-phao-hoi-ba-ba-nhan-sinh-YRorRVS4CA7f3jRE
Xuyên thành niên đại văn lười tức phụ [ 70 ],An Cung Đích Trúc Tử,"Nguyên sang , Ngôn tình , Hiện đại , HE , Tình cảm , Tùy thân không gian , Xuyên thư , Mỹ thực , Sảng văn , Kim bài đề cử 🥇 , 1v1 , Thị giác nữ chủ , Niên đại văn",Hoàn thành,730453,2616,42,376,https://wikicv.net/truyen/xuyen-thanh-nien-dai-van-luoi-tuc-phu-70-ZRmckju26xbwyHOR
Trọng sinh 80: Học bá kiều thê có điểm ngọt,Doãn Gia Lão Lục,"Nguyên sang , Ngôn tình , Hiện đại , HE , Tình cảm , Trọng sinh , Làm giàu , Kiếp trước kiếp này , Nghịch tập , 1v1 , Thị giác nữ chủ , Học bá , Niên đại văn",Hoàn thành,730382,1727,4,26,https://wikicv.net/truyen/trong-sinh-80-hoc-ba-kieu-the-co-diem-ng-YWyBcFS4CGikWppd
"Quân bĩ nông nữ: Trong núi hán tử, không hạn sủng!",Trường Thanh Thụ Trường Thanh,"Nguyên sang , Ngôn tình , Cổ đại , HE , Tình cảm , Xuyên việt , Ngọt văn , Sinh con , Làm giàu , Ngược tra",Hoàn thành,730148,1288,35,130,https://wikicv.net/truyen/quan-bi-nong-nu-trong-nui-han-tu-khong-h-WewmkO8h7H7iq8hw
Phượng khởi Thương Lan: Nghịch thiên tuyệt thế đại tiểu thư,Thần Lạc Vân Khởi,"Nguyên sang , Ngôn tình , Cổ đại , HE , Tình cảm , Huyền huyễn , Dị thế , Xuyên việt , Ngọt văn , Song khiết 🕊️ , Trạch đấu , Cung đình hầu tước , Duyên trời tác hợp , Nữ cường , Ngược tra",Hoàn thành,729267,132,8,42,https://wikicv.net/truyen/phuong-khoi-thuong-lan-nghich-thien-tuye-WZampO8h7FKIqeVR
"Đích nữ Minh phi: Ma tôn, giang sơn tới sính",Dư Phương,"Nguyên sang , Ngôn tình , Cổ đại , HE , Tình cảm , Tiên hiệp , Huyền huyễn , Dị thế , Ngọt văn , Trọng sinh , Song khiết 🕊️ , Trạch đấu , Cường cường , Kiếp trước kiếp này , Duyên trời tác hợp , Tương ái tương sát",Hoàn thành,727785,736,18,69,https://wikicv.net/truyen/dich-nu-minh-phi-ma-ton-giang-son-toi-si-Wj9mBu8h7FLmBPtL
Mang theo của hồi môn xuyên 60,Tây Lương Miêu,"Nguyên sang , Ngôn tình , Hiện đại , HE , Tình cảm , Làm ruộng , Cổ xuyên kim , Niên đại văn",Hoàn thành,727458,1899,41,292,https://wikicv.net/truyen/mang-theo-cua-hoi-mon-xuyen-60-YxB74FS4CAhyykrO
"Độc nhất vô nhị chiếm hữu: Mục tiên sinh, sủng không ngừng!",Công Tử Như Tuyết,"Nguyên sang , Ngôn tình , Hiện đại , HE , Tình cảm , Ngọt văn , Hào môn thế gia , Cẩu huyết , Giới giải trí",Hoàn thành,727206,17,1,1,https://wikicv.net/truyen/doc-nhat-vo-nhi-chiem-huu-muc-tien-sinh--WSFawe8h7HVvQAul
Huyền học xưng bá hiện đại,Nhu Nạo Khinh Mạn,"Nguyên sang , Ngôn tình , Hiện đại , HE , Tình cảm , Huyền huyễn , Huyền học , Xuyên việt , Phong thủy , Cổ xuyên kim , Làm giàu , Kim bài đề cử 🥇",Hoàn thành,725800,1271,71,433,https://wikicv.net/truyen/huyen-hoc-xung-ba-hien-dai-V9kRu3CVfHvzYqP%7E
Mãn cấp người ăn cơm ở niên đại văn nằm yên / Xuyên thư 70 bãi lạn ăn dưa,Bạch Gia,"Nguyên sang , Ngôn tình , Hiện đại , HE , Tình cảm , Làm ruộng , Tùy thân không gian , Xuyên thư , Sảng văn , Kim bài đề cử 🥇 , 1v1 , Thị giác nữ chủ , Niên đại văn",Hoàn thành,723938,5495,167,1485,https://wikicv.net/truyen/man-cap-nguoi-an-com-o-nien-dai-van-nam--Y9SgYVS4CDGDCEt7
Trà môn khuê tú,Gia Mộc,"Nguyên sang , Ngôn tình , Cổ đại , HE , Tình cảm , Trọng sinh , Nhẹ nhàng , Nữ cường",Hoàn thành,723239,436,7,282,https://wikicv.net/truyen/tra-mon-khue-tu-XCZb3VS4CHdA1dN2
Lão tổ tông nàng là thật sự cuồng,Yến Tiểu Mạch,"Nguyên sang , Ngôn tình , Cổ đại , HE , Tình cảm , Xuyên việt , Cung đình hầu tước , Nhẹ nhàng , Hài hước , Thị giác nữ chủ , Lão phu nhân",Hoàn thành,722452,2609,118,350,https://wikicv.net/truyen/lao-to-tong-nang-la-that-su-cuong-YH_CgFS4CHaR68S3
"Nông nữ có điền có điểm nhàn (Nông nữ có điền: Nương tử, thực bưu hãn)",Phạn Đoàn Khai Hoa,"Nguyên sang , Ngôn tình , Cổ đại , HE , Tình cảm , Làm ruộng , Xuyên việt , Ngọt văn , Làm giàu , Nhẹ nhàng",Hoàn thành,722406,1310,27,293,https://wikicv.net/truyen/nong-nu-co-dien-co-diem-nhan-nong-nu-co--W_sQv1S4CAVIwZQf
Gửi qua bưu điện tân nương [ 70 ] / Đại viện dưỡng nhi ký [ 70 ],Lưu Lưu Trư,"Nguyên sang , Ngôn tình , Hiện đại , HE , Tình cảm , Trọng sinh , Xuyên thư , Cưới trước yêu sau , Sảng văn , Trâu già gặm cỏ non , Kim bài đề cử 🥇 , 1v1 , Thị giác nữ chủ",Hoàn thành,722405,3359,46,234,https://wikicv.net/truyen/gui-qua-buu-dien-tan-nuong-70-dai-vien-d-X%7El0vlS4CAHdkbF8
Dị thế tà phượng: Chí tôn độc phi,Băng Tâm Lệ,"Nguyên sang , Ngôn tình , Cổ đại , HE , Tình cảm , Huyền huyễn , Báo thù , Dị thế , Xuyên việt , Ngọt văn , Trọng sinh , Song khiết 🕊️ , Cường cường , Y thuật , Sảng văn , Ngược tra",Hoàn thành,722180,28,6,10,https://wikicv.net/truyen/di-the-ta-phuong-chi-ton-doc-phi-WTT7xe8h7F2vHZRy
"Thiên tài bảo bảo, thần y mẫu thân",Đa Kỳ,"Nguyên sang , Ngôn tình , Cổ đại , HE , Tình cảm , Huyền huyễn , Tu chân , Xuyên việt , Ngọt văn , Tùy thân không gian , Sinh con , Cường cường",Hoàn thành,721934,89,4,24,https://wikicv.net/truyen/thien-tai-bao-bao-than-y-mau-than-WGHFFHCVfF5z2HRR
"Thiên tài cuồng phi, phế vật tam tiểu thư",Tuyết Sơn Tiểu Tiểu Lộc,"Nguyên sang , Ngôn tình , Cổ đại , HE , Tình cảm , Võ hiệp , Huyền huyễn , Báo thù , Dị thế , Xuyên việt , Ngọt văn , Trọng sinh , Hào môn thế gia , Cẩu huyết , Hoan hỉ oan gia , Sảng văn , Thiên chi kiêu tử , Nữ cường , Nghịch tập , Vả mặt , 1v1",Hoàn thành,721707,175,17,39,https://wikicv.net/truyen/thien-tai-cuong-phi-phe-vat-tam-tieu-thu-WkYSBO8h7B7FSuyb
"Xuyên thư sau, ta bị bắt thành giả hệ thống",Hạ Quý Đạo Cốc Hương,"Nguyên sang , Ngôn tình , Cổ đại , HE , Tình cảm , Huyền huyễn , Xuyên việt , Hệ thống , Song khiết 🕊️ , Xuyên thư , Sảng văn , 1v1",Hoàn thành,721660,18282,796,4456,https://wikicv.net/truyen/xuyen-thu-sau-ta-bi-bat-thanh-gia-he-tho-YZ%7ECa1S4CHV_KhTd
Dân quốc nữ xứng nuông chiều ký [ xuyên thư ],Bệ Hạ Bất Thượng Triều,"Nguyên sang , Ngôn tình , Cận đại , Hiện đại , HE , Tình cảm , Báo thù , Ngọt văn , Trọng sinh , Xuyên thư , Hào môn thế gia , Nữ phụ , Dân quốc , Pháo hôi , Kim bài đề cử 🥇 , Song trọng sinh",Hoàn thành,721147,1833,40,766,https://wikicv.net/truyen/dan-quoc-nu-xung-nuong-chieu-ky-xuyen-th-WfFm8%7E8h7AYTD3Lt
Nhất phẩm Ngỗ tác,Phượng Kim,"Nguyên sang , Ngôn tình , Cổ đại , HE , Tình cảm , Trinh thám , Báo thù , Xuyên việt , Ngọt văn , Phá án , Cung đấu , Quân văn , Cung đình hầu tước , Sảng văn , Cải trang giả dạng , Nữ cường , Thị giác nữ chủ",Hoàn thành,719353,4032,122,931,https://wikicv.net/truyen/nhat-pham-ngo-tac-WIxw1nCVfHydblnn
Trọng sinh chi không phụ cảnh xuân tươi đẹp,Bảo Trang Thành,"Nguyên sang , Ngôn tình , Hiện đại , HE , Tình cảm , Ngọt văn , Trọng sinh , Làm giàu , Hào môn thế gia , Giới giải trí , Vườn trường , Sảng văn , Nhẹ nhàng , Đô thị tình duyên , Thiên chi kiêu tử , Nữ cường , Nghịch tập , Thị giác nữ chủ , Học bá , Viết văn , Chức nghiệp tinh anh",Hoàn thành,719097,5288,65,813,https://wikicv.net/truyen/trong-sinh-chi-khong-phu-canh-xuan-tuoi--YGdLolS4CEKdCPP%7E
Ta có mang con của vai ác,Công Tử Văn Tranh,"Nguyên sang , Ngôn tình , Hiện đại , HE , Tình cảm , Xuyên việt , Ngọt văn , Xuyên thư , Hào môn thế gia , Cẩu huyết , Cưới trước yêu sau , Pháo hôi , Kim bài đề cử 🥇 , 1v1 , Thị giác nữ chủ",Hoàn thành,718792,1453,77,508,https://wikicv.net/truyen/ta-co-mang-con-cua-vai-ac-W8HqIFS4CHmLFFHV
Mang theo thương trường xuyên 60,Hô Lạp Quyển x,"Nguyên sang , Ngôn tình , Cận đại , Hiện đại , HE , Tình cảm , Làm ruộng , Ngọt văn , Trọng sinh , Song khiết 🕊️ , Làm giàu , Thanh mai trúc mã , Sảng văn , Nhẹ nhàng , Kiếp trước kiếp này , Kim bài đề cử 🥇 , 1v1 , Thị giác nữ chủ",Hoàn thành,718049,2192,69,613,https://wikicv.net/truyen/mang-theo-thuong-truong-xuyen-60-XO3u01S4CA_WgpVw
Hào môn bá ái: Quân thiếu tiểu cục cưng,Công Tử Diễn,"Nguyên sang , Ngôn tình , Hiện đại , HE , Tình cảm , Ngọt văn , Hào môn thế gia , Cẩu huyết , Ngược văn , Đô thị tình duyên",Hoàn thành,717349,13,2,4,https://wikicv.net/truyen/hao-mon-ba-ai-quan-thieu-tieu-cuc-cung-WlIn4u8h7FiNOmks
Kinh thế đệ nhất phi,Khinh Mặc Vũ,"Nguyên sang , Ngôn tình , Cổ đại , Hiện đại , HE , Tình cảm , Huyền huyễn , Xuyên việt , Ngọt văn , Song khiết 🕊️ , Hào môn thế gia , Sảng văn , Nhẹ nhàng , Ấm áp , Duyên trời tác hợp , Ngược tra , Nghịch tập , 1v1",Hoàn thành,716909,343,12,96,https://wikicv.net/truyen/kinh-the-de-nhat-phi-XfggQ1S4CFKf7%7EKe
Trở thành “Nam” thần nữ nhân,Tuyết Nguyên U Linh,"Nguyên sang , Ngôn tình , Tương lai , HE , Tình cảm , Khoa học viễn tưởng , Huyền huyễn , Tu chân , Làm giàu , Y thuật , Sảng văn , Nhẹ nhàng , Phát sóng trực tiếp , Cải trang giả dạng , Bình bộ thanh vân , Kim bài đề cử 🥇 , Kim Bảng 🏆 , Nữ cường",Hoàn thành,716675,5735,316,1974,https://wikicv.net/truyen/tro-thanh-nam-than-nu-nhan-WatJI%7E8h7FRxkY_I
Mang theo cảng kho hàng xuyên qua 70,Nhiên Nhiên An,"Nguyên sang , Ngôn tình , Hiện đại , HE , Tình cảm , Làm ruộng , Xuyên việt , Tùy thân không gian , Xuyên thư , Thị giác nữ chủ , Niên đại văn",Hoàn thành,715691,2517,73,267,https://wikicv.net/truyen/mang-theo-cang-kho-hang-xuyen-qua-70-ZDQ2JFS4CBIyKRsm
Xuyên thành mẹ của vai ác,Lâm Miên Miên,"Nguyên sang , Ngôn tình , Hiện đại , HE , Tình cảm , Xuyên việt , Ngọt văn , Xuyên thư , Hào môn thế gia , Sảng văn , Kim bài đề cử 🥇",Hoàn thành,715485,1449,81,395,https://wikicv.net/truyen/xuyen-thanh-me-cua-vai-ac-W2MDgVS4CBp4%7ES7q
Trọng sinh mạt thế: Pháo hôi muốn quật khởi,Thu Hồi,"Nguyên sang , Ngôn tình , Hiện đại , HE , Tình cảm , Khoa học viễn tưởng , Mạt thế , Huyền huyễn , Báo thù , Dị năng , Ngọt văn , Trọng sinh , Song khiết 🕊️ , Cường cường , Ngược tra",Hoàn thành,714730,186,81,83,https://wikicv.net/truyen/trong-sinh-mat-the-phao-hoi-muon-quat-kh-WfWrTe8h7CVKeilI
Phượng nghịch thiên hạ: Phúc hắc Ma quân quyến rũ hậu,Khinh Mặc Vũ,"Nguyên sang , Ngôn tình , Cổ đại , HE , Tình cảm , Tiên hiệp , Huyền huyễn , Dị thế , Xuyên việt , Ngọt văn , Tùy thân không gian , Lịch sử , Sảng văn",Hoàn thành,714167,18,9,6,https://wikicv.net/truyen/phuong-nghich-thien-ha-phuc-hac-ma-quan--Wo5g%7EO8h7GgFrkt9
Xuyên thành con dâu nuôi từ bé của nam chủ trong truyện khoa cử,Tương Nguyệt Khứ,"Nguyên sang , Ngôn tình , Cổ đại , HE , Tình cảm , Làm ruộng , Ngọt văn , Xuyên thư , Mỹ thực , 1v1 , Thị giác nữ chủ",Hoàn thành,713659,3599,192,1129,https://wikicv.net/truyen/xuyen-thanh-con-dau-nuoi-tu-be-cua-nam-c-YAoCK1S4CEq6oFr_
Sai gả kinh hôn: Tổng tài thỉnh khắc chế,Thiển Hiểu Huyên,"Nguyên sang , Ngôn tình , Hiện đại , HE , Tình cảm , Ngọt văn , Hào môn thế gia , Ngược văn , Đô thị tình duyên",Hoàn thành,712891,272,8,0,https://wikicv.net/truyen/sai-ga-kinh-hon-tong-tai-thinh-khac-che-WgkZRe8h7HEpRib5
Nuôi trong nhà tiểu thủ phụ,Giả Diện Đích Thịnh Yến,"Nguyên sang , Ngôn tình , Cổ đại , HE , Tình cảm , Ngọt văn , Trọng sinh , Làm giàu , Dưỡng thành",Hoàn thành,712134,1393,47,472,https://wikicv.net/truyen/nuoi-trong-nha-tieu-thu-phu-WcNGL%7E8h7BCtuacy
70 vượng phu sinh hoạt,Nguyệt Bán Yếu Phân Gia,"Nguyên sang , Ngôn tình , Hiện đại , HE , Tình cảm , Xuyên việt , Hệ thống , Mỹ thực",Hoàn thành,711786,1383,74,332,https://wikicv.net/truyen/70-vuong-phu-sinh-hoat-XSpptVS4CGu9qZbv
"Phế tài nguyên tố sư: Thú vương, ăn nghiện",Nguyệt Y Minh,"Nguyên sang , Ngôn tình , Cổ đại , HE , Tình cảm , Huyền huyễn , Dị thế , Ma pháp , Ngọt văn , Trọng sinh , Thú nhân , Song khiết 🕊️ , Trạch đấu , Cung đình hầu tước , Kiếp trước kiếp này , Duyên trời tác hợp , Nữ cường , Ngược tra",Hoàn thành,711179,2205,20,477,https://wikicv.net/truyen/phe-tai-nguyen-to-su-thu-vuong-an-nghien-WYcJyu8h7CHeqVLy
"Tổng tài đại nhân, 100 phân sủng!",Phi Tử Nhất Tiếu,"Nguyên sang , Ngôn tình , Hiện đại , HE , Tình cảm , Ngọt văn , Song khiết 🕊️ , Làm giàu , Hào môn thế gia , Gương vỡ lại lành , Đô thị tình duyên , Duyên trời tác hợp",Hoàn thành,709995,36,11,27,https://wikicv.net/truyen/tong-tai-dai-nhan-100-phan-sung-WYcI6u8h7CHeqVLt
Trọng sinh những năm 80 hảo sinh hoạt,Hồ Đồ,"Nguyên sang , Ngôn tình , Hiện đại , HE , Tình cảm , Ngọt văn , Trọng sinh , Song khiết 🕊️ , Làm giàu , Kim bài đề cử 🥇",Hoàn thành,709788,698,24,174,https://wikicv.net/truyen/trong-sinh-nhung-nam-80-hao-sinh-hoat-WNv8rO8h7H8YzY3y
Ta ở Tiên giới làm ruộng,Lộ Tuyết Sương,"Nguyên sang , Ngôn tình , Cổ đại , HE , Tình cảm , Tiên hiệp , Làm ruộng , Tu chân , Xuyên việt , Ngọt văn , Tùy thân không gian , Thăng cấp lưu , Cưới trước yêu sau , Trâu già gặm cỏ non , Kim bài đề cử 🥇 , 1v1",Hoàn thành,708105,2492,69,939,https://wikicv.net/truyen/ta-o-tien-gioi-lam-ruong-W46LYFS4CHWhS7Aw
"Niên tiên sinh, chậm rãi thích ngươi",Diệp Tuyết,"Nguyên sang , Ngôn tình , Hiện đại , HE , Tình cảm , Ngọt văn , Hào môn thế gia , Ngược văn , Cưới trước yêu sau , Nhẹ nhàng , Đô thị tình duyên , Cường thủ hào đoạt , Thị giác nữ chủ",Hoàn thành,707964,30,17,71,https://wikicv.net/truyen/nien-tien-sinh-cham-rai-thich-nguoi-W3w6JVS4CFOZ14_3
Công lược đều là Tu La tràng [ xuyên nhanh ],Đường Mật,"Nguyên sang , Ngôn tình , Cổ đại , Hiện đại , HE , OE , Tình cảm , Xuyên nhanh , Sảng văn , Nhẹ nhàng , Kim bài đề cử 🥇 , Nữ cường , Ngược tra , Thị giác nữ chủ",Hoàn thành,706151,7576,937,3345,https://wikicv.net/truyen/cong-luoc-deu-la-tu-la-trang-xuyen-nhanh-XyQG5VS4CH7PT64W
Từng bước kinh hoa: Lười nhác tiểu yêu phi,Mục Đan Phong,"Nguyên sang , Ngôn tình , Cổ đại , HE , Tình cảm , Huyền huyễn , Xuyên việt , Thần tiên yêu quái , Cung đấu , Trạch đấu , Cung đình hầu tước , Thiên chi kiêu tử , Nữ cường",Hoàn thành,704664,76,5,100,https://wikicv.net/truyen/tung-buoc-kinh-hoa-luoi-nhac-tieu-yeu-ph-WiBLzO8h7E20cC7s
Trọng sinh làm ruộng hằng ngày,Tô Hữu Trăn,"Nguyên sang , Ngôn tình , Cổ đại , HE , Tình cảm , Làm ruộng , Xây dựng , Xuyên việt , Mỹ thực , Cường cường , Nhẹ nhàng , Nhiều CP , Nữ cường , 1v1 , Thị giác nữ chủ , Bình dân sinh hoạt",Hoàn thành,704486,3096,111,703,https://wikicv.net/truyen/trong-sinh-lam-ruong-hang-ngay-YYQDeFS4CBiGBfQQ
Mau xuyên: Tổng tài công lược sổ tay,Y Nhân Vi Hoa,"Nguyên sang , Ngôn tình , Cổ đại , Hiện đại , HE , Tình cảm , Khoa học viễn tưởng , Huyền huyễn , Ngọt văn , Hệ thống , Xuyên nhanh , Nhiều CP , Duyên trời tác hợp , Nữ cường , Ngược tra",Hoàn thành,704325,696,49,999,https://wikicv.net/truyen/mau-xuyen-tong-tai-cong-luoc-so-tay-WOpQLe8h7F04X9za
Danh môn ác nữ,Nhan Tân,"Nguyên sang , Ngôn tình , Cổ đại , HE , Tình cảm , Làm ruộng , Báo thù , Xuyên việt , Ngọt văn , Làm giàu , Trạch đấu , Cường cường , Cung đình hầu tước , Sảng văn",Hoàn thành,703998,456,9,164,https://wikicv.net/truyen/danh-mon-ac-nu-WGJb%7EnCVfCc5JmGT
Thần y cuồng phi Vương gia đừng làm càn,Hạ Tử An Mộ Dung Kiệt,"Nguyên sang , Ngôn tình , Cổ đại , HE , Tình cảm , Xuyên việt , Hào môn thế gia , Cung đấu , Trạch đấu , Cường cường , Y thuật , Cung đình hầu tước , Sảng văn , Ngược tra , Vả mặt",Hoàn thành,703519,579,71,7,https://wikicv.net/truyen/than-y-cuong-phi-vuong-gia-dung-lam-can-XhJ%7EvlS4CB8fyhxn
Kinh thế phế vật tiểu thư: Đệ nhất cuồng phi,Y Nỉ Yêu Nhiêu,"Nguyên sang , Ngôn tình , Cổ đại , HE , Tình cảm , Xuyên việt , Hào môn thế gia , Trạch đấu , Cung đình hầu tước , Nghịch tập",Hoàn thành,702421,16,4,3,https://wikicv.net/truyen/kinh-the-phe-vat-tieu-thu-de-nhat-cuong--WZoOgO8h7FLh1Fkp
Nông môn ngọt thê có không gian,Ái Du Vịnh Đích Miêu Miêu,"Nguyên sang , Ngôn tình , Cổ đại , HE , Tình cảm , Làm ruộng , Xuyên việt , Ngọt văn , Hệ thống , Tùy thân không gian , Làm giàu , Nhẹ nhàng , Ấm áp , 1v1 , Thị giác nữ chủ , Đoàn sủng",Hoàn thành,702057,1625,5,157,https://wikicv.net/truyen/nong-mon-ngot-the-co-khong-gian-Y199TlS4CESRql9i
Hào môn nữ phụ là thần y,Trì Mạch,"Nguyên sang , Ngôn tình , Hiện đại , HE , Tình cảm , Huyền huyễn , Xuyên việt , Hào môn thế gia , Nữ phụ , Y thuật , Sảng văn , Kim bài đề cử 🥇 , Nữ cường , Vả mặt , 1v1",Hoàn thành,701928,455,32,117,https://wikicv.net/truyen/hao-mon-nu-phu-la-than-y-WsiITO8h7Dj8_7xg
Điền viên khuê sự,Hoàn Nhĩ wr,"Nguyên sang , Ngôn tình , Cổ đại , HE , Tình cảm , Làm ruộng , Xuyên việt , Làm giàu",Hoàn thành,701479,201,16,8,https://wikicv.net/truyen/dien-vien-khue-su-WBYY%7EXCVfFSjETTE
Quỷ y thánh thủ: Tà Vương sủng thê cưới 1 đưa 2,Miêu Khinh Khinh,"Nguyên sang , Ngôn tình , Cổ đại , HE , Tình cảm , Xuyên việt , Sinh con",Hoàn thành,701157,10,1,323,https://wikicv.net/truyen/quy-y-thanh-thu-ta-vuong-sung-the-cuoi-1-WXXpUe8h7HBVE6pi
Bị hưu lúc sau / Tình lang là hoàng đế,Bích Vân Thiên,"Nguyên sang , Ngôn tình , Cổ đại , HE , Tình cảm , Ngọt văn , Mỹ thực , Cung đình hầu tước , Sảng văn , Duyên trời tác hợp , Kim bài đề cử 🥇 , Kim Bảng 🏆 , Vả mặt , 1v1 , Mary Sue , Thị giác nữ chủ , Phi song khiết 🌂 , Tái hôn",Hoàn thành,700658,1598,74,485,https://wikicv.net/truyen/bi-huu-luc-sau-tinh-lang-la-hoang-de-X3s5V1S4CDF7o6mA
Xuyên thành 70 bạch phú mỹ,Tự Y,"Nguyên sang , Ngôn tình , Hiện đại , HE , Tình cảm , Xuyên thư , Sảng văn , Kim bài đề cử 🥇 , Thị giác nữ chủ , Niên đại văn",Hoàn thành,699769,1840,136,383,https://wikicv.net/truyen/xuyen-thanh-70-bach-phu-my-XVi62lS4CCUeVNG3
Xuyên qua thập niên 60 nông gia nữ,Hồng Thiêu Đậu Hủ Càn,"Nguyên sang , Ngôn tình , Cận đại , Hiện đại , HE , Tình cảm , Xuyên việt , Cổ xuyên kim , Phản phái trọng sinh , Niên đại văn",Hoàn thành,699452,3729,27,1691,https://wikicv.net/truyen/xuyen-qua-thap-nien-60-nong-gia-nu-XDMl0VS4CFgfukhA
70 chi muội muội là cái đại mỹ nhân [ xuyên thư ],Nguyệt Bán Tường Vi,"Nguyên sang , Ngôn tình , Hiện đại , HE , Tình cảm , Ngọt văn , Song khiết 🕊️ , Xuyên thư , Sảng văn , Nhẹ nhàng , Nhiều CP , Ấm áp , Kim bài đề cử 🥇 , 1v1 , Thị giác nữ chủ , Niên đại văn",Hoàn thành,699311,3796,75,1495,https://wikicv.net/truyen/70-chi-muoi-muoi-la-cai-dai-my-nhan-xuye-ZCQDS1S4CHK%7EQH4W
Mộ thiếu trăm tỷ cuồng thê,Vân Tâm,"Nguyên sang , Ngôn tình , Hiện đại , HE , Tình cảm , Ngọt văn , Trọng sinh , Hào môn thế gia , Cẩu huyết , Ngược văn , Đô thị tình duyên , Ngược tra",Hoàn thành,696847,249,2,6,https://wikicv.net/truyen/mo-thieu-tram-ty-cuong-the-XHadflS4CD7HRxUt
Nam chủ đều là xà tinh bệnh [Mau xuyên],Ái Cật Hoàng Qua Đích Cúc Hoa,"Nguyên sang , Ngôn tình , Hiện đại , HE , Tình cảm , Khoa học viễn tưởng , Dị năng , Ngọt văn , Hệ thống , Song khiết 🕊️ , Xuyên nhanh , Hào môn thế gia , Duyên trời tác hợp , Kim bài đề cử 🥇",Hoàn thành,696783,3793,104,970,https://wikicv.net/truyen/nam-chu-deu-la-xa-tinh-benh-mau-xuyen-WFS0CHCVfHZ6Uhdb
Cố chấp tổng tài thế gả thê,Niêm Hoa Phất Liễu,"Nguyên sang , Ngôn tình , Hiện đại , HE , Tình cảm , Báo thù , Ngọt văn , Hào môn thế gia , Ngược văn , Đô thị tình duyên , 1v1",Hoàn thành,696706,6,2,3,https://wikicv.net/truyen/co-chap-tong-tai-the-ga-the-WtGNTe8h7HoejjuI
Xuyên nhanh: Bệnh kiều đại lão hắn hảo dính người,Tuế Tuế Nhi,"Nguyên sang , Ngôn tình , Cổ đại , Hiện đại , HE , Tình cảm , Ngọt văn , Hệ thống , Xuyên nhanh , Hào môn thế gia , Vườn trường , Cung đình hầu tước , 1v1 , Thị giác nữ chủ",Hoàn thành,696334,5311,131,2181,https://wikicv.net/truyen/xuyen-nhanh-benh-kieu-dai-lao-han-hao-di-Y6MWnfTaEAksu3om
Huyền học thiên sư khai quải hằng ngày,Ngư Diệu Thanh,"Nguyên sang , Ngôn tình , Hiện đại , HE , Tình cảm , Huyền học , Trọng sinh , Phá án , Hào môn thế gia , Nhẹ nhàng , Duyên trời tác hợp , Kim bài đề cử 🥇 , Linh dị thần quái",Hoàn thành,696279,3239,62,565,https://wikicv.net/truyen/huyen-hoc-thien-su-khai-quai-hang-ngay-WvFOKO8h7Dtf2rZ6
Sổ tay dưỡng thành thủ phụ,Văn Đàn,"Nguyên sang , Ngôn tình , Cổ đại , HE , Tình cảm , Ngọt văn , Trọng sinh , Hào môn thế gia , Trạch đấu , Thanh mai trúc mã , Kim bài đề cử 🥇",Hoàn thành,695958,790,51,441,https://wikicv.net/truyen/so-tay-duong-thanh-thu-phu-V_XT_HCVfBUj2k6W
Bị nam chủ cao lãnh coi trọng rồi [Xuyên sách],Hi Nguyệt Công Tử,"Nguyên sang , Ngôn tình , Hiện đại , HE , Tình cảm , Xuyên thư , Nữ phụ , Vườn trường , Thị giác nữ chủ",Hoàn thành,695593,1620,70,378,https://wikicv.net/truyen/bi-nam-chu-cao-lanh-coi-trong-roi-xuyen--W5Hc_VS4CH2LMyt6
Xuyên thành nữ chủ khuê mật làm sao bây giờ,Khương Ly Viễn,"Nguyên sang , Ngôn tình , Hiện đại , HE , Tình cảm , Ngọt văn , Trọng sinh , Song khiết 🕊️ , Xuyên thư , Hào môn thế gia , Nữ phụ , Vườn trường , Sảng văn , 1v1",Hoàn thành,694972,1214,69,186,https://wikicv.net/truyen/xuyen-thanh-nu-chu-khue-mat-lam-sao-bay--WvF_Ge8h7Dtf2rbQ
"Niên đại cay tức có không gian, mang theo tam bảo đi làm ruộng",A Như,"Nguyên sang , Ngôn tình , Hiện đại , HE , Tình cảm , Xuyên việt , Niên đại văn",Hoàn thành,694737,897,17,124,https://wikicv.net/truyen/nien-dai-cay-tuc-co-khong-gian-mang-theo-YgZkhVS4CCPnJH1W
Xuyên thành niên đại văn cô em chồng [ xuyên thư ],Tiểu Tiểu Đích Hiểu,"Nguyên sang , Ngôn tình , Hiện đại , HE , Tình cảm , Xuyên việt , Xuyên thư",Hoàn thành,693878,1902,103,795,https://wikicv.net/truyen/xuyen-thanh-nien-dai-van-co-em-chong-xuy-XafXrVS4CAlZZfLF
Nam chính trong truyện Khởi Điểm là cha ta,Lâm Miên Miên,"Nguyên sang , Ngôn tình , Hiện đại , HE , Tình cảm , Ngọt văn , Trọng sinh , Song khiết 🕊️ , Xuyên thư , Hào môn thế gia , Vườn trường , Thanh mai trúc mã , Song hướng yêu thầm , Sảng văn , Nhẹ nhàng , Kiếp trước kiếp này , Ấm áp , Kim bài đề cử 🥇 , Kim Bảng 🏆 , 1v1 , Thị giác nữ chủ",Hoàn thành,693634,6645,361,1997,https://wikicv.net/truyen/nam-chinh-trong-truyen-khoi-diem-la-cha--Xv66hFS4CFpFnexq
Luôn có người muốn dạy hư đồ tôn của ta,Vưu Tiền,"Nguyên sang , Ngôn tình , Cổ đại , HE , Tình cảm , Tiên hiệp , Tu chân , Xuyên việt , Thần tiên yêu quái , Y thuật , Sảng văn , Nhẹ nhàng , Hài hước , Thị giác nữ chủ",Hoàn thành,693453,3013,86,1082,https://wikicv.net/truyen/luon-co-nguoi-muon-day-hu-do-ton-cua-ta-XNNMuVS4CEKNYnil
"Hắc đế chuyên chúc: Chào buổi sáng, tân nương thứ 8 của ta",Phi Tử Nhất Tiếu,"Nguyên sang , Ngôn tình , Hiện đại , HE , Tình cảm , Xuyên việt , Ngọt văn , Song khiết 🕊️ , Xuyên thư , Làm giàu , Hào môn thế gia , Nữ phụ , Nhiều CP , Đô thị tình duyên , Duyên trời tác hợp , Ngược tra",Hoàn thành,691860,7,19,0,https://wikicv.net/truyen/hac-de-chuyen-chuc-chao-buoi-sang-tan-nu-Wc3nJO8h7C0w8yfS
"Giá trên trời bảo bối: Daddy, 99 thứ cầu hôn",Ái Tiếu Đích Du Du,"Nguyên sang , Ngôn tình , Hiện đại , HE , Tình cảm , Trọng sinh , Hào môn thế gia",Hoàn thành,691830,7,3,11,https://wikicv.net/truyen/gia-tren-troi-bao-boi-daddy-99-thu-cau-h-Wm2NNe8h7GmpBCsM
Hào môn trọng sinh: Thủ tịch đệ nhất phu nhân,Mộng Thanh Thanh,"Nguyên sang , Ngôn tình , Hiện đại , HE , Tình cảm , Báo thù , Ngọt văn , Trọng sinh , Song khiết 🕊️ , Làm giàu , Hào môn thế gia , Đô thị tình duyên , Duyên trời tác hợp , Ngược tra",Hoàn thành,690016,628,6,21,https://wikicv.net/truyen/hao-mon-trong-sinh-thu-tich-de-nhat-phu--WdVCne8h7AHQwS40
Yêu nữ [ xuyên nhanh ],Doãn Chân Hi,"Nguyên sang , Ngôn tình , Cổ đại , Cận đại , Hiện đại , Tương lai , HE , Tình cảm , Báo thù , Xuyên việt , Ngọt văn , Xuyên nhanh , Nữ phụ , Cung đấu , Trạch đấu , Cung đình hầu tước , Kim bài đề cử 🥇 , Ngân bài đề cử 🥈 , Kim Bảng 🏆 , Ngược tra , Nghịch tập",Hoàn thành,689154,1912,161,559,https://wikicv.net/truyen/yeu-nu-xuyen-nhanh-XP2fojzLcgS_XIMt
"Mạt thế nữ phụ: Ác ma lão công, đừng sủng ta",Tố Y Như Tuyết,"Nguyên sang , Ngôn tình , Hiện đại , Tương lai , HE , Tình cảm , Khoa học viễn tưởng , Mạt thế , Huyền huyễn , Dị thế , Xuyên việt , Dị năng , Ngọt văn , Song khiết 🕊️ , Xuyên thư , Nữ phụ , Nữ cường",Hoàn thành,688871,1030,28,84,https://wikicv.net/truyen/mat-the-nu-phu-ac-ma-lao-cong-dung-sung--WRrel%7E8h7G9DZpLo
Độc y đặc công: Tà quân cuồng hậu / Tuyệt thế y hậu khuynh thiên hạ,Phong Li Trần,"Nguyên sang , Ngôn tình , Cổ đại , HE , Tình cảm , Xuyên việt , Ngọt văn , Hào môn thế gia , Cường cường , Y thuật , Cung đình hầu tước , Nữ cường",Hoàn thành,688291,57,3,73,https://wikicv.net/truyen/doc-y-dac-cong-ta-quan-cuong-hau-tuyet-t-XCJpNVS4CCruZoVg
Tuyệt thế thần y: Quỷ đế phúc hắc cuồng phi,Dữ Quân Cao Ngọa Nhàn,"Nguyên sang , Ngôn tình , Cổ đại , HE , Tình cảm , Báo thù , Xuyên việt , Trạch đấu , Kiếp trước kiếp này , Nữ cường",Hoàn thành,688005,70,20,74,https://wikicv.net/truyen/tuyet-the-than-y-quy-de-phuc-hac-cuong-p-WTtYP%7E8h7AsXNAve
Thiều hoa vì quân gả,Hoa Nhật Phi,"Nguyên sang , Ngôn tình , Cổ đại , HE , Tình cảm , Báo thù , Ngọt văn , Trọng sinh , Trạch đấu , Cung đình hầu tước , Kim bài đề cử 🥇 , Ngược tra",Hoàn thành,686968,856,29,133,https://wikicv.net/truyen/thieu-hoa-vi-quan-ga-WMVKTu8h7CtKcQ9F
Xuyên qua không gian chi dị năng thương nữ,Manh Xuẩn Tiểu Bạch Thỏ,"Nguyên sang , Ngôn tình , Hiện đại , HE , Tình cảm , Xuyên việt , Dị năng , Tùy thân không gian , Y thuật",Hoàn thành,685031,674,6,40,https://wikicv.net/truyen/xuyen-qua-khong-gian-chi-di-nang-thuong--W7oBxlS4CG%7EV_RDy
Thanh xuyên chi Quý Phi chỉ nghĩ làm cá mặn / Thanh xuyên chi cá mặn quý phi dưỡng nhãi con nhớ,Băng Thủy Trung Đích Ngư,"Nguyên sang , Ngôn tình , Cổ đại , HE , Tình cảm , Làm ruộng , Xuyên việt , Tùy thân không gian , Mỹ thực , Đại Thanh , Nhẹ nhàng",Hoàn thành,684901,6459,221,1286,https://wikicv.net/truyen/thanh-xuyen-chi-quy-phi-chi-nghi-lam-ca--YSLkeVS4CHUr3oCW
Quân đế ẩn hôn: Trọng sinh toàn năng thiên hậu,Thủy Thiên Triệt,"Nguyên sang , Ngôn tình , Hiện đại , HE , Tình cảm , Ngọt văn , Trọng sinh , Song khiết 🕊️ , Hào môn thế gia , Cẩu huyết , Giới giải trí , Vườn trường , Cường cường , Hoan hỉ oan gia , Cưới trước yêu sau , Sảng văn , Thiên chi kiêu tử , Thế giới song song , Nữ cường , Ngược tra , Vả mặt , 1v1",Hoàn thành,684880,72,9,53,https://wikicv.net/truyen/quan-de-an-hon-trong-sinh-toan-nang-thie-Wtvh5e8h7Bpu8CQC
Kinh thế độc phi: Khinh cuồng đại tiểu thư,Bạch Thiên,"Nguyên sang , Ngôn tình , Cổ đại , HE , Tình cảm , Xuyên việt , Ngọt văn , Hào môn thế gia",Hoàn thành,683939,492,12,282,https://wikicv.net/truyen/kinh-the-doc-phi-khinh-cuong-dai-tieu-th-WN%7Ejs%7E8h7C1%7EmiyQ
Xuyên nhanh: Bệnh kiều cố chấp vai ác đều đoàn sủng ta cố nếu kiều,Trà Bính Bất Thị Trà,"Nguyên sang , Ngôn tình , Cổ đại , Hiện đại , HE , Tình cảm , Mạt thế , Ngọt văn , Thú nhân , Hệ thống , Xuyên nhanh , Tinh tế , Hào môn thế gia , Nữ phụ , Cung đấu , Huyết tộc , Dân quốc , Cung đình hầu tước , Pháo hôi , Duyên trời tác hợp , Phương Tây , Ngược tra , Nghịch tập , Vả mặt , Main là động vật , Mary Sue , Thị giác nữ chủ , Thật giả thiên kim , Nha hoàn",Hoàn thành,683823,4278,152,1927,https://wikicv.net/truyen/xuyen-nhanh-benh-kieu-co-chap-vai-ac-deu-YjXBcVS4CFfSrVdf
Ta thân thân lão bà: Hào môn ẩn hôn AA chế,Thập Nguyệt Sơ,"Nguyên sang , Ngôn tình , Hiện đại , HE , Tình cảm , Ngọt văn , Hào môn thế gia , Ngược văn , Đô thị tình duyên",Hoàn thành,681836,65,3,32,https://wikicv.net/truyen/ta-than-than-lao-ba-hao-mon-an-hon-aa-ch-WVN46%7E8h7Azm3Qd%7E
Không gian trọng sinh: Tướng quân cải tạo ở 80,Niên Tiểu Hoa,"Nguyên sang , Ngôn tình , Hiện đại , HE , Tình cảm , Làm ruộng , Xuyên việt , Ngọt văn , Tùy thân không gian , Cổ xuyên kim , Làm giàu , Thăng cấp lưu , Sảng văn , Nữ cường , 1v1 , Thị giác nữ chủ",Hoàn thành,681291,693,12,71,https://wikicv.net/truyen/khong-gian-trong-sinh-tuong-quan-cai-tao-XCCFuVS4CBbvfxVf
Xuyên nhanh chi không làm pháo hôi,Lâm Miêu Miêu,"Nguyên sang , Ngôn tình , Hiện đại , HE , Tình cảm , Xuyên việt , Xuyên nhanh , Thăng cấp lưu , Sảng văn , Pháo hôi , Nghịch tập",Chưa xác minh,680989,5384,54,1011,https://wikicv.net/truyen/xuyen-nhanh-chi-khong-lam-phao-hoi-WhV%7EC%7E8h7DF5v62h
Tổng phim ảnh chi tuyệt sắc yêu cơ / Sảng tạc! Tuyệt sắc yêu tinh hoành hành phim ảnh thế giới,Sam Sam Ái Quất,"Diễn sinh , Ngôn tình , Cổ đại , Hiện đại , HE , Tình cảm , Võ hiệp , Tiên hiệp , Huyền huyễn , Phim ảnh , Tu chân , Xuyên việt , Thần tiên yêu quái , Xuyên nhanh , Hồng Lâu , Hào môn thế gia , Đại Thanh , Cung đình hầu tước , Giang hồ ân oán , Đô thị tình duyên , Linh dị thần quái , Mary Sue , Thị giác nữ chủ , Bạch nguyệt quang , Kim Dung , Vạn nhân mê , Thiếu niên ca hành , Liên Hoa Lâu , Đại Tống , Đại Hán , TSTTTLĐH , Chân Hoàn truyện , Như Ý truyện , Bộ bộ kinh tâm , Hoàn Châu cách cách , Thanh bình nhạc",Còn tiếp,680128,10567,137,2104,https://wikicv.net/truyen/tong-phim-anh-chi-tuyet-sac-yeu-co-sang--ZN%7EM11S4CCjGG38%7E
Bá tình ác thiếu: Dạy dỗ tiểu đào thê,Thất Hỉ Hoàn Tử,"Nguyên sang , Ngôn tình , Hiện đại , HE , Tình cảm , Ngọt văn , Hào môn thế gia , Cẩu huyết , Ngược văn , Ngược tra",Hoàn thành,680051,13,4,10,https://wikicv.net/truyen/ba-tinh-ac-thieu-day-do-tieu-dao-the-WORjO%7E8h7H3Xv6iI
Sủng thê như lệnh,Vụ Thỉ Dực,"Nguyên sang , Ngôn tình , Cổ đại , HE , Tình cảm , Xuyên việt , Ngọt văn , Trọng sinh , Song khiết 🕊️ , Hào môn thế gia",Hoàn thành,679510,2083,35,1176,https://wikicv.net/truyen/sung-the-nhu-lenh-WBAGwnCVfE2rj9Si
Toàn năng linh sư chi phế sài tam tiểu thư,Tà Tiểu Tử,"Nguyên sang , Ngôn tình , Cổ đại , HE , Tiên hiệp , Huyền huyễn , Dị thế , Tu chân , Xuyên việt , Trọng sinh , Cường cường , Thăng cấp lưu , Sảng văn , Nữ cường",Hoàn thành,677791,301,11,285,https://wikicv.net/truyen/toan-nang-linh-su-chi-phe-sai-tam-tieu-t-WWjO_u8h7BtZz97z
Vai ác bị bắt tràn đầy khổ trung [ xuyên nhanh ],Bất Ngôn Quy,"Nguyên sang , Ngôn tình , Cổ đại , HE , Tình cảm , Võ hiệp , Tiên hiệp , Huyền huyễn , Dị thế , Tu chân , Xuyên việt , Hệ thống , Thần tiên yêu quái , Xuyên nhanh , Hào môn thế gia , Cung đình hầu tước , Sảng văn , Thiên chi kiêu tử , Phương Tây , Xuyên thành vai ác , Kim bài đề cử 🥇 , Thế giới song song , Nữ cường , Linh dị thần quái , Thị giác nữ chủ , Main là thực vật , Mất trí nhớ , Bạch nguyệt quang , Cường giả trở về , Qua lại thời không",Hoàn thành,677773,13311,1532,5484,https://wikicv.net/truyen/vai-ac-bi-bat-tran-day-kho-trung-xuyen-n-XofoR1S4CGVEsO5u
70 đại tạp viện tiểu quả phụ,Hương Tô Lật,"Nguyên sang , Ngôn tình , Hiện đại , HE , Tình cảm , Làm ruộng , Xuyên việt , Trạch đấu , Sảng văn , Thị giác nữ chủ , Niên đại văn",Hoàn thành,675657,7492,74,791,https://wikicv.net/truyen/70-dai-tap-vien-tieu-qua-phu-Za5nmlS4CBH2mSDB
Tiên phong dược lệnh,Phượng Quỳnh,"Nguyên sang , Ngôn tình , Cổ đại , HE , Tình cảm , Huyền huyễn , Dị thế , Tu chân , Ngọt văn , Trọng sinh , Thần tiên yêu quái , Tùy thân không gian , Cường cường , Y thuật , Kiếp trước kiếp này , Duyên trời tác hợp , Ngược tra , Vả mặt , 1v1 , Phế sài lưu",Hoàn thành,675192,3343,46,482,https://wikicv.net/truyen/tien-phong-duoc-lenh-YHJ9NlS4CGGsEnFD
Học bá dưỡng thành tiểu ngọt thê,Phù Quang Cẩm,"Nguyên sang , Ngôn tình , Hiện đại , HE , Tình cảm , Ngọt văn , Hào môn thế gia , Ngược văn , Gương vỡ lại lành , Vườn trường , Nhẹ nhàng , Dưỡng thành , Đô thị tình duyên , Thiên chi kiêu tử , 1v1 , Thị giác nữ chủ , Học bá",Hoàn thành,674175,2635,120,977,https://wikicv.net/truyen/hoc-ba-duong-thanh-tieu-ngot-the-Wta3Du8h7CLg%7EQbS
"Thú phi hung mãnh: Quỷ Vương, lăn xa một chút!",Ngư Tiểu Đồng,"Nguyên sang , Ngôn tình , Cổ đại , HE , Tình cảm , Tiên hiệp , Huyền huyễn , Tu chân , Xuyên việt , Y thuật , Cung đình hầu tước",Hoàn thành,673788,402,4,164,https://wikicv.net/truyen/thu-phi-hung-manh-quy-vuong-lan-xa-mot-c-WkMafO8h7DMpAXLy
"Sơn trại điền viên: Lão đại, thu cái phòng",Niên Tiểu Hoa,"Nguyên sang , Ngôn tình , Cổ đại , HE , Tình cảm , Làm ruộng , Xuyên việt",Hoàn thành,672964,1041,17,100,https://wikicv.net/truyen/son-trai-dien-vien-lao-dai-thu-cai-phong-W6wTnFS4CEr20G5q
Cứu vớt cố chấp cuồng nam xứng [ xuyên nhanh ],Sơn Hữu Thanh Mộc,"Nguyên sang , Ngôn tình , Cổ đại , Hiện đại , HE , Tình cảm , Xuyên việt , Ngọt văn , Thú nhân , Song khiết 🕊️ , Xuyên nhanh , Xuyên thư , Hào môn thế gia , Cung đình hầu tước , Người qua đường , Xuyên thành vai ác , Kim bài đề cử 🥇 , 1v1 , Thị giác nữ chủ , Chữa lành , Đa nhân cách",Hoàn thành,672749,3450,271,1677,https://wikicv.net/truyen/cuu-vot-co-chap-cuong-nam-xung-xuyen-nha-XUuB71S4CEIGEi%7ED
Xuyên việt tuyệt sắc độc phi: Phượng nghịch thiên hạ,Lộ Phi,"Nguyên sang , Ngôn tình , Cổ đại , HE , Tình cảm , Tiên hiệp , Huyền huyễn , Dị thế , Xuyên việt , Ngọt văn , Song khiết 🕊️ , Ngược văn , Cung đình hầu tước , Giang hồ ân oán , Nữ cường",Hoàn thành,672345,501,57,237,https://wikicv.net/truyen/xuyen-viet-tuyet-sac-doc-phi-phuong-nghi-WTEudO8h7G%7E9vVbc
Xuyên thành nam chủ bạch nguyệt quang làm sao đây,Điền Viên Phao,"Nguyên sang , Ngôn tình , Cổ đại , HE , Tình cảm , Ngọt văn , Xuyên nhanh , Xuyên thư , Lịch sử , Sảng văn , Kim bài đề cử 🥇 , Kim Bảng 🏆 , 1v1 , Thị giác nữ chủ",Hoàn thành,672303,3848,287,1744,https://wikicv.net/truyen/xuyen-thanh-nam-chu-bach-nguyet-quang-la-XEMOY1S4CDi79al9
Mỹ nhân tư hoa niên,Hoa Nhật Phi,"Nguyên sang , Ngôn tình , Cổ đại , HE , Tình cảm , Trọng sinh , Hào môn thế gia , Cung đình hầu tước , Sảng văn , Kim bài đề cử 🥇",Hoàn thành,671618,127,15,16,https://wikicv.net/truyen/my-nhan-tu-hoa-nien-WNuCy%7E8h7CN9rq6b
"Thiên tai mạt thế, độn 2 tỷ vật tư cẩu trụ",A Thụ tn,"Nguyên sang , Ngôn tình , Hiện đại , HE , Tình cảm , Mạt thế , Làm ruộng , Trọng sinh , Tùy thân không gian , 1v1 , Thị giác nữ chủ",Hoàn thành,671570,7364,156,674,https://wikicv.net/truyen/thien-tai-mat-the-don-2-ty-vat-tu-cau-tr-ZIhFXVS4CGP675RZ
Thượng vị công lược: Ta đem vai ác dưỡng oai,Mặc Linh,"Nguyên sang , Ngôn tình , Cổ đại , HE , Tình cảm , Huyền huyễn , Tu chân , Xuyên việt , Ngọt văn , Thần tiên yêu quái , Song khiết 🕊️ , Xuyên thư , Trạch đấu , Cung đình hầu tước , Nữ cường , Ngược tra",Hoàn thành,669748,964,53,506,https://wikicv.net/truyen/thuong-vi-cong-luoc-ta-dem-vai-ac-duong--WThNJ%7E8h7CotI71D
Sau khi thức tỉnh ta chinh phục toàn thế giới,Cô Mộc Song,"Nguyên sang , Ngôn tình , Hiện đại , HE , Tình cảm , Huyền huyễn , Dị năng , Trọng sinh , Cường cường , Kiếp trước kiếp này , Đô thị , Cận thủy lâu đài , Duyên trời tác hợp , Nữ cường , Linh dị thần quái , 1v1 , Thị giác nữ chủ",Hoàn thành,666088,3216,29,505,https://wikicv.net/truyen/sau-khi-thuc-tinh-ta-chinh-phuc-toan-the-XgDtYVS4CGSMVI9_
Ngạo thế cuồng phượng: Tuyệt đại lính đánh thuê phi,Sướng Nhiên,"Nguyên sang , Ngôn tình , Cổ đại , HE , Tình cảm , Xuyên việt , Nữ cường",Hoàn thành,666071,14,3,4,https://wikicv.net/truyen/ngao-the-cuong-phuong-tuyet-dai-linh-dan-WWSdQe8h7DEC7GVY
Hào môn hôn sủng: Thú tính lão công hàng đêm liêu,Hoa Bất Ly,"Nguyên sang , Ngôn tình , Hiện đại , HE , Tình cảm , Hào môn thế gia , Cẩu huyết , Đô thị",Hoàn thành,665996,46,18,79,https://wikicv.net/truyen/hao-mon-hon-sung-thu-tinh-lao-cong-hang--WhuNJO8h7DsM3N8X
Độc nhất vô nhị sủng thê: Kim chủ đệ nhất phu nhân,Thập Nguyệt Sơ,"Nguyên sang , Ngôn tình , Hiện đại , HE , Tình cảm , Ngọt văn , Trọng sinh , Hào môn thế gia , Ngược văn , Đô thị",Hoàn thành,663950,678,0,67,https://wikicv.net/truyen/doc-nhat-vo-nhi-sung-the-kim-chu-de-nhat-WVRxYe8h7H3Lj3%7Eg
"Kiều thê tàn nhẫn đại bài: Đừng nháo, chấp hành trường!",Nam Nam Lý,"Nguyên sang , Ngôn tình , Hiện đại , HE , Tình cảm , Ngọt văn , Hào môn thế gia , Đô thị , Nữ cường , Ngược tra , Vả mặt , 1v1 , Giả heo ăn hổ",Hoàn thành,663403,6002,55,228,https://wikicv.net/truyen/kieu-the-tan-nhan-dai-bai-dung-nhao-chap-W272r1S4CBqtA0dg
Trở lại 70 làm giàu làm quân tẩu,Tự Niên,"Nguyên sang , Ngôn tình , Hiện đại , HE , Tình cảm , Làm ruộng , Xuyên việt , Ngọt văn , Tùy thân không gian , Làm giàu , Sảng văn , Kim bài đề cử 🥇 , Ngược tra , 1v1 , Thị giác nữ chủ",Hoàn thành,663092,709,21,190,https://wikicv.net/truyen/tro-lai-70-lam-giau-lam-quan-tau-X1jeqlS4CD3XLzNS
Trở lại 70 gả xui xẻo nam xứng,Dạ Tử Vũ,"Nguyên sang , Ngôn tình , Hiện đại , HE , Tình cảm , Làm ruộng , Ngọt văn , Xuyên thư , 1v1",Hoàn thành,662455,1267,58,229,https://wikicv.net/truyen/tro-lai-70-ga-xui-xeo-nam-xung-Xjo%7Eh1S4CC5T%7EeEq
Trọng sinh chi nhất phẩm quận vương phi,Vân Thiên Phi Vụ,"Nguyên sang , Ngôn tình , Cổ đại , HE , Tình cảm , Huyền huyễn , Báo thù , Ngọt văn , Trọng sinh , Làm giàu , Hào môn thế gia , Cung đấu , Trạch đấu , Cung đình hầu tước , Sảng văn , Kiếp trước kiếp này , Thiên chi kiêu tử , Duyên trời tác hợp , Nữ cường , Ngược tra , 1v1",Hoàn thành,660746,32,5,5,https://wikicv.net/truyen/trong-sinh-chi-nhat-pham-quan-vuong-phi-WgiCXO8h7HEpRiaN
Trọng sinh 90 thần y phúc thê,Thất Tinh Thảo,"Nguyên sang , Ngôn tình , Hiện đại , HE , Tình cảm , Báo thù , Dị năng , Trọng sinh , Hào môn thế gia , Trạch đấu , Nghịch tập , Thị giác nữ chủ , Niên đại văn",Hoàn thành,659807,678,1,389,https://wikicv.net/truyen/trong-sinh-90-than-y-phuc-the-XVCmqFS4CGqHGke8
Nhà nghèo đại tục nhân,Họa Bút Xao Xao,"Nguyên sang , Ngôn tình , Cổ đại , HE , Tình cảm , Xuyên việt , Làm giàu , Thị giác nữ chủ",Hoàn thành,659063,1981,422,759,https://wikicv.net/truyen/nha-ngheo-dai-tuc-nhan-Yv7tjVS4CHrhUBm%7E
"Xuyên qua sau, ta cùng phu quân cùng nhau trọng sinh",Xuân Quang Mãn Viên,"Nguyên sang , Ngôn tình , Cổ đại , HE , Tình cảm , Xuyên việt , Trọng sinh , Hào môn thế gia , Cung đình hầu tước , Kiếp trước kiếp này , 1v1 , Thị giác nữ chủ",Hoàn thành,658419,5350,78,770,https://wikicv.net/truyen/xuyen-qua-sau-ta-cung-phu-quan-cung-nhau-YWnBOVS4CBaCwZYx
Trọng sinh tiểu địa chủ,Nhược Nhan,"Nguyên sang , Ngôn tình , Cổ đại , HE , Tình cảm , Làm ruộng , Ngọt văn , Trọng sinh",Hoàn thành,658178,1034,48,398,https://wikicv.net/truyen/trong-sinh-tieu-dia-chu-WLFu8HCVfFFqn891
Độc sủng cuồng thê: Ta bộ đội đặc chủng lão bà,Cô Mộc Song,"Nguyên sang , Ngôn tình , Hiện đại , HE , Tình cảm , Ngọt văn , Trọng sinh , Song khiết 🕊️ , Làm giàu , Hào môn thế gia , Cẩu huyết , Giới giải trí , Cường cường , Thanh mai trúc mã , Sảng văn , Nhẹ nhàng , Ấm áp , Lôi , Nữ cường , 1v1",Hoàn thành,657466,1168,13,387,https://wikicv.net/truyen/doc-sung-cuong-the-ta-bo-doi-dac-chung-l-WUfJ0u8h7EvMJ7jV
Nữ phụ tu tiên sau xuyên về rồi / Thật thiên kim chỉ nghĩ làm ruộng,Trạch Miêu,"Nguyên sang , Ngôn tình , Hiện đại , HE , Tình cảm , Làm ruộng , Huyền huyễn , Tu chân , Xuyên việt , Xuyên thư , Nữ phụ , Kim bài đề cử 🥇 , Thật giả thiên kim",Hoàn thành,657319,1961,72,727,https://wikicv.net/truyen/nu-phu-tu-tien-sau-xuyen-ve-roi-that-thi-Xzzy61S4CGl0MjGv
"Ảnh hậu trọng sinh: Thượng tướng đại nhân, ngươi đừng trốn",Tứ Giản,"Nguyên sang , Ngôn tình , Hiện đại , HE , Tình cảm , Ngọt văn , Trọng sinh , Song khiết 🕊️ , Làm giàu , Giới giải trí , Quân văn , Vườn trường , Cường cường , Đô thị , Duyên trời tác hợp , Ngược tra",Hoàn thành,656922,773,19,31,https://wikicv.net/truyen/anh-hau-trong-sinh-thuong-tuong-dai-nhan-Wc6LQ%7E8h7Edh3tFG
Pháo hôi thăng cấp kế hoạch thư,Khoái Nhạc Tiểu Vu Bà,"Nguyên sang , Ngôn tình , Cổ đại , Cận đại , Hiện đại , Tương lai , HE , Tình cảm , Võ hiệp , Xuyên nhanh , Giới giải trí , Dân quốc",Hoàn thành,656718,1738,88,498,https://wikicv.net/truyen/phao-hoi-thang-cap-ke-hoach-thu-WFj5z3CVfCf1Jd%7EY
Mau xuyên nữ phụ: Công lược nam thần bảo điển,Trường Tư,"Nguyên sang , Ngôn tình , Cổ đại , Hiện đại , HE , Tình cảm , Khoa học viễn tưởng , Huyền huyễn , Ngọt văn , Hệ thống , Song khiết 🕊️ , Xuyên nhanh , Nữ phụ , Pháo hôi , Nữ cường , Nghịch tập",Hoàn thành,656199,457,40,233,https://wikicv.net/truyen/mau-xuyen-nu-phu-cong-luoc-nam-than-bao--WRW3mO8h7HljCdVH
Pháo hôi không muốn chết ( xuyên nhanh ),Hoãn Quy Hĩ,"Nguyên sang , Ngôn tình , Cổ đại , Hiện đại , HE , Tình cảm , Báo thù , Xuyên nhanh , Sảng văn , Kim bài đề cử 🥇 , Kim Bảng 🏆 , Ngược tra , Vả mặt , Thị giác nữ chủ",Hoàn thành,653080,6869,503,2062,https://wikicv.net/truyen/phao-hoi-khong-muon-chet-xuyen-nhanh-XyNQ4lS4CErBUqoV
Giới giải trí đầu đề,Hoàn Nhĩ wr,"Nguyên sang , Ngôn tình , Hiện đại , HE , Tình cảm , Trọng sinh , Giới giải trí",Hoàn thành,652551,4981,155,717,https://wikicv.net/truyen/gioi-giai-tri-dau-de-WK0NhHCVfFs8Ksvr
Hư! Hào môn từ ta tạo! [ niên đại ] / Tông môn đại mỹ nhân xuyên 70,Tứ Đan Phô,"Nguyên sang , Ngôn tình , Hiện đại , HE , Tình cảm , Ngọt văn , Xuyên thư , Làm giàu , Sảng văn , Duyên trời tác hợp , Kim bài đề cử 🥇 , Kim Bảng 🏆 , Nữ cường , Vả mặt , 1v1 , Thị giác nữ chủ , Xuyên về thế giới cũ , Niên đại văn",Hoàn thành,652412,1973,15,208,https://wikicv.net/truyen/hu-hao-mon-tu-ta-tao-nien-dai-tong-mon-d-ZPqVaVS4CFAXxbMe
"Hôn nhân mỏng manh, chồng trước quá dã man",Thiền Tâm Nguyệt,"Nguyên sang , Ngôn tình , Hiện đại , HE , Tình cảm , Ngọt văn , Hào môn thế gia , Cẩu huyết , Ngược văn , Đô thị",Hoàn thành,652379,293,4,5,https://wikicv.net/truyen/hon-nhan-mong-manh-chong-truoc-qua-da-ma-WV0Hz%7E8h7CTkhJJD
Không gian trọng sinh: Nhà nghèo đệ nhất thương nữ,Nạp Lan Mặc,"Nguyên sang , Ngôn tình , Hiện đại , HE , Tình cảm , Huyền huyễn , Báo thù , Ngọt văn , Trọng sinh , Song khiết 🕊️ , Tùy thân không gian , Làm giàu , Hào môn thế gia , Cường cường , Đô thị , Duyên trời tác hợp , Ngược tra",Hoàn thành,652192,432,4,48,https://wikicv.net/truyen/khong-gian-trong-sinh-nha-ngheo-de-nhat--We06iO8h7FFEOaHS
Độc sủng ngốc hậu,Quyết Tuyệt,"Nguyên sang , Ngôn tình , Cổ đại , HE , Tình cảm , Xuyên việt , Ngọt văn , Trọng sinh , Hào môn thế gia , Cung đình hầu tước",Hoàn thành,651870,946,43,531,https://wikicv.net/truyen/doc-sung-ngoc-hau-WNm6Xu8h7ARiZPIC
"Gặp được, Phó tiên sinh ( Đại thúc, nhẹ nhàng hôn )",Vô Tẫn Tương Tư,"Nguyên sang , Ngôn tình , Hiện đại , HE , Tình cảm , Ngọt văn , Hào môn thế gia , Nhẹ nhàng , Đô thị , Cận thủy lâu đài , Tiểu bạch văn , Trâu già gặm cỏ non",Hoàn thành,651291,17,47,10,https://wikicv.net/truyen/gap-duoc-pho-tien-sinh-dai-thuc-nhe-nhan-W2lfC1S4CFs3M89B
"Đầu đề thiên hậu: Quân thiếu, sủng sủng sủng!",Vân Phi Mặc,"Nguyên sang , Ngôn tình , Hiện đại , HE , Tình cảm , Ngọt văn , Trọng sinh , Hào môn thế gia , Giới giải trí , Đô thị , Nghịch tập , 1v1",Hoàn thành,650961,1746,92,100,https://wikicv.net/truyen/dau-de-thien-hau-quan-thieu-sung-sung-su-W2XNDlS4CFy6lBQE
Ta dựa cá mặn ở ngược văn ra kỳ tích,Cố Tranh,"Nguyên sang , Ngôn tình , Hiện đại , HE , Tình cảm , Ngọt văn , Xuyên thư , Hào môn thế gia , Sảng văn , Nhẹ nhàng , Hài hước , Đô thị , Pháo hôi , Kim bài đề cử 🥇 , Kim Bảng 🏆 , 1v1 , Thị giác nữ chủ",Hoàn thành,650773,7066,680,3846,https://wikicv.net/truyen/ta-dua-ca-man-o-nguoc-van-ra-ky-tich-X__q41S4CDDZrTZH
Trọng sinh 80: Lục thiếu sủng thê vô độ,Tử Vũ Y Y,"Nguyên sang , Ngôn tình , Hiện đại , HE , Tình cảm , Huyền huyễn , Ngọt văn , Trọng sinh , Tùy thân không gian , Quân văn , Y thuật",Hoàn thành,650749,888,6,71,https://wikicv.net/truyen/trong-sinh-80-luc-thieu-sung-the-vo-do-Wj5EH%7E8h7D7la4fs
Trọng sinh nông gia có điền,Hải Tinh 99,"Nguyên sang , Ngôn tình , Cận đại , Hiện đại , HE , Tình cảm , Làm ruộng , Ngọt văn , Trọng sinh , Tùy thân không gian",Hoàn thành,648844,850,11,94,https://wikicv.net/truyen/trong-sinh-nong-gia-co-dien-WB2eIHCVfDlOiP1W
Xuyên thành đại lão tư bôn vợ trước,Trì Mạch,"Nguyên sang , Ngôn tình , Hiện đại , HE , Tình cảm , Xuyên thư , Hào môn thế gia , Nữ phụ , Sảng văn , Đô thị , Lôi , Xuyên thành vai ác , Kim bài đề cử 🥇 , Kim Bảng 🏆 , Nghịch tập , Vả mặt , 1v1 , Thị giác nữ chủ",Hoàn thành,646793,1033,49,359,https://wikicv.net/truyen/xuyen-thanh-dai-lao-tu-bon-vo-truoc-Xu81ulS4CF%7EJx6Rj
Tống Đàn ký sự,Kinh Cức Chi Ca,"Nguyên sang , Ngôn tình , Hiện đại , HE , Tình cảm , Làm ruộng , Thị giác nữ chủ",Còn tiếp,646774,5556,141,1668,https://wikicv.net/truyen/tong-dan-ky-su-YtqWY1S4CCGnMjxY
Vương bài triệu hoán sư: Nghịch thiên cuồng nữ,Lăng Vi Tuyết Thiến,"Nguyên sang , Ngôn tình , Cổ đại , Hiện đại , HE , Tình cảm , Huyền huyễn , Xuyên việt , Dị năng , Ngọt văn , Ngược văn",Hoàn thành,646757,22,12,8,https://wikicv.net/truyen/vuong-bai-trieu-hoan-su-nghich-thien-cuo-WkcZk%7E8h7A32R_uY
Sủng Thê Thành Nghiện: Lục Thiếu Sủng Từ Đáy Lòng,Thanh Hàm,"Nguyên sang , Ngôn tình , Hiện đại , HE , Tình cảm , Ngọt văn , Hào môn thế gia , Cẩu huyết , Duyên trời tác hợp",Hoàn thành,646630,9,0,6,https://wikicv.net/truyen/sung-the-thanh-nghien-luc-thieu-sung-tu--Xh63X1S4CHKGELCR
Trọng sinh mạt thế chi nhặt cái thi vương đương bảo tiêu,Hoài Nha Đầu,"Nguyên sang , Ngôn tình , Hiện đại , Tương lai , HE , Tình cảm , Mạt thế , Làm ruộng , Báo thù , Ngọt văn , Trọng sinh , Hào môn thế gia , Sảng văn , Đô thị , Cận thủy lâu đài , Duyên trời tác hợp , Nữ cường , Ngược tra , Nghịch tập , 1v1 , Thị giác nữ chủ , Bình dân sinh hoạt",Hoàn thành,645616,2984,36,139,https://wikicv.net/truyen/trong-sinh-mat-the-chi-nhat-cai-thi-vuon-XlX3blS4CFMPOfUD
[ Cổ xuyên vị ] Tinh tế sủng hôn,Vụ Thỉ Dực,"Nguyên sang , Ngôn tình , Tương lai , HE , Tình cảm , Khoa học viễn tưởng , Ngọt văn , Song khiết 🕊️ , Cổ xuyên kim , Tinh tế , Cơ giáp , ABO , Kim bài đề cử 🥇",Hoàn thành,645369,2578,93,1217,https://wikicv.net/truyen/co-xuyen-vi-tinh-te-sung-hon-WA3X53CVfEEOZRRs
Xuyên thành bạn gái cũ của tổng tài,Cửu Tử,"Nguyên sang , Ngôn tình , Hiện đại , HE , Tình cảm , Xuyên việt , Xuyên thư , Hào môn thế gia , Giới giải trí , Sảng văn , Kim bài đề cử 🥇 , Ngược tra , Vả mặt",Hoàn thành,645117,925,51,309,https://wikicv.net/truyen/xuyen-thanh-ban-gai-cu-cua-tong-tai-WoOjCO8h7AIK04P_
Xuyên nhanh: Ta thật sự thích cái kia nam xứng!,Tuế Trản,"Nguyên sang , Ngôn tình , Cổ đại , Hiện đại , Tương lai , HE , Tình cảm , Ngọt văn , Xuyên nhanh , Hào môn thế gia , Nữ phụ , Vườn trường , Cung đình hầu tước , Nhẹ nhàng , Ấm áp , Thị giác nữ chủ , Chữa lành",Hoàn thành,644989,7078,375,2172,https://wikicv.net/truyen/xuyen-nhanh-ta-that-su-thich-cai-kia-nam-YKDMAFS4CBdYsMN2
Không gian chi nông nữ cẩm tú trang viên,Mộ Dạ Hàn,"Nguyên sang , Ngôn tình , Cổ đại , HE , Tình cảm , Làm ruộng , Xuyên việt , Tùy thân không gian , Làm giàu , Trạch đấu",Hoàn thành,644722,213,29,144,https://wikicv.net/truyen/khong-gian-chi-nong-nu-cam-tu-trang-vien-WEVgF3CVfDDN7JM9
Ta ở mạt thế làm ruộng / Mạt thế trọng sinh: Khối Rubik không gian tới làm ruộng,Ái Cật Đích Miên Hoa Đường,"Nguyên sang , Ngôn tình , Hiện đại , HE , Tình cảm , Khoa học viễn tưởng , Mạt thế , Làm ruộng , Báo thù , Trọng sinh , Tùy thân không gian , Mỹ thực , Thăng cấp lưu , Sảng văn , Nữ cường , Ngược tra , Thị giác nữ chủ",Chưa xác minh,644708,6132,157,952,https://wikicv.net/truyen/ta-o-mat-the-lam-ruong-mat-the-trong-sin-XBnmFVS4CEgct8Ls
Nghịch thiên phúc hắc cuồng nữ: Tuyệt thế cuồng phi,Băng Thủy Tiên,"Nguyên sang , Ngôn tình , Cổ đại , HE , Tình cảm , Xuyên việt , Ngọt văn , Cường cường , Cung đình hầu tước , Phế sài lưu",Hoàn thành,644512,1007,25,135,https://wikicv.net/truyen/nghich-thien-phuc-hac-cuong-nu-tuyet-the-WNpLSu8h7HCOA8V8
Trọng sinh chi y phẩm đích nữ,Tiểu Yêu Trọng Sinh,"Nguyên sang , Ngôn tình , Cổ đại , HE , Tình cảm , Huyền huyễn , Báo thù , Trọng sinh , Hào môn thế gia , Cẩu huyết , Nhẹ nhàng",Hoàn thành,644114,319,10,62,https://wikicv.net/truyen/trong-sinh-chi-y-pham-dich-nu-WXdVpu8h7HSIxuND
Trọng sinh ngọt thê tiểu manh bảo,Thất Tinh Thảo,"Nguyên sang , Ngôn tình , Hiện đại , HE , Tình cảm , Ngọt văn , Trọng sinh , Sinh con , Hào môn thế gia , Trạch đấu , Thanh mai trúc mã , Ngược tra , Vả mặt , Giả heo ăn hổ",Hoàn thành,643245,2319,3,39,https://wikicv.net/truyen/trong-sinh-ngot-the-tieu-manh-bao-WsDt7e8h7HGiQ7Jb
Thần bếp cuồng hậu,Sở Lí,"Nguyên sang , Ngôn tình , Cổ đại , HE , Tình cảm , Xuyên việt , Hệ thống , Mỹ thực , Cung đình hầu tước , Nhiều CP",Hoàn thành,642883,664,27,410,https://wikicv.net/truyen/than-bep-cuong-hau-WdbqlO8h7Eq12hY1
Mang theo nông trường xuyên niên đại văn,Túy Như Quy,"Nguyên sang , Ngôn tình , Hiện đại , HE , Tình cảm , Làm ruộng , Ngọt văn , Trọng sinh , Hệ thống , Song khiết 🕊️ , Mỹ thực , Sảng văn , 1v1 , Thị giác nữ chủ , Đàn xuyên , Niên đại văn",Hoàn thành,642780,2105,38,462,https://wikicv.net/truyen/mang-theo-nong-truong-xuyen-nien-dai-van-YA1qIFS4CF348GHq
Sủng thê vô độ: Độc vương thần y cuồng phi,Khuynh Thế Phong Hoa,"Nguyên sang , Ngôn tình , Cổ đại , HE , Tình cảm , Trọng sinh , Song khiết 🕊️ , Cường cường , Cung đình hầu tước , Sảng văn",Hoàn thành,642722,20,6,54,https://wikicv.net/truyen/sung-the-vo-do-doc-vuong-than-y-cuong-ph-WTpY%7EO8h7AwQNTgg
Xuân noãn hương nùng,Tiếu Giai Nhân,"Nguyên sang , Ngôn tình , Cổ đại , HE , Tình cảm , Trọng sinh , Song khiết 🕊️ , Hào môn thế gia , Cung đấu , Trạch đấu",Hoàn thành,642627,496,62,199,https://wikicv.net/truyen/xuan-noan-huong-nung-V_ZN8nCVfCgZYETW
Xuyên thư 70: Thanh niên trí thức xuống nông thôn gả tháo hán phất nhanh,Khuynh Mạt Luyến,"Nguyên sang , Ngôn tình , Hiện đại , HE , Tình cảm , Làm ruộng , Tùy thân không gian , Xuyên thư , Nữ phụ , Sảng văn , Thị giác nữ chủ , Dưỡng oa , Niên đại văn",Hoàn thành,642613,342,2,38,https://wikicv.net/truyen/xuyen-thu-70-thanh-nien-tri-thuc-xuong-n-ZEv2qGHe7Diw8tK0
Thần y độc phi quá kiêu ngạo,La Tam Pháo,"Nguyên sang , Ngôn tình , Cổ đại , HE , Tình cảm , Ngọt văn , Y thuật , Nữ cường , 1v1",Hoàn thành,642554,692,8,111,https://wikicv.net/truyen/than-y-doc-phi-qua-kieu-ngao-XBU631S4CAbaTLYx
"Trọng sinh quân hôn, thủ trưởng sủng thê ngọt như mật /  Gả cho thủ trưởng những chuyện này",Yêu Họa Họa,"Nguyên sang , Ngôn tình , Hiện đại , HE , Tình cảm , Trọng sinh , Song khiết 🕊️ , Quân văn , 1v1",Hoàn thành,642415,3,9,1,https://wikicv.net/truyen/trong-sinh-quan-hon-thu-truong-sung-the--Wm1v2O8h7EZD3Ba8
Xuyên thư: Đám vai ác đoàn sủng tiểu sư muội,Phù Đảo,"Nguyên sang , Ngôn tình , Cổ đại , HE , Tình cảm , Tiên hiệp , Huyền huyễn , Tu chân , Ngọt văn , Hệ thống , Xuyên thư , Sảng văn , Kim bài đề cử 🥇 , Ngân bài đề cử 🥈 , Kim Bảng 🏆 , Linh dị thần quái , Mary Sue , Thị giác nữ chủ , Đoàn sủng",Hoàn thành,642209,9522,623,3695,https://wikicv.net/truyen/xuyen-thu-dam-vai-ac-doan-sung-tieu-su-m-YZwQeFS4CDVHy0Nd
Thét chói tai nữ vương,Ngân Phát Tử Ngư Nhãn,"Diễn sinh , Ngôn tình , Hiện đại , HE , Tình cảm , Kinh dị , Vô hạn lưu , Sảng văn , Vả mặt , Thị giác nữ chủ",Hoàn thành,641291,13233,196,3162,https://wikicv.net/truyen/thet-choi-tai-nu-vuong-W81gxlS4CDnQt_Lh
Phật hệ thiếu nữ xuyên thư hằng ngày,Thập Lục Nguyệt Tây Qua,"Nguyên sang , Ngôn tình , Hiện đại , HE , Tình cảm , Xuyên việt , Ngọt văn , Xuyên thư , Hào môn thế gia , Nữ phụ , Giới giải trí , Pháo hôi , Kim bài đề cử 🥇",Hoàn thành,640994,1716,100,592,https://wikicv.net/truyen/phat-he-thieu-nu-xuyen-thu-hang-ngay-WzIPvu8h7FrZJjwi
Xuyên thành tàn tật đại lão ác độc vị hôn thê / Làm nũng với đại lão tàn tật,Đường Tô,"Nguyên sang , Ngôn tình , Hiện đại , HE , Tình cảm , Xuyên thư , Cổ xuyên kim , Mỹ thực , Hào môn thế gia",Hoàn thành,640828,1384,82,480,https://wikicv.net/truyen/xuyen-thanh-tan-tat-dai-lao-ac-doc-vi-ho-XmhG01S4CFoCeseq
Phế sài phu nhân lại vương tạc / Phượng ngự cửu châu,Tiêu Thất Gia,"Nguyên sang , Ngôn tình , Cổ đại , HE , Tình cảm , Huyền huyễn , Dị thế , Tu chân , Ngọt văn , Trọng sinh , Cường cường , Y thuật , Cung đình hầu tước , Sảng văn , Kiếp trước kiếp này , Nữ cường , Nghịch tập , Thị giác nữ chủ",Chưa xác minh,640540,611,35,204,https://wikicv.net/truyen/phe-sai-phu-nhan-lai-vuong-tac-phuong-ng-XZoqMVS4CGBICPCv
Trọng sinh quân tẩu có không gian,Mạnh Huyên,"Nguyên sang , Ngôn tình , Hiện đại , HE , Tình cảm , Ngọt văn , Trọng sinh , Tùy thân không gian , Quân văn",Hoàn thành,639696,490,8,65,https://wikicv.net/truyen/trong-sinh-quan-tau-co-khong-gian-WBA9HHCVfFxfW1KB
60: Mặt lạnh quan quân bị nghiên cứu khoa học đại lão đắn đo,Hồi Hồi Miêu,"Nguyên sang , Ngôn tình , Hiện đại , HE , Tình cảm , Xuyên việt , Niên đại văn",Còn tiếp,639346,6947,48,347,https://wikicv.net/truyen/60-mat-lanh-quan-quan-bi-nghien-cuu-khoa-ZR64FFS4CBxpW_Rx
Trọng sinh 90 cẩm lý tiểu thần y,Tiêu An Dương,"Nguyên sang , Ngôn tình , Hiện đại , HE , Tình cảm , Làm ruộng , Trọng sinh , Làm giàu , Y thuật , Sảng văn , Đô thị , Nữ cường , Thị giác nữ chủ , Niên đại văn",Hoàn thành,639225,1810,17,178,https://wikicv.net/truyen/trong-sinh-90-cam-ly-tieu-than-y-YCfESlS4CGW2otDy
Ta dựa làm ruộng gia tài bạc triệu,Niên Tiểu Hoa,"Nguyên sang , Ngôn tình , Cổ đại , HE , Tình cảm , Huyền huyễn , Xuyên việt , Mỹ thực , Cung đình hầu tước , Kiếp trước kiếp này , 1v1 , Thị giác nữ chủ",Hoàn thành,638896,970,14,23,https://wikicv.net/truyen/ta-dua-lam-ruong-gia-tai-bac-trieu-Yt3ZiVS4CAFb9efC
Huynh trưởng của ta là tiên đế,Bạc Hà Miêu,"Nguyên sang , Ngôn tình , Cổ đại , HE , Tình cảm , Trọng sinh , Cung đình hầu tước , Sảng văn , Nhẹ nhàng , Kiếp trước kiếp này , Cận thủy lâu đài , Kim bài đề cử 🥇 , Tương ái tương sát , Song trọng sinh , Thị giác nữ chủ",Hoàn thành,638817,710,56,166,https://wikicv.net/truyen/huynh-truong-cua-ta-la-tien-de-W64kOFS4CAR9Qv8S
"Mau xuyên: Nam thần đại nhân, sủng lên trời!",> Hấp Q -a>,"Nguyên sang , Ngôn tình , Cổ đại , Hiện đại , HE , Tình cảm , Khoa học viễn tưởng , Huyền huyễn , Xuyên việt , Ngọt văn , Hệ thống , Song khiết 🕊️ , Xuyên nhanh , Ngược tra",Hoàn thành,637412,65,18,28,https://wikicv.net/truyen/mau-xuyen-nam-than-dai-nhan-sung-len-tro-WZKnJe8h7EGI2YZw
Xuyên qua trở thành nông gia nữ,Thiên Ni,"Nguyên sang , Ngôn tình , Cổ đại , HE , Tình cảm , Xuyên việt",Hoàn thành,636274,639,6,65,https://wikicv.net/truyen/xuyen-qua-tro-thanh-nong-gia-nu-WjslRO8h7Gc7Fe3O
Thiên Y Phượng Cửu (Tuyệt Sắc Quyến Rũ: Quỷ Y Chí Tôn),Phượng Quỳnh,"Nguyên sang , Ngôn tình , Cổ đại , HE , Tình cảm , Tiên hiệp , Huyền huyễn , Tu chân , Xuyên việt , Ngọt văn , Tùy thân không gian , Cường cường , Y thuật , Cung đình hầu tước , Sảng văn , Nhiều CP , Duyên trời tác hợp , Nữ cường , 1v1 , Ngự thú",Hoàn thành,52646629,63560,538,7190,https://wikicv.net/truyen/thien-y-phuong-cuu-tuyet-sac-quyen-ru-qu-WIbbiDu261KAurS5
Mị vương sủng thê: Quỷ y hoàn khố phi,Cố Nhiễm Cẩm,"Nguyên sang , Ngôn tình , Cổ đại , HE , Tình cảm , Huyền huyễn , Báo thù , Dị thế , Xuyên việt , Ma pháp , Ngọt văn , Trọng sinh , Thần tiên yêu quái , Song khiết 🕊️ , Cung đấu , Trạch đấu , Y thuật , Thăng cấp lưu , Cung đình hầu tước , Sảng văn , Hài hước , Nữ cường , Ngược tra , Nghịch tập , 1v1",Hoàn thành,35754624,41723,500,7894,https://wikicv.net/truyen/mi-vuong-sung-the-quy-y-hoan-kho-phi-WftYVu8h7ES7v3Pl
"Xuyên nhanh: Nữ xứng, bình tĩnh một chút",Đỗ Liễu Liễu,"Nguyên sang , Ngôn tình , Cổ đại , Cận đại , Hiện đại , Tương lai , HE , Tình cảm , Huyền huyễn , Báo thù , Ngọt văn , Hệ thống , Song khiết 🕊️ , Xuyên nhanh , Nữ phụ , Ngược văn , Cường cường , Sảng văn , Nhẹ nhàng , Hài hước , Ấm áp , Nữ cường , Ngược tra , Nghịch tập , Vả mặt , 1v1 , Giả heo ăn hổ , Thị giác nữ chủ , Vô địch lưu",Hoàn thành,35021857,203449,4374,28889,https://wikicv.net/truyen/xuyen-nhanh-nu-xung-binh-tinh-mot-chut-W7I2xlS4CBu2Iu43
Tà Vương truy thê / Một đời khuynh thành / Lầm chọc yêu nghiệt Vương gia: Phế tài nghịch thiên tứ tiểu thư,Tô Tiểu Noãn,"Nguyên sang , Ngôn tình , Cổ đại , HE , Tình cảm , Huyền huyễn , Dị thế , Tu chân , Xuyên việt , Ngọt văn , Lôi , 1v1 , Thị giác nữ chủ",Hoàn thành,30386277,20274,583,4720,https://wikicv.net/truyen/ta-vuong-truy-the-mot-doi-khuynh-thanh-l-WGisGnCVfDu8oxFQ
Tuyệt thế thần y: Phúc hắc đại tiểu thư,Dạ Bắc,"Nguyên sang , Ngôn tình , Cổ đại , HE , Tình cảm , Huyền huyễn , Xuyên việt , Ngọt văn",Hoàn thành,27075163,17091,277,1502,https://wikicv.net/truyen/tuyet-the-than-y-phuc-hac-dai-tieu-thu-WIbdDTu261KAurS7
Chí tôn đồng thuật sư,Mạch Yên,"Nguyên sang , Ngôn tình , Cổ đại , HE , Tình cảm , Huyền huyễn , Dị thế , Tu chân , Xuyên việt , Dị năng , Thần tiên yêu quái , Tùy thân không gian , Hào môn thế gia , Cường cường , Y thuật , Thăng cấp lưu , Đấu khí , Cung đình hầu tước , Sảng văn , Nữ cường , Giả heo ăn hổ , Đế vương",Hoàn thành,24362556,42082,270,7070,https://wikicv.net/truyen/chi-ton-dong-thuat-su-WgTeF%7E8h7HRYKy8Q
Nông môn trưởng tỷ có không gian,Tam Táo,"Nguyên sang , Ngôn tình , Cổ đại , HE , Tình cảm , Làm ruộng , Xuyên việt , Ngọt văn , Song khiết 🕊️ , Tùy thân không gian , Làm giàu , Cường cường , Sảng văn , Cận thủy lâu đài , Nữ cường , 1v1 , Thị giác nữ chủ , Tg lai xuyên cổ đại",Hoàn thành,18370681,32529,220,2370,https://wikicv.net/truyen/nong-mon-truong-ty-co-khong-gian-XbxiwVS4CCmp1wic
Bạo sủng cuồng thê: Thần y ngũ tiểu thư,Phiến Cốt Mộc,"Nguyên sang , Ngôn tình , Cổ đại , HE , Tình cảm , Tiên hiệp , Huyền huyễn , Tu chân , Xuyên việt , Ngọt văn , Thăng cấp lưu , Cung đình hầu tước , Nghịch tập",Hoàn thành,16358415,11600,61,3176,https://wikicv.net/truyen/bao-sung-cuong-the-than-y-ngu-tieu-thu-WOqruu8h7AsKxRYh
Hắc hóa nam chủ tổng tưởng kịch bản ta,Tần Nguyên,"Nguyên sang , Ngôn tình , Cổ đại , Hiện đại , HE , Tình cảm , Khoa học viễn tưởng , Huyền huyễn , Tu chân , Ngọt văn , Hệ thống , Thần tiên yêu quái , Xuyên nhanh , Tùy thân không gian , Hào môn thế gia , Hắc bang , Giới giải trí , Vườn trường , Cường cường , Cung đình hầu tước , Tây huyễn , Phát sóng trực tiếp , Thiên chi kiêu tử , Phương Tây , Mỹ nhân ngư , Nữ cường , Ngược tra , Linh dị thần quái , Vả mặt , 1v1 , Thị giác nữ chủ",Hoàn thành,16274224,68239,1262,10640,https://wikicv.net/truyen/hac-hoa-nam-chu-tong-tuong-kich-ban-ta-W_Ap1lS4CEbyOJSq
Nông gia tiểu phúc nữ,Úc Vũ Trúc,"Nguyên sang , Ngôn tình , Cổ đại , HE , Tình cảm , Làm ruộng , Quan trường , Ngọt văn , Hệ thống , Song khiết 🕊️ , Làm giàu , Cường cường , Thanh mai trúc mã , Y thuật , Cung đình hầu tước , Nhẹ nhàng , Nhiều CP , Duyên trời tác hợp , 1v1 , Thị giác nữ chủ , Bình dân sinh hoạt , Manh bảo , Đoàn sủng",Hoàn thành,15317675,78816,1428,14316,https://wikicv.net/truyen/nong-gia-tieu-phuc-nu-XOyN21S4CEHoeGAm
Chớ chọc phúc hắc cuồng phi,Thủy Khanh Khanh,"Nguyên sang , Ngôn tình , Cổ đại , HE , Tình cảm , Huyền huyễn , Dị thế , Xuyên việt , Ngọt văn , Trọng sinh , Hào môn thế gia , Sảng văn , Bình bộ thanh vân , Duyên trời tác hợp , Nữ cường , Ngược tra , Linh dị thần quái , Nghịch tập , Vả mặt , 1v1 , Thị giác nữ chủ",Hoàn thành,14932013,5280,78,1729,https://wikicv.net/truyen/cho-choc-phuc-hac-cuong-phi-WKBTj3CVfDQypw%7E%7E
Một thai nhị bảo: Hàng tỉ thủ tịch ái thê tận xương,Hoa Dung Nguyệt Hạ,"Nguyên sang , Ngôn tình , Hiện đại , HE , Tình cảm , Ngọt văn , Hào môn thế gia , Cẩu huyết , Trạch đấu , Thị giác nữ chủ , Manh bảo",Hoàn thành,14293013,1356,63,257,https://wikicv.net/truyen/mot-thai-nhi-bao-hang-ti-thu-tich-ai-the-WNdZsO8h7DLpuIim
Trở về 60: Làm ruộng làm giàu dưỡng nhãi con,Nam Phương Lệ Chi,"Nguyên sang , Ngôn tình , Hiện đại , HE , Tình cảm , Làm ruộng , Ngọt văn , Tùy thân không gian , Xuyên thư , Làm giàu , Trạch đấu , Nhẹ nhàng , Nữ cường , 1v1 , Thị giác nữ chủ , Niên đại văn",Hoàn thành,13807380,35945,443,7240,https://wikicv.net/truyen/tro-ve-60-lam-ruong-lam-giau-duong-nhai--XTAgSFS4CHziBNo2
"Xuyên nhanh: Cái này BOSS ta tráo / Xuyên nhanh nghịch tập: Thần bí BOSS, đừng loạn liêu",Vân Phi Mặc,"Nguyên sang , Ngôn tình , Cổ đại , Hiện đại , HE , Tình cảm , Khoa học viễn tưởng , Huyền huyễn , Ngọt văn , Hệ thống , Song khiết 🕊️ , Xuyên nhanh , Nữ phụ , 1v1",Hoàn thành,13286476,49360,400,5088,https://wikicv.net/truyen/xuyen-nhanh-cai-nay-boss-ta-trao-xuyen-n-WdUCEO8h7BF_xCkd
Phế sài muốn nghịch thiên: Ma đế cuồng phi / Độc bộ kinh hoa,Tiêu Thất Gia,"Nguyên sang , Ngôn tình , Cổ đại , HE , Tình cảm , Huyền huyễn , Báo thù , Xuyên việt , Trạch đấu , Cường cường , Thăng cấp lưu , Sảng văn , Nữ cường , Thị giác nữ chủ",Hoàn thành,13167574,2212,47,487,https://wikicv.net/truyen/phe-sai-muon-nghich-thien-ma-de-cuong-ph-WNhQj%7E8h7G5sEMD6
Quỷ đế cuồng thê: Ăn chơi trác táng đại tiểu thư,Tiêu Thất Gia,"Nguyên sang , Ngôn tình , Cổ đại , HE , Tình cảm , Xuyên việt , Trạch đấu , Y thuật , Cung đình hầu tước , Ngược tra",Hoàn thành,13045892,5691,60,1020,https://wikicv.net/truyen/quy-de-cuong-the-an-choi-trac-tang-dai-t-WQvPOe8h7C3%7EMnRg
Ẩn hôn ngọt sủng: Đại tài phiệt tiểu kiều thê,Hạ Lan Ương Ương,"Nguyên sang , Ngôn tình , Hiện đại , HE , Tình cảm , Ngọt văn , Trọng sinh , Hào môn thế gia , Duyên trời tác hợp , Ngược tra",Hoàn thành,12433126,5987,35,651,https://wikicv.net/truyen/an-hon-ngot-sung-dai-tai-phiet-tieu-kieu-Wq%7ERa%7E8h7AONaKQj
"Xuyên nhanh: Nữ chủ giá lâm, nữ xứng mau lui tán!",Tố Thủ Chiết Chi,"Nguyên sang , Ngôn tình , Cổ đại , Hiện đại , HE , Tình cảm , Khoa học viễn tưởng , Huyền huyễn , Ngọt văn , Hệ thống , Song khiết 🕊️ , Xuyên nhanh , Nhẹ nhàng , Duyên trời tác hợp , Ngược tra",Hoàn thành,12185202,23119,722,9255,https://wikicv.net/truyen/xuyen-nhanh-nu-chu-gia-lam-nu-xung-mau-l-WGOsIXCVfDo7XtpA
Mau xuyên: Vai ác lại hắc hóa,Lỏa Bôn Đích Man Đầu,"Nguyên sang , Ngôn tình , Cổ đại , Hiện đại , HE , Tình cảm , Khoa học viễn tưởng , Huyền huyễn , Ngọt văn , Song khiết 🕊️ , Xuyên nhanh , 1v1 , Thị giác nữ chủ",Hoàn thành,11381020,36720,1226,10233,https://wikicv.net/truyen/mau-xuyen-vai-ac-lai-hac-hoa-WUoY1O8h7HQw6i5t
Trọng sinh 80: Tức phụ có điểm cay,Bảo Trang Thành,"Nguyên sang , Ngôn tình , Hiện đại , HE , Tình cảm , Kinh thương , Ngọt văn , Trọng sinh , Làm giàu , Hào môn thế gia , Quân văn , Sảng văn , Nhẹ nhàng , Đô thị tình duyên , Thị giác nữ chủ , Chức nghiệp tinh anh",Hoàn thành,10634633,17159,244,2232,https://wikicv.net/truyen/trong-sinh-80-tuc-phu-co-diem-cay-WzOgqe8h7DDM%7Eaik
Y phẩm độc phi khuynh thiên hạ / Y Độc Song Tuyệt: Minh Vương thiên tài sủng phi,Tương Tư Tử,"Nguyên sang , Ngôn tình , Cổ đại , HE , Tình cảm , Tiên hiệp , Huyền huyễn , Tu chân , Xuyên việt , Ngọt văn , Y thuật , Sảng văn",Hoàn thành,10481176,4203,38,709,https://wikicv.net/truyen/y-pham-doc-phi-khuynh-thien-ha-y-doc-son-WJq5M3CVfHf9HrI0
"Xuyên nhanh: Nam thần, có điểm châm! / Hôm nay trước bại một trăm triệu / Cái này đại lão phong cách không đúng",Mặc Linh,"Nguyên sang , Ngôn tình , Cổ đại , Hiện đại , Tương lai , HE , Tình cảm , Khoa học viễn tưởng , Huyền huyễn , Hệ thống , Song khiết 🕊️ , Xuyên nhanh , Sảng văn , Hài hước , Nữ cường , Ngược tra , 1v1",Hoàn thành,10210171,93297,2534,36454,https://wikicv.net/truyen/xuyen-nhanh-nam-than-co-diem-cham-hom-na-W4GPqlS4CFbY4TTO
Không gian trọng sinh: Thịnh sủng thần y thương nữ,Niên Tiểu Hoa,"Nguyên sang , Ngôn tình , Hiện đại , HE , Tình cảm , Kinh thương , Báo thù , Trọng sinh , Song khiết 🕊️ , Tùy thân không gian , Làm giàu , Hào môn thế gia , Cẩu huyết , Vườn trường , Cường cường , Y thuật , Sảng văn , Đô thị tình duyên , Trâu già gặm cỏ non , Nữ cường , Ngược tra , Vả mặt , 1v1",Hoàn thành,9846421,10338,67,745,https://wikicv.net/truyen/khong-gian-trong-sinh-thinh-sung-than-y--WRcA2u8h7BA7hQ2i
Trùm giải trí bí sủng: Cục cưng tiểu ngốc thê,Công Tử Diễn,"Nguyên sang , Ngôn tình , Hiện đại , HE , Tình cảm , Ngọt văn , Song khiết 🕊️ , Hào môn thế gia , Giới giải trí , Cường cường , Hài hước , Ngược tra",Hoàn thành,9639602,192,25,66,https://wikicv.net/truyen/trum-giai-tri-bi-sung-cuc-cung-tieu-ngoc-WNhOQe8h7G0jswEw
Ngốc nữ nghịch thiên: Phế tài đại tiểu thư,Hạ Hiểu Lương,"Nguyên sang , Ngôn tình , Cổ đại , HE , Tình cảm , Tiên hiệp , Huyền huyễn , Tu chân , Xuyên việt , Ngọt văn , Cường cường , Y thuật , Sảng văn , Nữ cường",Hoàn thành,9569783,4802,36,1893,https://wikicv.net/truyen/ngoc-nu-nghich-thien-phe-tai-dai-tieu-th-WNdcM%7E8h7DSTVaTw
"Mau Xuyên Nữ Phụ: Nam Thần, Liêu Nghiện",Đường Bất Lận,"Nguyên sang , Ngôn tình , Cổ đại , Cận đại , Hiện đại , Tương lai , HE , Tình cảm , Khoa học viễn tưởng , Huyền huyễn , Xuyên việt , Ngọt văn , Hệ thống , Song khiết 🕊️ , Xuyên nhanh , Nữ phụ , Sảng văn , Nữ cường , Ngược tra , Nghịch tập , 1v1",Hoàn thành,9400687,17994,344,5121,https://wikicv.net/truyen/mau-xuyen-nu-phu-nam-than-lieu-nghien-WOB6HO8h7DpX1QUc
Độc phi ở trên Tà Vương ở dưới,Mục Đan Phong,"Nguyên sang , Ngôn tình , Cổ đại , HE , Tình cảm , Huyền huyễn , Tu chân , Xuyên việt",Hoàn thành,9284798,7929,64,3752,https://wikicv.net/truyen/doc-phi-o-tren-ta-vuong-o-duoi-WWmNOe8h7DisTahH
Khuynh thành tuyệt sủng: Thái tử điện hạ quá liêu nhân,Lam Bạch Cách Tử,"Nguyên sang , Ngôn tình , Cổ đại , HE , Tình cảm , Huyền huyễn , Dị thế , Xuyên việt , Dị năng , Ngọt văn , Cung đình hầu tước , Sảng văn , Nữ cường",Hoàn thành,9184774,8743,87,1407,https://wikicv.net/truyen/khuynh-thanh-tuyet-sung-thai-tu-dien-ha--WNElfO8h7A6RVklX
Toàn vị diện đều quỳ cầu vai ác nữ chủ làm người,Đỗ Liễu Liễu,"Nguyên sang , Ngôn tình , Cổ đại , Hiện đại , HE , OE , Tình cảm , Huyền huyễn , Báo thù , Ngọt văn , Hệ thống , Xuyên nhanh , Vị diện , Sảng văn , Nhẹ nhàng , Hài hước , Nữ cường , Ngược tra , Vả mặt , 1v1 , Thị giác nữ chủ , Vô địch lưu",Hoàn thành,9133376,69031,868,12867,https://wikicv.net/truyen/toan-vi-dien-deu-quy-cau-vai-ac-nu-chu-l-YItzBVS4CDFnmY1h
"Thả nghe phượng minh / Thần y hoàng hậu: Ngạo kiều bạo quân, cường thế sủng!",Tô Tiểu Noãn,"Nguyên sang , Ngôn tình , Cổ đại , HE , Tình cảm , Xuyên việt , Ngọt văn , Y thuật , Cung đình hầu tước , Sảng văn , Mary Sue , Giả heo ăn hổ",Hoàn thành,8820886,8550,483,3159,https://wikicv.net/truyen/tha-nghe-phuong-minh-than-y-hoang-hau-ng-WYjcSu8h7DdmA%7Ewr
Mau xuyên: Nữ phụ nghịch tập chỉ nam,Thanh Hành Huỳnh Thảo,"Nguyên sang , Ngôn tình , Cổ đại , Hiện đại , Tương lai , HE , Tình cảm , Tiên hiệp , Khoa học viễn tưởng , Mạt thế , Huyền huyễn , Võng du , Dị thế , Tu chân , Ma pháp , Ngọt văn , Thú nhân , Hệ thống , Thần tiên yêu quái , Song khiết 🕊️ , Xuyên nhanh , Mỹ thực , Tinh tế , Hào môn thế gia , Thi đấu cạnh kỹ , Nữ phụ , ABO , Trạch đấu , Huyết tộc , Giới giải trí , Trộm mộ , Vườn trường , Cường cường , Dân quốc , Thể thao , Cung đình hầu tước , Sảng văn , Nhẹ nhàng , Giang hồ ân oán , Kiếp trước kiếp này , Hoán đổi linh hồn , Hài hước , Tây huyễn , Phát sóng trực tiếp , Đô thị tình duyên , Thiên chi kiêu tử , Cận thủy lâu đài , Pháo hôi , Phương Tây , Nữ cường , Ngược tra , Nghịch tập , Vả mặt , 1v1 , Main là động vật , Võng hồng , Thị giác nữ chủ , Trùng tộc , Sát thủ",Hoàn thành,8560912,30604,451,6775,https://wikicv.net/truyen/mau-xuyen-nu-phu-nghich-tap-chi-nam-WO0i3e8h7AGijSnc
Nữ xứng tỏ vẻ thực vô tội,Nhất Khỏa Tiểu Oản Đậu Nha,"Nguyên sang , Ngôn tình , Cổ đại , HE , Tiên hiệp , Huyền huyễn , Tu chân , Xuyên thư , Nữ phụ , Nữ cường",Hoàn thành,8388738,46398,553,4845,https://wikicv.net/truyen/nu-xung-to-ve-thuc-vo-toi-XVUrqFS4CF7eeq%7Ez
Mị y khuynh thành: Nghịch thiên bảo bảo phúc hắc cha,Tương Tư Tử,"Nguyên sang , Ngôn tình , Cổ đại , HE , Tình cảm , Tiên hiệp , Huyền huyễn , Tu chân , Trọng sinh",Hoàn thành,8373543,7790,54,1431,https://wikicv.net/truyen/mi-y-khuynh-thanh-nghich-thien-bao-bao-p-WjS9JO8h7Hjjuhlz
Độc bước thiên hạ: Đặc công thần y tiểu thú phi,Mục Đan Phong,"Nguyên sang , Ngôn tình , Cổ đại , HE , Tình cảm , Xuyên việt , Ngọt văn , Song khiết 🕊️ , Ngược văn , Cường cường , Nữ cường , Tương ái tương sát",Hoàn thành,8109438,1946,107,750,https://wikicv.net/truyen/doc-buoc-thien-ha-dac-cong-than-y-tieu-t-WUdmA%7E8h7GuaV7Xp
"Một bào tam thai, tổng tài cha siêu hung mãnh",Nam Cung Tử Yên,"Nguyên sang , Ngôn tình , Hiện đại , HE , Tình cảm , Sinh con , Hào môn thế gia",Hoàn thành,7829228,1772,69,1014,https://wikicv.net/truyen/mot-bao-tam-thai-tong-tai-cha-sieu-hung--XZwlEFS4CBa3KZT2
Thần y khí nữ: Quỷ đế ngự thú cuồng phi,MS Phù Tử,"Nguyên sang , Ngôn tình , Cổ đại , HE , Tình cảm , Huyền huyễn , Báo thù , Tu chân , Song khiết 🕊️ , Hào môn thế gia , Cường cường , Hoan hỉ oan gia , Sảng văn , Kiếp trước kiếp này , Duyên trời tác hợp , Nữ cường , Vả mặt , 1v1",Hoàn thành,7809954,8219,79,1732,https://wikicv.net/truyen/than-y-khi-nu-quy-de-ngu-thu-cuong-phi-WuSwNe8h7GHbtKa6
Tuyệt thế thần trộm: Phế sài thất tiểu thư,Dạ Bắc,"Nguyên sang , Ngôn tình , Cổ đại , HE , Tình cảm , Huyền huyễn , Ngọt văn , Nữ cường",Hoàn thành,7680955,9935,65,1352,https://wikicv.net/truyen/tuyet-the-than-trom-phe-sai-that-tieu-th-WSmz%7E%7E8h7E4nE8H3
Nông môn bà bà cáo mệnh chi lộ,Tam Dương Thái Lai,"Nguyên sang , Ngôn tình , Cổ đại , HE , Tình cảm , Làm ruộng , Quan trường , Ngọt văn , Song khiết 🕊️ , Xuyên thư , Làm giàu , Hào môn thế gia , Cung đình hầu tước , Nhiều CP , Cận thủy lâu đài , Ấm áp , Pháo hôi , Duyên trời tác hợp , Nghịch tập , 1v1 , Song xuyên",Hoàn thành,7612889,49934,535,9493,https://wikicv.net/truyen/nong-mon-ba-ba-cao-menh-chi-lo-XXzpk1S4CHLKxMFR
Tà Đế triền sủng: Thần y cửu tiểu thư,Đậu Miêu Miêu,"Nguyên sang , Ngôn tình , Cổ đại , HE , Tình cảm , Tiên hiệp , Dị thế , Tu chân , Xuyên việt , Ngọt văn , Trọng sinh , Tùy thân không gian , Cường cường , Y thuật , Thăng cấp lưu , Sảng văn , Hài hước , Cận thủy lâu đài , Ấm áp , Nữ cường , Ngược tra , Nghịch tập , Vả mặt , 1v1 , Thị giác nữ chủ",Hoàn thành,7576902,11603,181,4271,https://wikicv.net/truyen/ta-de-trien-sung-than-y-cuu-tieu-thu-WsoFYu8h7FnUYgIX
Y hậu khuynh thiên (Bạo manh hồ bảo: Thần y mẫu thân muốn nghịch thiên),Tiêu Thất Gia,"Nguyên sang , Ngôn tình , Cổ đại , HE , Tình cảm , Huyền huyễn , Xuyên việt , Thần tiên yêu quái , Hào môn thế gia , Y thuật , Cung đình hầu tước , Sảng văn , Giả heo ăn hổ",Hoàn thành,7540548,4292,52,356,https://wikicv.net/truyen/y-hau-khuynh-thien-bao-manh-ho-bao-than--WRvIVO8h7Hwbhts7
"Xuyên nhanh: Vai ác nữ xứng, ngươi có độc",Long Cửu Gia,"Nguyên sang , Ngôn tình , Cổ đại , Hiện đại , HE , Tình cảm , Xuyên việt , Xuyên nhanh , Nữ phụ , Ngược văn , Xuyên thành vai ác , Nghịch tập",Tạm ngưng,7092335,40382,1892,9683,https://wikicv.net/truyen/xuyen-nhanh-vai-ac-nu-xung-nguoi-co-doc-Wi1wqO8h7G6e9IWA
"Trở lại 90, nàng tại ngoại khoa đại lão vòng hỏa bạo",Phì Mụ Hướng Thiện,"Nguyên sang , Ngôn tình , Hiện đại , HE , Tình cảm , Dị năng , Trọng sinh , Y thuật , 1v1 , Thị giác nữ chủ , Kỹ thuật lưu , Chức nghiệp tinh anh , Niên đại văn",Hoàn thành,7079924,27127,157,2497,https://wikicv.net/truyen/tro-lai-90-nang-tai-ngoai-khoa-dai-lao-v-YJjleFS4CDFi64kU
"Thần y cuồng thê: Quốc sư đại nhân, phu nhân lại chạy",Tiêu Thất Gia,"Nguyên sang , Ngôn tình , Cổ đại , HE , Tình cảm , Huyền huyễn , Dị thế , Ma pháp , Ngọt văn , Y thuật , Thăng cấp lưu , Sảng văn , Thị giác nữ chủ , Triệu hoán lưu",Hoàn thành,7043497,3172,67,1209,https://wikicv.net/truyen/than-y-cuong-the-quoc-su-dai-nhan-phu-nh-W8eLkFS4CHbZfIhk
Xuyên nhanh: Mỗi lần đều là ta nằm cũng trúng đạn,Vượng Tài Thị Chỉ Miêu,"Nguyên sang , Ngôn tình , Cổ đại , Cận đại , Hiện đại , Tương lai , HE , Tình cảm , Võ hiệp , Tiên hiệp , Hệ thống , Xuyên nhanh , Hào môn thế gia , Cung đình hầu tước , Người qua đường , 1v1",Hoàn thành,7009139,33513,1276,8297,https://wikicv.net/truyen/xuyen-nhanh-moi-lan-deu-la-ta-nam-cung-t-WRE_2%7E8h7BQbM3%7Ev
"Liệt hỏa cuồng phi: Thú tính Vương gia, ngạnh muốn sủng",Vi Nhĩ Xuyên Cao Cân Hài,"Nguyên sang , Ngôn tình , Cổ đại , HE , Tình cảm , Huyền huyễn , Tu chân , Ngọt văn , Trọng sinh",Hoàn thành,6900738,4334,40,1041,https://wikicv.net/truyen/liet-hoa-cuong-phi-thu-tinh-vuong-gia-ng-WWb_A%7E8h7FQA4Bqi
Toàn hệ linh sư: Ma đế thích sủng thần thú phi,Khinh Mặc Vũ,"Nguyên sang , Ngôn tình , Cổ đại , HE , Tình cảm , Tiên hiệp , Huyền huyễn , Tu chân , Xuyên việt , Ngọt văn",Hoàn thành,6855220,2718,30,970,https://wikicv.net/truyen/toan-he-linh-su-ma-de-thich-sung-than-th-WR1HX%7E8h7DMXbWh7
Thú phi thiên hạ: Thần y đại tiểu thư,Ngư Tiểu Đồng,"Nguyên sang , Ngôn tình , Cổ đại , HE , Tình cảm , Xuyên việt , Hào môn thế gia , Y thuật , Cung đình hầu tước",Hoàn thành,6556008,561,19,292,https://wikicv.net/truyen/thu-phi-thien-ha-than-y-dai-tieu-thu-WSkJgO8h7EAePmUp
"Lóe hôn kiều thê: Lão công, thật sâu ái",Mộc Y Y,"Nguyên sang , Ngôn tình , Hiện đại , HE , Tình cảm , Ngọt văn , Hào môn thế gia , Cẩu huyết , Ngược văn , Cưới trước yêu sau , Khế ước tình nhân , Đô thị tình duyên",Hoàn thành,6478772,2577,21,667,https://wikicv.net/truyen/loe-hon-kieu-the-lao-cong-that-sau-ai-WSt4J%7E8h7E8iiANX
Xuyên qua tương lai: Nam nhân không dễ làm,Nhữ Phu Nhân,"Nguyên sang , Ngôn tình , Tương lai , HE , Tình cảm , Khoa học viễn tưởng , Xuyên việt , Dị năng , Trọng sinh , Hệ thống , Song khiết 🕊️ , Tinh tế , Cơ giáp , Hào môn thế gia , Quân văn , Cường cường , Thanh mai trúc mã , Thăng cấp lưu , Nhiều CP , Chế phục tình duyên , Cải trang giả dạng , Cận thủy lâu đài , Nữ cường , 1v1",Chưa xác minh,6378844,48429,3140,15215,https://wikicv.net/truyen/xuyen-qua-tuong-lai-nam-nhan-khong-de-la-WCmzzXCVfG0ODPwz
"Thảnh thơi thú thế: Làm làm ruộng, sinh sinh nhãi con",Bạch Đầu Mộng,"Nguyên sang , Ngôn tình , Cổ đại , HE , Tình cảm , Làm ruộng , Dị thế , Xuyên việt , Thú nhân , NP , Ấm áp",Hoàn thành,6361858,13793,139,1919,https://wikicv.net/truyen/thanh-thoi-thu-the-lam-lam-ruong-sinh-si-WR1mJO8h7DMXbWi7
Xuyên nhanh phát sóng trực tiếp: Vai ác BOSS là Nữ đế!,Đế Cửu Di,"Nguyên sang , Ngôn tình , Cổ đại , Hiện đại , HE , Tình cảm , Khoa học viễn tưởng , Mạt thế , Huyền huyễn , Tu chân , Ngọt văn , Thú nhân , Hệ thống , Thần tiên yêu quái , Song khiết 🕊️ , Xuyên nhanh , Mỹ thực , Hào môn thế gia , Thi đấu cạnh kỹ , Cẩu huyết , Giới giải trí , Vườn trường , Thanh mai trúc mã , Cung đình hầu tước , Nhẹ nhàng , Giang hồ ân oán , Tây huyễn , Phát sóng trực tiếp , Đô thị tình duyên , Duyên trời tác hợp , Phương Tây , Xuyên thành vai ác , Linh dị thần quái , 1v1 , Thị giác nữ chủ",Hoàn thành,6337663,28001,754,3961,https://wikicv.net/truyen/xuyen-nhanh-phat-song-truc-tiep-vai-ac-b-WdEkYe8h7Gb52qAm
Đế thiếu tâm đầu sủng: quốc dân giáo thảo là nữ sinh,Chiến Thất Thiếu,"Nguyên sang , Ngôn tình , Hiện đại , HE , Tình cảm , Ngọt văn , Trọng sinh , Hào môn thế gia , Sảng văn , Hoán đổi linh hồn , Cải trang giả dạng",Hoàn thành,6141701,10518,138,2803,https://wikicv.net/truyen/de-thieu-tam-dau-sung-quoc-dan-giao-thao-WHUQc3CVfFfAHeAW
Nông nữ phúc phi danh chấn thiên hạ,Tiệm Tiến Đạm Xuất,"Nguyên sang , Ngôn tình , Cổ đại , HE , Tình cảm , Làm ruộng , Xuyên việt",Hoàn thành,5932772,6912,90,2923,https://wikicv.net/truyen/nong-nu-phuc-phi-danh-chan-thien-ha-Xcyye1S4CCeZmNlQ
Trọng sinh không gian: Thủ tịch thần đồng thương nữ,Yên Vân Mộng,"Nguyên sang , Ngôn tình , Hiện đại , HE , Tình cảm , Kinh thương , Huyền huyễn , Báo thù , Dị năng , Ngọt văn , Trọng sinh , Song khiết 🕊️ , Tùy thân không gian , Phong thủy , Làm giàu , Hào môn thế gia , Vườn trường , Cường cường , Y thuật , Đô thị tình duyên , Duyên trời tác hợp , Ngược tra , 1v1",Hoàn thành,5904249,2771,46,703,https://wikicv.net/truyen/trong-sinh-khong-gian-thu-tich-than-dong-WdFMY%7E8h7Gb52qBO
"Tân hôn vô ái, thế tội vợ trước",Hạ Nhiễm Tuyết,"Nguyên sang , Ngôn tình , Hiện đại , HE , Tình cảm , Hào môn thế gia , Cẩu huyết , Ngược văn , Đô thị tình duyên",Hoàn thành,5736714,32,60,157,https://wikicv.net/truyen/tan-hon-vo-ai-the-toi-vo-truoc-WYHKTe8h7BdlB4yP
"Mau xuyên dưỡng thành: Vai ác lão công, cầu buông tha!",Thâm Lam Thủy Thiển,"Nguyên sang , Ngôn tình , Cổ đại , Hiện đại , Tương lai , HE , Tình cảm , Khoa học viễn tưởng , Huyền huyễn , Ngọt văn , Hệ thống , Xuyên nhanh",Hoàn thành,5718236,26452,291,3099,https://wikicv.net/truyen/mau-xuyen-duong-thanh-vai-ac-lao-cong-ca-XEA9aVS4CEbqG2LA
Mãn cấp đại lão xuyên thành nông gia nữ,Tam Táo,"Nguyên sang , Ngôn tình , Cổ đại , HE , Tình cảm , Làm ruộng , Xuyên thư , Làm giàu , Nhẹ nhàng",Hoàn thành,5715435,16191,84,1059,https://wikicv.net/truyen/man-cap-dai-lao-xuyen-thanh-nong-gia-nu-YOA6ClS4CCFLaK2N
Đúng như hàn quang ngộ nắng gắt,囧囧 Hữu Yêu,"Nguyên sang , Ngôn tình , Hiện đại , HE , Tình cảm , Trọng sinh , Hào môn thế gia",Hoàn thành,5624281,8706,115,1190,https://wikicv.net/truyen/dung-nhu-han-quang-ngo-nang-gat-WZz03%7E8h7AMt_n%7EQ
Nhà ta Thái tử phi siêu hung,Tử Vân Khê,"Nguyên sang , Ngôn tình , Cổ đại , HE , Tình cảm , Mạt thế , Huyền huyễn , Ngọt văn , Trọng sinh , Cung đình hầu tước , Sảng văn",Hoàn thành,5576604,6548,76,1972,https://wikicv.net/truyen/nha-ta-thai-tu-phi-sieu-hung-Wvacoe8h7EZyY7PE
Mị vương sủng thê: Quỷ y hoàn khố phi ( Y phi kinh thế ),Cố Nhiễm Cẩm,"Nguyên sang , Ngôn tình , Cổ đại , HE , Tình cảm , Dị thế , Xuyên việt , Song khiết 🕊️ , Trạch đấu , Cường cường , Y thuật , Thăng cấp lưu , Sảng văn , Cải trang giả dạng , Thiên chi kiêu tử , Duyên trời tác hợp , Nữ cường , Ngược tra , Cường thủ hào đoạt , 1v1",Hoàn thành,5557417,2162,48,574,https://wikicv.net/truyen/mi-vuong-sung-the-quy-y-hoan-kho-phi-y-p-WUaEhe8h7D38QxPA
Tuyệt thế Luyện đan sư: Hoàn khố Cửu tiểu thư,Dạ Bắc,"Nguyên sang , Ngôn tình , Cổ đại , HE , Tình cảm , Tiên hiệp , Huyền huyễn , Xuyên việt , Ngọt văn , Sảng văn",Hoàn thành,5552110,5173,67,1123,https://wikicv.net/truyen/tuyet-the-luyen-dan-su-hoan-kho-cuu-tieu-WLeOMTu261WCuxAb
"Cao lãnh đại thúc, sủng thê vô độ!",Công Tử Như Tuyết,"Nguyên sang , Ngôn tình , Hiện đại , HE , Tình cảm , Báo thù , Ngọt văn , Trọng sinh , Song khiết 🕊️ , Làm giàu , Quân văn , Duyên trời tác hợp , Trâu già gặm cỏ non , Ngược tra",Hoàn thành,5440454,2803,44,457,https://wikicv.net/truyen/cao-lanh-dai-thuc-sung-the-vo-do-W9gg4FS4CGl04R66
Trọng sinh: Nữ thần nghịch tập,Lưu Cẩn,"Nguyên sang , Ngôn tình , Cổ đại , Cận đại , Hiện đại , HE , Tình cảm , Khoa học viễn tưởng , Mạt thế , Huyền huyễn , Tranh bá , Báo thù , Dị năng , Trọng sinh , Hệ thống , Song khiết 🕊️ , Xuyên nhanh , Tùy thân không gian , Sinh con , Làm giàu , Hào môn thế gia , Cẩu huyết , Giới giải trí , Cường cường , Y thuật , Thăng cấp lưu , Sảng văn , Kiếp trước kiếp này , Duyên trời tác hợp , Lôi , Nữ cường , Ngược tra , Vả mặt , Song xuyên",Hoàn thành,5274625,5306,137,740,https://wikicv.net/truyen/trong-sinh-nu-than-nghich-tap-WTD6SO8h7CBJRAr7
Mau Xuyên : Pháo Hôi Nữ Phụ,Bổn Cung Vi Bàn,"Nguyên sang , Ngôn tình , Cổ đại , Hiện đại , Tương lai , HE , Tình cảm , Khoa học viễn tưởng , Mạt thế , Huyền huyễn , Báo thù , Dị thế , Tu chân , Xuyên việt , Ngọt văn , Thú nhân , Hệ thống , Xuyên nhanh , Hào môn thế gia , Cẩu huyết , Nữ phụ , Ngược văn , Vườn trường , Cường cường , Cung đình hầu tước , Sảng văn , Kiếp trước kiếp này , Hoán đổi linh hồn , Hài hước , Đô thị tình duyên , Chế phục tình duyên , Cận thủy lâu đài , Pháo hôi , Lôi , Nữ cường , Ngược tra , Linh dị thần quái , Cường thủ hào đoạt , Tương ái tương sát , Main là động vật , Nguyên thủy",Hoàn thành,5183797,7144,375,2526,https://wikicv.net/truyen/mau-xuyen-phao-hoi-nu-phu-WHEwMHCVfB7EKbH8
Tà Vương đỡ lên giường: Nông nữ có điểm điền,Vân Phi Mặc,"Nguyên sang , Ngôn tình , Cổ đại , HE , Tình cảm , Làm ruộng , Huyền huyễn , Xuyên việt , Ngọt văn , Song khiết 🕊️ , Tùy thân không gian , Trạch đấu , Cường cường , Cung đình hầu tước , Duyên trời tác hợp , Ngược tra , Linh dị thần quái",Hoàn thành,5169274,4039,39,428,https://wikicv.net/truyen/ta-vuong-do-len-giuong-nong-nu-co-diem-d-WdUDwe8h7BF_xCki
Trọng sinh sơ trung: Thần y học bá tiểu ngọt thê,Cẩm Dạ,"Nguyên sang , Ngôn tình , Hiện đại , HE , Tình cảm , Báo thù , Dị năng , Ngọt văn , Trọng sinh , Tùy thân không gian , Hào môn thế gia , Quân văn , Y thuật , Sảng văn , Đô thị tình duyên , Vả mặt",Hoàn thành,5132487,7538,73,946,https://wikicv.net/truyen/trong-sinh-so-trung-than-y-hoc-ba-tieu-n-W%7EJSx1S4CBM2nxC%7E
Phế tài đan thần: Phúc hắc Quỷ Vương nghịch thiên phi,Lâu Tinh Ngâm,"Nguyên sang , Ngôn tình , Cổ đại , HE , Tình cảm , Tiên hiệp , Huyền huyễn , Dị thế , Tu chân , Xuyên việt , Ngọt văn , Trọng sinh , Sinh con , Hào môn thế gia , Cẩu huyết , Cung đấu , Trạch đấu , Cường cường , Lịch sử , Cung đình hầu tước , Sảng văn , Cải trang giả dạng , Duyên trời tác hợp , Nữ cường , Ngược tra",Hoàn thành,5118941,1081,36,413,https://wikicv.net/truyen/phe-tai-dan-than-phuc-hac-quy-vuong-nghi-WSp6lu8h7Byb_HDJ
Nông nữ khuynh thành,Tiệm Tiến Đạm Xuất,"Nguyên sang , Ngôn tình , Cổ đại , HE , Tình cảm , Làm ruộng , Xuyên việt , Ngọt văn , Tùy thân không gian , Làm giàu , Cung đình hầu tước , Sảng văn",Hoàn thành,5079589,5509,84,341,https://wikicv.net/truyen/nong-nu-khuynh-thanh-WGES2HCVfA8FHmMC
Dị thế độc sủng: Thần y mẫu thân manh bảo bối,Mễ Đạm Đạm,"Nguyên sang , Ngôn tình , Cổ đại , HE , Tình cảm , Huyền huyễn , Dị thế , Xuyên việt , Song khiết 🕊️ , Sinh con , Y thuật , Nữ cường , Tương ái tương sát",Chưa xác minh,4927412,389,24,793,https://wikicv.net/truyen/di-the-doc-sung-than-y-mau-than-manh-bao-WWCADu8h7BsICuQZ
"Trọng sinh thập niên 70: Lặc thiếu, cường thế sủng",Sàm Ngư Tiểu Lại Miêu,"Nguyên sang , Ngôn tình , Cận đại , Hiện đại , HE , Tình cảm , Huyền huyễn , Tu chân , Xuyên việt , Ngọt văn , Trọng sinh , Thần tiên yêu quái , Tùy thân không gian , Làm giàu , Quân văn , Cường cường , Y thuật , Nữ cường , 1v1 , Thị giác nữ chủ",Hoàn thành,4919542,4401,40,188,https://wikicv.net/truyen/trong-sinh-thap-nien-70-lac-thieu-cuong--XFD1LlS4CHYHpcJS
Nữ chủ là cái tiền bình tinh,Hoàng Hậu Bất Quản Sự,"Nguyên sang , Ngôn tình , Cổ đại , Hiện đại , Tương lai , HE , Tình cảm , Khoa học viễn tưởng , Mạt thế , Võng du , Dị thế , Tu chân , Ma pháp , Dị năng , Ngọt văn , Hệ thống , Xuyên nhanh , Tinh tế , Hào môn thế gia , Vườn trường , Cường cường , Thần thoại , Cung đình hầu tước , Sảng văn , Hài hước , Tam giáo cửu lưu , Duyên trời tác hợp , Ngược tra , Linh dị thần quái , Vả mặt , 1v1 , Thị giác nữ chủ",Hoàn thành,4884233,31698,507,4637,https://wikicv.net/truyen/nu-chu-la-cai-tien-binh-tinh-XUa88FS4CG%7E6ccZw
Mau xuyên hệ thống: Vai ác BOSS đột kích!,Mặc Linh,"Nguyên sang , Ngôn tình , Cổ đại , Hiện đại , HE , Tình cảm , Khoa học viễn tưởng , Huyền huyễn , Ngọt văn , Hệ thống , Song khiết 🕊️ , Xuyên nhanh , Nữ cường",Hoàn thành,4852714,35333,1020,10911,https://wikicv.net/truyen/mau-xuyen-he-thong-vai-ac-boss-dot-kich-WaEKF%7E8h7G_vlG5T
"Đệ nhất hoàn khố: Ám đế, tới chiến!",Lam Bạch Cách Tử,"Nguyên sang , Ngôn tình , Cổ đại , HE , Tình cảm , Xuyên việt , Ngọt văn , Cường cường , Cung đình hầu tước , Sảng văn , Cải trang giả dạng , Duyên trời tác hợp , Nữ cường",Hoàn thành,4722684,17098,122,1950,https://wikicv.net/truyen/de-nhat-hoan-kho-am-de-toi-chien-Wy5qDO8h7AtDWxJx
Nữ phụ không trộn lẫn [ xuyên nhanh ],Phong Lưu Thư Ngốc,"Nguyên sang , Ngôn tình , Cổ đại , HE , OE , Tình cảm , Xuyên nhanh , Mỹ thực , Y thuật , Thăng cấp lưu , Cung đình hầu tước , Sảng văn , Pháo hôi , Kim bài đề cử 🥇 , Kim Bảng 🏆 , Nữ cường , Vả mặt",Hoàn thành,4652553,27594,1468,8132,https://wikicv.net/truyen/nu-phu-khong-tron-lan-xuyen-nhanh-WylGUe8h7EgJwelx
"Ẩn hôn kiều thê: Lão công, đầu quả tim sủng",Mộc Y Y,"Nguyên sang , Ngôn tình , Hiện đại , HE , Tình cảm , Xuyên việt , Hào môn thế gia",Hoàn thành,4605704,1467,27,226,https://wikicv.net/truyen/an-hon-kieu-the-lao-cong-dau-qua-tim-sun-WdYDie8h7B1N0d4A
Xuyên nhanh chi hoa thức nghịch tập nam thần phương án,Cửu Công Chủ Lưu Bộ,"Nguyên sang , Ngôn tình , Cổ đại , Hiện đại , Tương lai , HE , Tình cảm , Mạt thế , Xuyên việt , Ngọt văn , Hệ thống , Xuyên nhanh , Hào môn thế gia , Giới giải trí , Vườn trường , Cung đình hầu tước , Pháo hôi , Nghịch tập",Tạm ngưng,4566476,5493,154,1277,https://wikicv.net/truyen/xuyen-nhanh-chi-hoa-thuc-nghich-tap-nam--WHEuZnCVfB2qrPTn
"Thiếu soái, lão bà ngươi lại chạy",Minh Dược,"Nguyên sang , Ngôn tình , Cận đại , HE , Tình cảm , Ngọt văn , Hào môn thế gia , Dân quốc , Hoan hỉ oan gia , Nhẹ nhàng , Hài hước , Ấm áp",Hoàn thành,4528876,336,82,243,https://wikicv.net/truyen/thieu-soai-lao-ba-nguoi-lai-chay-WYv32u8h7AHyHR16
Danh môn tình cảm chân thành: Đế thiếu trăm tỷ sủng nhi,Niêm Hoa Nhạ Tiếu,"Nguyên sang , Ngôn tình , Hiện đại , HE , Tình cảm , Ngọt văn , Hào môn thế gia , Cẩu huyết , Ngược văn , Đô thị tình duyên",Hoàn thành,4524230,115,21,190,https://wikicv.net/truyen/danh-mon-tinh-cam-chan-thanh-de-thieu-tr-WQqZMe8h7HX1Q%7EWJ
Thiên tài tiểu độc phi,Giới Mạt,"Nguyên sang , Ngôn tình , Cổ đại , HE , Tình cảm , Xuyên việt , Hào môn thế gia , Y thuật , Cung đình hầu tước",Hoàn thành,4394642,341,41,214,https://wikicv.net/truyen/thien-tai-tieu-doc-phi-WQfaIe8h7D3Brh5k
Trọng sinh 80 làm đoàn sủng tiểu phúc bảo,Ngu Nhân Mỹ,"Nguyên sang , Ngôn tình , Cận đại , Hiện đại , HE , Tình cảm , Làm ruộng , Dị năng , Ngọt văn , Song khiết 🕊️ , Làm giàu , Hào môn thế gia , Vườn trường , Cường cường , Thanh mai trúc mã , Sảng văn , Nhẹ nhàng , Dưỡng thành , Hài hước , Đô thị tình duyên , Chế phục tình duyên , Thiên chi kiêu tử , Ấm áp , Duyên trời tác hợp , Nữ cường , 1v1 , Song xuyên , Manh bảo",Hoàn thành,4386135,13310,40,1401,https://wikicv.net/truyen/trong-sinh-80-lam-doan-sung-tieu-phuc-ba-XpJlPlS4CDzS6LfA
Manh sư tại thượng: Nghịch đồ đừng xằng bậy,Phong Dữ Thiên Mạc,"Nguyên sang , Ngôn tình , Cổ đại , HE , Tình cảm , Tiên hiệp , Huyền huyễn , Tu chân , Ngọt văn , Trọng sinh , Xuyên thư , Dưỡng thành , Sư đồ",Hoàn thành,4322954,4988,218,1842,https://wikicv.net/truyen/manh-su-tai-thuong-nghich-do-dung-xang-b-XPi88lS4CDctumSX
Vạn thú triều hoàng,Vũ Phiến Họa Thủy,"Nguyên sang , Ngôn tình , Cổ đại , HE , Tình cảm , Tiên hiệp , Huyền huyễn , Báo thù , Dị thế , Tu chân , Ngọt văn , Song khiết 🕊️ , Tùy thân không gian , Cơ giáp , Cường cường , Thăng cấp lưu , Sảng văn , Hài hước , Nữ cường , 1v1 , Thị giác nữ chủ , Ngự thú",Hoàn thành,4308114,81442,1097,20655,https://wikicv.net/truyen/van-thu-trieu-hoang-W3uyrVS4CCGo4hJT
Xuyên thành niên đại cực phẩm hắn thân khuê nữ,Nguyệt Hạ Thư Ngốc,"Nguyên sang , Ngôn tình , Hiện đại , HE , Tình cảm , Xuyên việt , Ngọt văn , Trọng sinh , Hệ thống , Xuyên thư , Vườn trường , Sảng văn , Nhẹ nhàng , Hài hước , Đô thị tình duyên , Ấm áp , 1v1 , Thị giác nữ chủ , Bình dân sinh hoạt , Học bá , Niên đại văn",Hoàn thành,4285751,10146,142,1640,https://wikicv.net/truyen/xuyen-thanh-nien-dai-cuc-pham-han-than-k-X73WDlS4CG2E9Zdz
Thần y khí nữ,MS Phù Tử,"Nguyên sang , Ngôn tình , Cổ đại , Hiện đại , HE , Tình cảm , Huyền huyễn , Tu chân , Trọng sinh , Y thuật",Hoàn thành,4272906,609,36,1715,https://wikicv.net/truyen/than-y-khi-nu-WIbaHXCVfBy5oQmA
Trọng sinh ta phải làm học thần,Lam Bạch Cách Tử,"Nguyên sang , Ngôn tình , Hiện đại , Tương lai , HE , Tình cảm , Tiên hiệp , Khoa học viễn tưởng , Mạt thế , Huyền huyễn , Tu chân , Xuyên việt , Dị năng , Ngọt văn , Tinh tế , Làm giàu , Cơ giáp , Hào môn thế gia , Vườn trường , Cường cường , Y thuật , Sảng văn , Nhẹ nhàng , Nhiều CP , Đô thị tình duyên , Bình bộ thanh vân , Duyên trời tác hợp , Ngược tra , Vả mặt , 1v1 , Thị giác nữ chủ",Hoàn thành,4234382,8365,74,912,https://wikicv.net/truyen/trong-sinh-ta-phai-lam-hoc-than-XP5tbVS4CD9flNZX
Xuyên nhanh nữ xứng có độc: Nam thần chuyên sủng sổ tay,Manh Đại Doãn,"Nguyên sang , Ngôn tình , Cổ đại , Cận đại , Hiện đại , Tương lai , HE , Tình cảm , Tiên hiệp , Khoa học viễn tưởng , Mạt thế , Võng du , Tu chân , Ngọt văn , Thú nhân , Hệ thống , Thần tiên yêu quái , Xuyên nhanh , Hào môn thế gia , Cẩu huyết , Giới giải trí , Vườn trường , NP , Thanh mai trúc mã , Cung đình hầu tước , Nhẹ nhàng , Đô thị tình duyên , Cải trang giả dạng , Ấm áp , Duyên trời tác hợp , Linh dị thần quái , Thị giác nữ chủ",Hoàn thành,4148133,10600,241,1666,https://wikicv.net/truyen/xuyen-nhanh-nu-xung-co-doc-nam-than-chuy-WRUlwO8h7HQ3C_E1
Bỏ phi trọng sinh: Độc thủ nữ ma y,Mộ Nguyệt Hi,"Nguyên sang , Ngôn tình , Cổ đại , HE , Tình cảm , Huyền huyễn , Báo thù , Trọng sinh",Hoàn thành,4141216,2639,13,88,https://wikicv.net/truyen/bo-phi-trong-sinh-doc-thu-nu-ma-y-WNeOpe8h7FgFNDng
Thời gian cùng ngươi cộng triền miên,Lục Khinh Quân,"Nguyên sang , Ngôn tình , Hiện đại , HE , Tình cảm , Ngọt văn , Hào môn thế gia , Cẩu huyết , Ngược văn , Đô thị tình duyên",Hoàn thành,4134307,2293,12,454,https://wikicv.net/truyen/thoi-gian-cung-nguoi-cong-trien-mien-WmwIQu8h7CF4BpSU
"Xuyên nhanh nữ thần, có điểm ngọt / Xuyên nhanh nữ phụ thượng vị sổ tay",Đường Bất Lận,"Nguyên sang , Ngôn tình , Cổ đại , Cận đại , Hiện đại , Tương lai , HE , Tình cảm , Tu chân , Ngọt văn , Hệ thống , Thần tiên yêu quái , Xuyên nhanh , Hào môn thế gia , Cẩu huyết , Nữ phụ , Giới giải trí , Vườn trường , Thanh mai trúc mã , Cung đình hầu tước , Sảng văn , Nhẹ nhàng , Giang hồ ân oán , Hài hước , Đô thị tình duyên , Ấm áp , Pháo hôi , Duyên trời tác hợp , Phương Tây , Trâu già gặm cỏ non , Linh dị thần quái , Nghịch tập , 1v1 , Main là động vật , Giả heo ăn hổ , Võng hồng , Thị giác nữ chủ",Hoàn thành,4121758,8570,96,5728,https://wikicv.net/truyen/xuyen-nhanh-nu-than-co-diem-ngot-xuyen-n-WQCnAO8h7BsroUCT
Mau xuyên: Công lược nam phụ,Mai Khai,"Nguyên sang , Ngôn tình , Cổ đại , Hiện đại , Tương lai , HE , Tình cảm , Khoa học viễn tưởng , Ngọt văn , Hệ thống , Xuyên nhanh",Hoàn thành,4104098,12249,243,2761,https://wikicv.net/truyen/mau-xuyen-cong-luoc-nam-phu-WPeA7O8h7G0FUyVJ
Trọng sinh 80 tiếu giai thê,Giang Sơn Nhất Cố,"Nguyên sang , Ngôn tình , Cận đại , Hiện đại , HE , Tình cảm , Ngọt văn , Trọng sinh , Song khiết 🕊️ , Làm giàu , Hào môn thế gia , Quân văn , Đô thị tình duyên , Duyên trời tác hợp , Nữ cường , Ngược tra",Hoàn thành,4091936,3213,16,255,https://wikicv.net/truyen/trong-sinh-80-tieu-giai-the-WdElh%7E8h7Gb52qAs
Xuyên thành 80 dị năng nữ,Xuân Quang Mãn Viên,"Nguyên sang , Ngôn tình , Cận đại , HE , Tình cảm , Làm ruộng , Dị năng , Tùy thân không gian , Xuyên thư , Thị giác nữ chủ",Hoàn thành,4088383,8976,38,915,https://wikicv.net/truyen/xuyen-thanh-80-di-nang-nu-X8nko1S4CCV0KZpS
Vai ác hôm nay cũng thực ngoan,Phỉ Thúy Thúy,"Nguyên sang , Ngôn tình , Hiện đại , HE , Tình cảm , Hệ thống , Xuyên nhanh , Pháo hôi , Nghịch tập , 1v1 , Thị giác nữ chủ",Chưa xác minh,4072490,30594,1723,8733,https://wikicv.net/truyen/vai-ac-hom-nay-cung-thuc-ngoan-XZWrBVS4CD5toNxb
Tuyệt thế thần y chi nghịch thiên ma phi,Tầm Mạt Ương Ương,"Nguyên sang , Ngôn tình , Cổ đại , HE , Tình cảm , Dị thế , Xuyên việt , Ngọt văn , Trọng sinh , Cường cường",Hoàn thành,4071667,1582,63,641,https://wikicv.net/truyen/tuyet-the-than-y-chi-nghich-thien-ma-phi-WA4j3XCVfFVe3teh
"Xuyên nhanh: Quỷ súc nam thần, sủng lên trời!",Quân Khuynh,"Nguyên sang , Ngôn tình , Cổ đại , Hiện đại , HE , Tình cảm , Khoa học viễn tưởng , Huyền huyễn , Tu chân , Ngọt văn , Hệ thống , Xuyên nhanh , Hào môn thế gia , Giới giải trí , Vườn trường , Thanh mai trúc mã , Cung đình hầu tước , Dưỡng thành , Tây huyễn , Phát sóng trực tiếp , Trò chơi , Cải trang giả dạng , Mỹ nhân ngư , Linh dị thần quái , Nghịch tập , Vả mặt , 1v1 , Main là động vật , Thị giác nữ chủ , Triệu hoán lưu",Hoàn thành,4063740,16310,221,3602,https://wikicv.net/truyen/xuyen-nhanh-quy-suc-nam-than-sung-len-tr-XBb6DVS4CFV%7Eo_uG
"Xuyên thư sau, béo miêu nhi ở 80 làm đoàn sủng",Tạp Tạp er,"Nguyên sang , Ngôn tình , Hiện đại , HE , Tình cảm , Làm ruộng , Ngọt văn , Trọng sinh , Xuyên thư , Hào môn thế gia , Nữ phụ , Vườn trường , Nhẹ nhàng , Đô thị tình duyên , Thị giác nữ chủ , Manh bảo",Hoàn thành,4040340,14171,153,1597,https://wikicv.net/truyen/xuyen-thu-sau-beo-mieu-nhi-o-80-lam-doan-XWASoFS4CFSKS5i9
Xuyên nhanh chi đại lão lại điên rồi,Lỏa Bôn Đích Man Đầu,"Nguyên sang , Ngôn tình , Cổ đại , Hiện đại , HE , Tình cảm , Khoa học viễn tưởng , Huyền huyễn , Xuyên việt , Xuyên nhanh , Cung đình hầu tước , 1v1 , Song xuyên",Hoàn thành,4018517,37083,1682,12198,https://wikicv.net/truyen/xuyen-nhanh-chi-dai-lao-lai-dien-roi-XlHvm1S4CFefoqa4
Tuyệt sắc đan dược sư: Quỷ Vương yêu phi,Tiêu Thất Gia,"Nguyên sang , Ngôn tình , Cổ đại , HE , Tình cảm , Huyền huyễn , Tu chân , Xuyên việt , Ngọt văn , Trọng sinh , Cung đình hầu tước",Hoàn thành,4017720,4754,33,371,https://wikicv.net/truyen/tuyet-sac-dan-duoc-su-quy-vuong-yeu-phi-WL42kHCVfFyoSQzh
Đặc công trọng sinh: Mau xuyên toàn năng nữ thần,Nhất Lộ Phiền Hoa,"Nguyên sang , Ngôn tình , Cổ đại , Hiện đại , Tương lai , HE , Khoa học viễn tưởng , Xuyên nhanh , Cường cường , Sảng văn , Ngược tra , Vả mặt , 1v1 , Thị giác nữ chủ",Hoàn thành,3947627,8534,150,1438,https://wikicv.net/truyen/dac-cong-trong-sinh-mau-xuyen-toan-nang--WpURMO8h7GyKTpON
Mị vương sủng thê: Quỷ y hoàn khố phi / Y phi kinh thế,Cố Nhiễm Cẩm,"Nguyên sang , Ngôn tình , Cổ đại , HE , Tình cảm , Huyền huyễn , Tu chân , Xuyên việt , Ngọt văn , Tùy thân không gian , Hào môn thế gia , Cường cường , Y thuật , Cung đình hầu tước , Nhiều CP , Duyên trời tác hợp , Nữ cường , Ngược tra , Vả mặt",Hoàn thành,3945592,6069,109,1651,https://wikicv.net/truyen/mi-vuong-sung-the-quy-y-hoan-kho-phi-y-p-WzznYO8h7D9u48j3
"Xuyên nhanh: Nữ đế gả đến, cường thế liêu!",Hắc Bạch Hôi Cô Nương,"Nguyên sang , Ngôn tình , Cổ đại , Cận đại , Hiện đại , Tương lai , HE , Tình cảm , Khoa học viễn tưởng , Huyền huyễn , Võng du , Tu chân , Dị năng , Ngọt văn , Hệ thống , Song khiết 🕊️ , Xuyên nhanh , Hào môn thế gia , Giới giải trí , Vườn trường , Cung đình hầu tước , Sảng văn , Hoán đổi linh hồn , Tây huyễn , Cải trang giả dạng , Pháo hôi , Phương Tây , Mỹ nhân ngư , Nữ cường , Ngược tra , Sư đồ , Linh dị thần quái , Nghịch tập , Vả mặt , 1v1 , Main là động vật , Thị giác nữ chủ , Tỷ đệ",Hoàn thành,3922171,21305,293,4360,https://wikicv.net/truyen/xuyen-nhanh-nu-de-ga-den-cuong-the-lieu-W4V8rFS4CEv5oSqm
Dược môn tiên y,Phượng Quỳnh,"Nguyên sang , Ngôn tình , Cổ đại , HE , Tình cảm , Tiên hiệp , Huyền huyễn , Dị thế , Tu chân , Ngọt văn , Y thuật , Sảng văn , Cải trang giả dạng , Nữ cường , Thị giác nữ chủ",Hoàn thành,3862138,11779,93,1306,https://wikicv.net/truyen/duoc-mon-tien-y-XH4jyFS4CDHe_NYg
"Thiếu tướng đại nhân, cầu nhẹ sủng!",Mộ Thanh Liễm,"Nguyên sang , Ngôn tình , Hiện đại , HE , Tình cảm , Huyền huyễn , Báo thù , Ngọt văn , Trọng sinh , Hệ thống , Song khiết 🕊️ , Làm giàu , Hào môn thế gia , Vườn trường , Đô thị tình duyên , Duyên trời tác hợp , Ngược tra",Hoàn thành,3857081,313,26,119,https://wikicv.net/truyen/thieu-tuong-dai-nhan-cau-nhe-sung-WYW4wO8h7GHYuAq0
"Thủ tịch lão công bá đạo sủng: Bảo bối, tiếp tục",Thất Tích,"Nguyên sang , Ngôn tình , Hiện đại , HE , Tình cảm , Ngọt văn",Hoàn thành,3851097,92,7,15,https://wikicv.net/truyen/thu-tich-lao-cong-ba-dao-sung-bao-boi-ti-WUOx0e8h7HtnU3AR
"Trọng sinh thần y kiều thê: Thủ trưởng, mượn cái hôn!",Nguyên Lai,"Nguyên sang , Ngôn tình , Hiện đại , HE , Tình cảm , Báo thù , Ngọt văn , Trọng sinh , Hào môn thế gia , Trạch đấu , Quân văn , Cường cường , Y thuật , Thiên chi kiêu tử , Ấm áp , Duyên trời tác hợp , Ngược tra",Hoàn thành,3838177,275,21,99,https://wikicv.net/truyen/trong-sinh-than-y-kieu-the-thu-truong-mu-WxZXYO8h7EJn4_Dd
Chia tay sau ta ở giới giải trí bạo hồng,Lam Bạch Cách Tử,"Nguyên sang , Ngôn tình , Hiện đại , HE , Tình cảm , Huyền huyễn , Huyền học , Báo thù , Ngọt văn , Trọng sinh , Mỹ thực , Nữ phụ , Giới giải trí , Sảng văn , Nhẹ nhàng , Đô thị tình duyên , Ấm áp , Duyên trời tác hợp , Nữ cường , Ngược tra , Vả mặt , 1v1 , Xuyên về thế giới cũ",Hoàn thành,3822455,13777,221,3092,https://wikicv.net/truyen/chia-tay-sau-ta-o-gioi-giai-tri-bao-hong-X%7EB0C1S4CAUrL0pX
Dị năng trọng sinh: Thiên tài thiếu nữ bói toán sư,Ngải Hề Hề,"Nguyên sang , Ngôn tình , Hiện đại , HE , Huyền huyễn , Báo thù , Trọng sinh",Hoàn thành,3815770,1945,27,207,https://wikicv.net/truyen/di-nang-trong-sinh-thien-tai-thieu-nu-bo-WWjWP%7E8h7BtZz98Q
Trọng sinh 80 làm giàu ký,Nam Phương Lệ Chi,"Nguyên sang , Ngôn tình , Hiện đại , HE , Tình cảm , Làm ruộng , Ngọt văn , Trọng sinh , Cổ xuyên kim , Làm giàu , Cưới trước yêu sau , Nhẹ nhàng , Đô thị tình duyên , Cận thủy lâu đài , Thị giác nữ chủ",Hoàn thành,3795510,3244,70,643,https://wikicv.net/truyen/trong-sinh-80-lam-giau-ky-W0KJYO8h7H1b91Yv
Trọng sinh 70 phì thê muốn xoay người,Lý Bảo Châu,"Nguyên sang , Ngôn tình , Hiện đại , HE , Tình cảm , Xuyên việt , Làm giàu , Niên đại văn",Hoàn thành,3691578,11397,121,1676,https://wikicv.net/truyen/trong-sinh-70-phi-the-muon-xoay-nguoi-YUKbMFS4CFQ8DBS3
"Xuyên nhanh: Cứu mạng, nam chủ tất cả đều tan vỡ!",Hoa Sinh Tương,"Nguyên sang , Ngôn tình , Cổ đại , Hiện đại , HE , Tình cảm , Khoa học viễn tưởng , Huyền huyễn , Ngọt văn , Song khiết 🕊️ , Xuyên nhanh , Ngược văn , Cung đình hầu tước , Cải trang giả dạng , 1v1",Hoàn thành,3669999,25728,646,6934,https://wikicv.net/truyen/xuyen-nhanh-cuu-mang-nam-chu-tat-ca-deu--XFBSVlS4CC3CoBRt
"Mau xuyên hệ thống: Vai ác BOSS, làm càn liêu",Tần Nguyên,"Nguyên sang , Ngôn tình , Cổ đại , Hiện đại , HE , Tình cảm , Khoa học viễn tưởng , Huyền huyễn , Ngọt văn , Hệ thống , Xuyên nhanh , Nữ phụ , 1v1",Hoàn thành,3634328,8319,170,1080,https://wikicv.net/truyen/mau-xuyen-he-thong-vai-ac-boss-lam-can-l-WqFj%7Ee8h7GSOsLIX
Song thế sủng phi: Gia ta chờ ngươi hưu thê,Phạn Khuyết,"Nguyên sang , Ngôn tình , Cổ đại , HE , Tình cảm , Huyền huyễn , Xuyên việt , Ngọt văn , Cung đình hầu tước , Duyên trời tác hợp",Hoàn thành,3629939,1289,47,379,https://wikicv.net/truyen/song-the-sung-phi-gia-ta-cho-nguoi-huu-t-WLeRHHCVfHMNjEvK
Từ hôn sau ta thành quyền thần đầu quả tim sủng,Lam Bạch Cách Tử,"Nguyên sang , Ngôn tình , Cổ đại , HE , Tình cảm , Làm ruộng , Quan trường , Báo thù , Xuyên việt , Ngọt văn , Trọng sinh , Tùy thân không gian , Làm giàu , Cường cường , Cưới trước yêu sau , Cung đình hầu tước , Sảng văn , Bình bộ thanh vân , Duyên trời tác hợp , Nữ cường , Ngược tra , Vả mặt , 1v1 , Thị giác nữ chủ , Viết văn , Cường giả trở về",Hoàn thành,3616231,11382,312,2270,https://wikicv.net/truyen/tu-hon-sau-ta-thanh-quyen-than-dau-qua-t-YRhiElS4CFLKk1Cb
Mau xuyên hệ thống: Nam thần công lược sổ tay,Hoán Sở,"Nguyên sang , Ngôn tình , Cổ đại , Hiện đại , HE , Tình cảm , Khoa học viễn tưởng , Xuyên việt , Ngọt văn , Hệ thống , Xuyên nhanh , Nhẹ nhàng",Hoàn thành,3591812,2715,105,1012,https://wikicv.net/truyen/mau-xuyen-he-thong-nam-than-cong-luoc-so-WRQV_e8h7Aoyd1FV
Không gian trọng sinh: Quân thê đừng xằng bậy,Niên Tiểu Hoa,"Nguyên sang , Ngôn tình , Hiện đại , HE , Tình cảm , Làm ruộng , Ngọt văn , Song khiết 🕊️ , Tùy thân không gian , Cổ xuyên kim , Làm giàu , Cẩu huyết , Quân văn , Cường cường , Y thuật , Cận thủy lâu đài , Nữ cường , Ngược tra , 1v1",Hoàn thành,3564846,2002,26,165,https://wikicv.net/truyen/khong-gian-trong-sinh-quan-the-dung-xang-WTny5O8h7H6E9fKc
Bạo manh tiểu tiên: Phác gục băng sơn lãnh thượng thần,Vị Hi Sơ Hiểu,"Nguyên sang , Ngôn tình , Cổ đại , HE , Tình cảm , Huyền huyễn , Dị thế , Tu chân , Thần tiên yêu quái , Song khiết 🕊️ , Hoan hỉ oan gia , Nhẹ nhàng , Hài hước , Duyên trời tác hợp , Tiểu bạch văn , Linh dị thần quái",Hoàn thành,3553967,3589,54,654,https://wikicv.net/truyen/bao-manh-tieu-tien-phac-guc-bang-son-lan-WVBn9%7E8h7ClgwXi5
Thú hắc cuồng phi: Hoàng thúc nghịch thiên sủng,Thanh Phiến,"Nguyên sang , Ngôn tình , Cổ đại , HE , Tình cảm , Tiên hiệp , Huyền huyễn , Xuyên việt , Ngọt văn , Tùy thân không gian , Cường cường , Y thuật , Sảng văn , Kiếp trước kiếp này , Nghịch tập , 1v1 , Thị giác nữ chủ , Triệu hoán lưu , Ngự thú",Hoàn thành,3514020,1616,57,1088,https://wikicv.net/truyen/thu-hac-cuong-phi-hoang-thuc-nghich-thie-W%7EFPkFS4CDG2YUVa
Mau xuyên công lược: Vai ác Boss độc nhất vô nhị định chế,Lâm Mộc Thập Nhất,"Nguyên sang , Ngôn tình , Cổ đại , Hiện đại , HE , Tình cảm , Khoa học viễn tưởng , Hệ thống , Song khiết 🕊️ , Xuyên nhanh , Cường cường , Sảng văn , Pháo hôi , Nữ cường , Nghịch tập , 1v1",Hoàn thành,3512748,29573,468,3875,https://wikicv.net/truyen/mau-xuyen-cong-luoc-vai-ac-boss-doc-nhat-W6vBnVS4CDOvnNBK
Ngọt ngào hôn lệnh: Lục thiếu y thần kiều thê,Thanh Phong Mạc Vãn,"Nguyên sang , Ngôn tình , Hiện đại , HE , Tình cảm , Trọng sinh , Hệ thống , Song khiết 🕊️ , Đổ thạch , Quân văn , Cường cường , Y thuật , Kiếp trước kiếp này , Nữ cường , 1v1",Chưa xác minh,3511662,1399,37,231,https://wikicv.net/truyen/ngot-ngao-hon-lenh-luc-thieu-y-than-kieu-WSAmre8h7C9XjCRf
"Nghịch thiên cửu tiểu thư: Đế tôn, đừng chạy!",Thủy Thanh Trúc,"Nguyên sang , Ngôn tình , Cổ đại , HE , Tình cảm , Tiên hiệp , Huyền huyễn , Tu chân , Xuyên việt , Ngọt văn",Hoàn thành,3482819,7103,44,2414,https://wikicv.net/truyen/nghich-thien-cuu-tieu-thu-de-ton-dung-ch-WS6%7EYu8h7HE6b0ju
"Xuyên nhanh: Nam chủ, khai quải sao",Tố Thủ Chiết Chi,"Nguyên sang , Ngôn tình , Cổ đại , Hiện đại , HE , Tình cảm , Khoa học viễn tưởng , Mạt thế , Huyền huyễn , Võng du , Ngọt văn , Hệ thống , Song khiết 🕊️ , Xuyên nhanh , Hào môn thế gia , Cung đình hầu tước , Nhẹ nhàng , Ấm áp , Tiểu bạch văn , 1v1 , Thị giác nữ chủ",Hoàn thành,3480535,18679,558,3560,https://wikicv.net/truyen/xuyen-nhanh-nam-chu-khai-quai-sao-WvT8LO8h7Et4up8j
"Xuyên nhanh chi nam thần, có điểm tô (Bệnh kiều nam thần, thỉnh tiết chế)",Đường Bất Lận,"Nguyên sang , Ngôn tình , Cổ đại , Hiện đại , HE , Tình cảm , Khoa học viễn tưởng , Huyền huyễn , Xuyên việt , Ngọt văn , Hệ thống , Song khiết 🕊️ , Xuyên nhanh , Nữ cường , 1v1",Hoàn thành,3444256,13768,167,1764,https://wikicv.net/truyen/xuyen-nhanh-chi-nam-than-co-diem-to-benh-XOisdVS4CGWef%7EhW
Nữ chiến thần hắc bao đàn,Nhị Khiêm,"Nguyên sang , Ngôn tình , Hiện đại , OE , Tình cảm , Khoa học viễn tưởng , Huyền huyễn , Tu chân , Xuyên nhanh , Tinh tế , Giới giải trí , Thị giác nữ chủ",Hoàn thành,3430224,35297,686,6155,https://wikicv.net/truyen/nu-chien-than-hac-bao-dan-WynHrO8h7EgJweqA
Xuyên thành vai ác đại lão đầu quả tim bảo,Lão Dương Ái Cật Ngư,"Nguyên sang , Ngôn tình , Cận đại , HE , Tình cảm , Xuyên việt , Ngọt văn , Trọng sinh , Song khiết 🕊️ , Xuyên thư , Cẩu huyết , Nữ phụ , Thanh mai trúc mã , Sảng văn , Dưỡng thành , Ấm áp , Pháo hôi , Nữ cường , Ngược tra , Vả mặt , 1v1 , Giả heo ăn hổ , Thị giác nữ chủ , Manh bảo",Hoàn thành,3423635,7444,55,933,https://wikicv.net/truyen/xuyen-thanh-vai-ac-dai-lao-dau-qua-tim-b-XwA5aFS4CFhKxxng
Y phi quyền khuynh thiên hạ,Thừa Cửu,"Nguyên sang , Ngôn tình , Cổ đại , HE , Tình cảm , Xuyên việt , Y thuật , Cung đình hầu tước , Nữ cường , 1v1",Hoàn thành,3414546,909,22,335,https://wikicv.net/truyen/y-phi-quyen-khuynh-thien-ha-WN2UQO8h7BinsKWs
Xuyên nhanh: Cứu vớt hắc hóa Boss nam chủ,Quyển Thành Đoàn Tử,"Nguyên sang , Ngôn tình , Cổ đại , Cận đại , Hiện đại , Tương lai , HE , Tình cảm , Khoa học viễn tưởng , Hệ thống , Xuyên nhanh , 1v1",Hoàn thành,3414145,15423,380,3383,https://wikicv.net/truyen/xuyen-nhanh-cuu-vot-hac-hoa-boss-nam-chu-WRlDY%7E8h7Ev_yoZ9
Thiếu soái mỗi ngày đều ở ghen,Bát Tầm,"Nguyên sang , Ngôn tình , Cận đại , HE , Tình cảm , Xuyên việt , Dân quốc",Hoàn thành,3405456,758,33,300,https://wikicv.net/truyen/thieu-soai-moi-ngay-deu-o-ghen-W3uWCFS4CFv97mSq
Thần y cuồng phi: Thiên tài triệu hoán sư,MS Phù Tử,"Nguyên sang , Ngôn tình , Cổ đại , HE , Tình cảm , Huyền huyễn , Dị thế , Xuyên việt , Ma pháp , Ngọt văn , Song khiết 🕊️ , Cường cường , Y thuật , Thăng cấp lưu , Cung đình hầu tước , Kiếp trước kiếp này , Cải trang giả dạng , Thiên chi kiêu tử , Duyên trời tác hợp , Nữ cường , Linh dị thần quái",Hoàn thành,3377513,2856,52,341,https://wikicv.net/truyen/than-y-cuong-phi-thien-tai-trieu-hoan-su-WSZmOu8h7G0re1Cx
Pháo hôi nhân sinh [ xuyên nhanh ],Khuynh Bích Du Nhiên,"Nguyên sang , Ngôn tình , Cổ đại , HE , Tình cảm , Khoa học viễn tưởng , Huyền huyễn , Xuyên việt , Hệ thống , Xuyên nhanh , 1v1 , Thị giác nữ chủ",Hoàn thành,3364899,30378,410,7151,https://wikicv.net/truyen/phao-hoi-nhan-sinh-xuyen-nhanh-Xjv6uFS4CAktB4ck
Trọng sinh báo thù: Phúc hắc đích nữ,Cẩm Hồng Loan,"Nguyên sang , Ngôn tình , Cổ đại , HE , Tình cảm , Báo thù , Trọng sinh , Trạch đấu , Cung đình hầu tước , Thiên chi kiêu tử , Nữ cường , Ngược tra , Vả mặt , 1v1",Hoàn thành,3339546,1100,33,260,https://wikicv.net/truyen/trong-sinh-bao-thu-phuc-hac-dich-nu-WhhpQ%7E8h7Acl_W9a
Kiều nữ độc phi,Yên Vũ Phương Đinh,"Nguyên sang , Ngôn tình , Cổ đại , HE , Tình cảm , Ngọt văn , Làm giàu , Cung đấu , Cung đình hầu tước , Sảng văn , Nghịch tập , 1v1",Hoàn thành,3320684,1964,37,496,https://wikicv.net/truyen/kieu-nu-doc-phi-WtbRQO8h7C1K0zdF
Hào môn quật khởi: Trọng sinh vườn trường thương nữ,Tô Noãn Sắc,"Nguyên sang , Ngôn tình , Hiện đại , HE , Tình cảm , Dị năng , Ngọt văn , Trọng sinh , Song khiết 🕊️ , Làm giàu , Hào môn thế gia , Quân văn , 1v1",Hoàn thành,3319083,1775,25,419,https://wikicv.net/truyen/hao-mon-quat-khoi-trong-sinh-vuon-truong-WSlLqu8h7ArPEnuf
Trọng sinh mạnh nhất nữ đế,Dạ Bắc,"Nguyên sang , Ngôn tình , Cổ đại , HE , Tiên hiệp , Huyền huyễn , Tu chân , Trọng sinh",Hoàn thành,3308735,2590,107,768,https://wikicv.net/truyen/trong-sinh-manh-nhat-nu-de-WdYFxu8h7B1N0d4G
Xuyên nhanh: Vai ác nữ chủ mãn cấp lúc sau,Mặc Linh,"Nguyên sang , Ngôn tình , Cổ đại , Hiện đại , Tương lai , HE , Tình cảm , Võ hiệp , Tiên hiệp , Khoa học viễn tưởng , Mạt thế , Huyền huyễn , Quan trường , Tu chân , Xuyên việt , Trọng sinh , Hệ thống , Song khiết 🕊️ , Xuyên nhanh , Hào môn thế gia , Hắc bang , Huyết tộc , Giới giải trí , Vườn trường , Vị diện , Cung đình hầu tước , Sảng văn , Nhẹ nhàng , Giang hồ ân oán , Hài hước , Đô thị tình duyên , Tam giáo cửu lưu , Nữ cường , Linh dị thần quái , 1v1 , Thị giác nữ chủ , Sát thủ , Xuyên thành vai chính",Hoàn thành,3253693,47647,903,13267,https://wikicv.net/truyen/xuyen-nhanh-vai-ac-nu-chu-man-cap-luc-sa-Ym0Y1VS4CCm%7EQm_T
Dữ thiên đồng thú [ tu tiên ],Vụ Thỉ Dực,"Nguyên sang , Ngôn tình , Cổ đại , HE , Tình cảm , Tiên hiệp , Huyền huyễn , Dị thế , Tu chân , Xuyên việt , Ngọt văn , Trọng sinh , Thăng cấp lưu , Kim bài đề cử 🥇 , Kim Bảng 🏆 , Linh dị thần quái",Hoàn thành,3188458,14872,374,5197,https://wikicv.net/truyen/du-thien-dong-thu-tu-tien-WY73Re8h7Et8SPtG
Nữ chủ tra hóa chi lộ,Ai Lam,"Nguyên sang , Ngôn tình , Cổ đại , Hiện đại , Tương lai , HE , Tình cảm , Mạt thế , Huyền huyễn , Báo thù , Tu chân , Hệ thống , Xuyên nhanh , Tinh tế , Hào môn thế gia , Nữ phụ , Ngược văn , Vườn trường , Vô hạn lưu , Cung đình hầu tước , Sảng văn , Kiếp trước kiếp này , Pháo hôi , Nữ cường , Ngược tra , Linh dị thần quái",Hoàn thành,3157805,17181,703,7243,https://wikicv.net/truyen/nu-chu-tra-hoa-chi-lo-WAtWonCVfBxG7wTJ
Nông môn cay nữ: Trong núi hán tử ngọt sủng thê,Thủy Lạc Lạc,"Nguyên sang , Ngôn tình , Cổ đại , HE , Tình cảm , Làm ruộng , Xuyên việt , Ngọt văn , Song khiết 🕊️ , Trạch đấu , Cung đình hầu tước , Sảng văn , Phản phái trọng sinh , Nữ cường , Ngược tra",Hoàn thành,3148478,949,21,130,https://wikicv.net/truyen/nong-mon-cay-nu-trong-nui-han-tu-ngot-su-WTY%7E1u8h7COnon4w
Thịnh sủng đệ nhất phu nhân,Thập Nguyệt Sơ,"Nguyên sang , Ngôn tình , Hiện đại , HE , Tình cảm , Ngọt văn , Trọng sinh , Hào môn thế gia , Đô thị tình duyên , Duyên trời tác hợp",Hoàn thành,3112956,764,29,74,https://wikicv.net/truyen/thinh-sung-de-nhat-phu-nhan-WQ7FYe8h7E8QbAWw
Đại lão lại muốn tan vỡ,Tần Nguyên,"Nguyên sang , Ngôn tình , Cổ đại , Hiện đại , HE , Tình cảm , Xuyên việt , Ngọt văn , Hệ thống , Xuyên nhanh , Hào môn thế gia , Giới giải trí , Vườn trường , Cung đình hầu tước , Nhẹ nhàng , Thị giác nữ chủ",Hoàn thành,3102743,18068,375,4040,https://wikicv.net/truyen/dai-lao-lai-muon-tan-vo-XcoV1VS4CFUJH5li
Quẻ phi thiên hạ,Cẩm Hoàng,"Nguyên sang , Ngôn tình , Cổ đại , HE , Tình cảm , Làm ruộng , Huyền học , Tu chân , Xuyên việt , Ngọt văn , Phong thủy , Hào môn thế gia , Cung đình hầu tước , Sảng văn , Nhẹ nhàng , Nữ cường , Giả heo ăn hổ , Thị giác nữ chủ",Hoàn thành,3099292,3802,57,1206,https://wikicv.net/truyen/que-phi-thien-ha-WIA8Yzu26w9RxBFc
Hào môn trọng sinh: Ác ma thiên kim trở về,Do Tự,"Nguyên sang , Ngôn tình , Hiện đại , HE , Tình cảm , Báo thù , Trọng sinh , Hào môn thế gia",Hoàn thành,3028012,1034,14,209,https://wikicv.net/truyen/hao-mon-trong-sinh-ac-ma-thien-kim-tro-v-WNZnUe8h7CC5ipH1
Thần y quý nữ: Thịnh sủng thất hoàng phi,Lâu Tinh Ngâm,"Nguyên sang , Ngôn tình , Cổ đại , HE , Tình cảm , Huyền huyễn , Xuyên việt , Ngọt văn , Trọng sinh , Tùy thân không gian , Hào môn thế gia , Y thuật , Thăng cấp lưu , Cung đình hầu tước , Pháo hôi , Nữ cường , 1v1",Hoàn thành,3025792,3234,20,74,https://wikicv.net/truyen/than-y-quy-nu-thinh-sung-that-hoang-phi-We8qh%7E8h7BnQeiFk
Mau xuyên nữ xứng: Nam thần cầu ngươi đừng hắc hóa!,Dạ Gia Đích Ly Trần,"Nguyên sang , Ngôn tình , Cổ đại , Cận đại , Hiện đại , HE , Tình cảm , Khoa học viễn tưởng , Mạt thế , Huyền huyễn , Võng du , Tu chân , Ma pháp , Dị năng , Ngọt văn , Hệ thống , Thần tiên yêu quái , Song khiết 🕊️ , Xuyên nhanh , Sinh con , Hào môn thế gia , Giới giải trí , Vườn trường , Dân quốc , Cung đình hầu tước , Linh dị thần quái , Nghịch tập , Vả mặt , 1v1 , Thị giác nữ chủ , Bệnh kiều , Chiếm hữu dục",Hoàn thành,3024019,15882,330,3039,https://wikicv.net/truyen/mau-xuyen-nu-xung-nam-than-cau-nguoi-dun-WsDTqO8h7HGiQ65_
"Mau xuyên tiểu yêu tinh: Phúc hắc nam chủ, đừng tới đây!",Tố Thủ Chiết Chi,"Nguyên sang , Ngôn tình , Cổ đại , Hiện đại , Tương lai , HE , Tình cảm , Khoa học viễn tưởng , Huyền huyễn , Ngọt văn , Trọng sinh , Hệ thống , Thần tiên yêu quái , Song khiết 🕊️ , Xuyên nhanh , Hào môn thế gia , Giới giải trí , Cung đình hầu tước , Sảng văn , Nhẹ nhàng , Kiếp trước kiếp này , Phát sóng trực tiếp , Cận thủy lâu đài , Duyên trời tác hợp , Nữ cường , Linh dị thần quái , 1v1 , Nguyên thủy",Hoàn thành,2998080,9522,290,2203,https://wikicv.net/truyen/mau-xuyen-tieu-yeu-tinh-phuc-hac-nam-chu-WUawRu8h7D38QxP_
Trọng sinh quý thê: Đế thiếu đầu quả tim sủng,Lộ Phỉ Tịch,"Nguyên sang , Ngôn tình , Hiện đại , HE , Tình cảm , Báo thù , Ngọt văn , Trọng sinh , Hào môn thế gia , Cẩu huyết , Giới giải trí , Sảng văn , Hài hước , Đô thị tình duyên , Duyên trời tác hợp , Nữ cường , Ngược tra , Vả mặt , 1v1",Hoàn thành,2982660,318,25,148,https://wikicv.net/truyen/trong-sinh-quy-the-de-thieu-dau-qua-tim--Wf_c1%7E8h7GFc7mB6
Nữ xứng nàng thành đại lão,Nhĩ Phong Trùng,"Nguyên sang , Ngôn tình , Hiện đại , HE , Tình cảm , Ngọt văn , Hào môn thế gia , Cẩu huyết , Nữ phụ , Vườn trường , Sảng văn , Nhẹ nhàng , Đô thị tình duyên , Pháo hôi , 1v1 , Giả heo ăn hổ , Thị giác nữ chủ",Hoàn thành,2982654,3980,116,445,https://wikicv.net/truyen/nu-xung-nang-thanh-dai-lao-XoLup1S4CDgz0hpp
Tựa cẩm,Đông Thiên Đích Liễu Diệp,"Nguyên sang , Ngôn tình , Cổ đại , HE , Tình cảm , Báo thù , Ngọt văn , Trọng sinh , Trạch đấu , Cung đình hầu tước , Kiếp trước kiếp này , 1v1 , Thị giác nữ chủ",Hoàn thành,2964079,5555,139,805,https://wikicv.net/truyen/tua-cam-WnIBvO8h7FTIXljg
Đương mãn cấp đại lão lật xe về sau,Nạp Lan Nhàn,"Nguyên sang , Ngôn tình , Hiện đại , HE , Tình cảm , Xuyên việt , Hào môn thế gia , Y thuật , Nữ cường , Thị giác nữ chủ , Thật giả thiên kim",Tạm ngưng,2961199,8660,53,696,https://wikicv.net/truyen/duong-man-cap-dai-lao-lat-xe-ve-sau-Xs0pClS4CHFmL4pI
Phu quân là đại ma vương tương lai làm sao bây giờ? / Tiểu yêu thê,Vụ Thỉ Dực,"Nguyên sang , Ngôn tình , Cổ đại , HE , Tình cảm , Huyền huyễn , Tu chân , Ngọt văn , Thần tiên yêu quái , Song khiết 🕊️ , Cường cường , Thăng cấp lưu , Cưới trước yêu sau , Sảng văn , Nhẹ nhàng , Kiếp trước kiếp này , Kim bài đề cử 🥇 , 1v1",Hoàn thành,2937983,21716,474,7115,https://wikicv.net/truyen/phu-quan-la-dai-ma-vuong-tuong-lai-lam-s-XSBA8VS4CDYh7SRT
"Tiểu sư muội rõ ràng siêu cường lại quá mức sa điêu / Ta dựa bãi lạn cứu vớt toàn tông môn / Xuyên thành công cụ người, điên phê Nhị sư tỷ nàng cự tuyệt đi kịch bản",Công Chủ Bất Hồi Gia,"Nguyên sang , Ngôn tình , Cổ đại , HE , Tình cảm , Tiên hiệp , Tu chân , Xuyên việt , Xuyên thư , Nhẹ nhàng , Thị giác nữ chủ",Hoàn thành,2932647,33452,1930,10831,https://wikicv.net/truyen/tieu-su-muoi-ro-rang-sieu-cuong-lai-qua--ZFSwXlS4CDbfsmzS
Nhà nghèo đích nữ có không gian,Họa Bút Xao Xao,"Nguyên sang , Ngôn tình , Cổ đại , HE , Tình cảm , Làm ruộng , Xuyên việt , Ngọt văn , Tùy thân không gian , Làm giàu , Thanh mai trúc mã , Nhẹ nhàng , Thị giác nữ chủ",Hoàn thành,2918676,7976,65,1511,https://wikicv.net/truyen/nha-ngheo-dich-nu-co-khong-gian-X5VwL1S4CAKNlkgN
Cổ đại nông gia hằng ngày,Tọa Chước Linh Linh Thủy,"Nguyên sang , Ngôn tình , Cổ đại , HE , Tình cảm , Làm ruộng , Quan trường , Xuyên việt , Song khiết 🕊️ , Làm giàu , Thanh mai trúc mã , Cải trang giả dạng , Cận thủy lâu đài , Nữ cường , 1v1 , Thị giác nữ chủ , Học bá , Viết văn",Hoàn thành,2917542,7634,75,1348,https://wikicv.net/truyen/co-dai-nong-gia-hang-ngay-WbNCUu8h7D1Wrem4
Tinh tế rách nát nữ vương,Liễu Thăng Thăng,"Nguyên sang , Ngôn tình , Tương lai , HE , Tình cảm , Khoa học viễn tưởng , Xuyên việt , Tinh tế , Cơ giáp , Hài hước , Nữ cường",Còn tiếp,2904490,45667,564,10435,https://wikicv.net/truyen/tinh-te-rach-nat-nu-vuong-XWPUX1S4CCPPhcu_
Xuyên nhanh chi mười giai hảo mụ mụ,Thanh Thanh Kết Ngạnh,"Nguyên sang , Ngôn tình , Cổ đại , Hiện đại , HE , Tình cảm , Khoa học viễn tưởng , Huyền huyễn , Xuyên việt , Hệ thống , Xuyên nhanh",Hoàn thành,2872792,18165,378,1525,https://wikicv.net/truyen/xuyen-nhanh-chi-muoi-giai-hao-mu-mu-X1CpwFS4CFezNoU3
Ta thành vai ác thân khuê nữ,Khúc Tiểu Hề,"Nguyên sang , Ngôn tình , Hiện đại , HE , Tình cảm , Ngọt văn , Xuyên thư , Thị giác nữ chủ , Cẩm lý thể chất , Đoàn sủng",Hoàn thành,2869050,21113,603,4115,https://wikicv.net/truyen/ta-thanh-vai-ac-than-khue-nu-XvqyVlS4CCfThHX%7E
Nhà có hãn thê làm sao phá,Lục Nguyệt Hạo Tuyết,"Nguyên sang , Ngôn tình , Cổ đại , HE , Tình cảm , Quan trường , Ngọt văn , Trọng sinh , Song khiết 🕊️ , Hào môn thế gia , Cẩu huyết , Cung đình hầu tước , Nhiều CP , 1v1 , Thị giác nữ chủ",Hoàn thành,2828236,1993,77,129,https://wikicv.net/truyen/nha-co-han-the-lam-sao-pha-W%7ELYJFS4CFzOEk1T
Mãn cấp trà xanh ở niên đại văn nằm thắng,Vân Cát Cẩm Tú,"Nguyên sang , Ngôn tình , Cận đại , Hiện đại , HE , Tình cảm , Xuyên việt , Ngọt văn , Xuyên thư , Mỹ thực , Làm giàu , Nữ phụ , Sảng văn , Nhiều CP , Pháo hôi , Duyên trời tác hợp , Kim bài đề cử 🥇 , Kim Bảng 🏆 , Nữ cường , Ngược tra , Vả mặt , 1v1 , Giả heo ăn hổ , Thị giác nữ chủ , Bình dân sinh hoạt , Thật giả thiên kim , Dưỡng oa , Niên đại văn",Hoàn thành,2820329,13919,904,5247,https://wikicv.net/truyen/man-cap-tra-xanh-o-nien-dai-van-nam-than-X3kfmFS4CBBIzXqN
Trọng sinh nương tử ở làm ruộng,Úc Vũ Trúc,"Nguyên sang , Ngôn tình , Cổ đại , HE , Tình cảm , Làm ruộng , Xuyên việt , Thị giác nữ chủ",Hoàn thành,2809380,8234,97,1004,https://wikicv.net/truyen/trong-sinh-nuong-tu-o-lam-ruong-WNeU6u8h7F3YMHdb
Đích nữ trọng sinh ký,Lục Nguyệt Hạo Tuyết,"Nguyên sang , Ngôn tình , Cổ đại , HE , Tình cảm , Tranh bá , Trọng sinh , Song khiết 🕊️ , Hào môn thế gia , Cung đấu , Trạch đấu , Cường cường , Cung đình hầu tước , Nhiều CP , Nữ cường , Thị giác nữ chủ",Hoàn thành,2788258,4443,201,1432,https://wikicv.net/truyen/dich-nu-trong-sinh-ky-WIA30Tu26w8Rihr2
"Thí hôn lão công, phải cho lực",Bách Hương Mật,"Nguyên sang , Ngôn tình , Hiện đại , HE , Tình cảm , Ngọt văn , Hào môn thế gia , Ngược văn , Khế ước tình nhân , Nhẹ nhàng , Đô thị tình duyên , Thị giác nữ chủ",Hoàn thành,2779713,981,7,54,https://wikicv.net/truyen/thi-hon-lao-cong-phai-cho-luc-WTjhQu8h7CnMhUDW
Xuyên thư thập niên 70 ăn dưa quần chúng tự mình tu dưỡng [Lâm Ngọc Trúc x Thẩm Bác Quận],Quýnh Quýnh Hữu Bì,"Nguyên sang , Ngôn tình , Hiện đại , HE , Tình cảm , Xuyên việt , Hệ thống , Song khiết 🕊️ , Tùy thân không gian , Xuyên thư , Làm giàu , Hài hước , Ấm áp , Người qua đường , 1v1 , Thị giác nữ chủ , Bình dân sinh hoạt , Niên đại văn",Hoàn thành,2733964,26449,723,4812,https://wikicv.net/truyen/xuyen-thu-thap-nien-70-an-dua-quan-chung-Yo0T%7EFS4CFtnFHSq
Độc y mẫu thân manh bảo bảo,Tô Tình Nhi,"Nguyên sang , Ngôn tình , Cổ đại , HE , Tình cảm , Huyền huyễn , Dị thế , Tu chân , Xuyên việt , Cẩu huyết , Y thuật , Cung đình hầu tước , Nữ cường , 1v1",Chưa xác minh,2712505,380,48,120,https://wikicv.net/truyen/doc-y-mau-than-manh-bao-bao-WVEft%7E8h7Ex2Ka3c
Quỷ Vương thích sủng: Nghịch thiên tiểu độc phi,Cửu Quân,"Nguyên sang , Ngôn tình , Cổ đại , HE , Tình cảm , Huyền huyễn , Báo thù , Dị thế , Xuyên việt , Ma pháp , Ngọt văn , Trọng sinh , Song khiết 🕊️ , Tùy thân không gian , Hào môn thế gia , Trạch đấu , Cường cường , Thăng cấp lưu , Đấu khí , Cung đình hầu tước , Sảng văn , Kiếp trước kiếp này , Hài hước , Nữ cường , Ngược tra , Nghịch tập , Vả mặt , 1v1",Hoàn thành,2710608,2002,24,545,https://wikicv.net/truyen/quy-vuong-thich-sung-nghich-thien-tieu-d-Wga8ku8h7DpS0VUy
Không gian nông nữ: Bưu hãn tiếu tức phụ dã hán tử,Cơ Dạ Vũ,"Nguyên sang , Ngôn tình , Cổ đại , HE , Tình cảm , Làm ruộng , Huyền huyễn , Xuyên việt , Ngọt văn , Song khiết 🕊️ , Tùy thân không gian , Trạch đấu , Thanh mai trúc mã , Duyên trời tác hợp , Ngược tra",Hoàn thành,2708759,1077,24,125,https://wikicv.net/truyen/khong-gian-nong-nu-buu-han-tieu-tuc-phu--WcTGRu8h7D9AhAqp
Tùy thân không gian: Mạt thế nữ xuyên năm 70,Túy Tuyết Tiêu Dao,"Nguyên sang , Ngôn tình , Hiện đại , HE , Tình cảm , Xuyên việt , Tùy thân không gian , Làm giàu , Cẩu huyết , Quân văn",Hoàn thành,2685181,3622,52,286,https://wikicv.net/truyen/tuy-than-khong-gian-mat-the-nu-xuyen-nam-WE11PnCVfD6vnbSS
Mau xuyên công lược: Nữ phụ thượng vị ký,Nạp Lan Mặc,"Nguyên sang , Ngôn tình , Cổ đại , Hiện đại , HE , Tình cảm , Khoa học viễn tưởng , Huyền huyễn , Ngọt văn , Hệ thống , Xuyên nhanh , Nữ phụ , Vô hạn lưu , Ngược tra",Hoàn thành,2659615,6852,99,961,https://wikicv.net/truyen/mau-xuyen-cong-luoc-nu-phu-thuong-vi-ky-WSR28e8h7E8PXL6g
Nhà nghèo phu thê,Lão Nạp Bất Đổng Ái,"Nguyên sang , Ngôn tình , Cổ đại , HE , Tình cảm , Làm ruộng , Quan trường , Xuyên việt , Dị năng , Làm giàu , Kim bài đề cử 🥇",Hoàn thành,2597249,5375,189,1842,https://wikicv.net/truyen/nha-ngheo-phu-the-Wz9B_%7E8h7GSfeJ5F
Kinh bạo! Đoàn sủng giả thiên kim bị ảnh đế đại lão sủng khóc,Thời Dư Dao,"Nguyên sang , Ngôn tình , Hiện đại , HE , Tình cảm , Huyền huyễn , Huyền học , Dị thế , Song khiết 🕊️ , Phong thủy , Xuyên thư , Hào môn thế gia , Vườn trường , Y thuật , Đô thị tình duyên , Thiên chi kiêu tử , Linh dị thần quái , 1v1 , Thật giả thiên kim , Đoàn sủng , Cường giả trở về , Áo choàng lưu",Hoàn thành,2595625,20769,385,2535,https://wikicv.net/truyen/kinh-bao-doan-sung-gia-thien-kim-bi-anh--YvixuFS4CDkDwMuU
Không gian làm ruộng: Xấu nữ thần y nông gia thê,Mộ Tương Tri,"Nguyên sang , Ngôn tình , Cổ đại , HE , Tình cảm , Làm ruộng , Huyền huyễn , Xuyên việt , Ngọt văn , Song khiết 🕊️ , Tùy thân không gian , Trạch đấu , Y thuật , Duyên trời tác hợp , Ngược tra",Hoàn thành,2549349,820,14,139,https://wikicv.net/truyen/khong-gian-lam-ruong-xau-nu-than-y-nong--WbqvIe8h7CeaMAFw
Thuần tình nha đầu hỏa lạt lạt,Tề Thành Côn,"Nguyên sang , Ngôn tình , Hiện đại , HE , Tình cảm , Cẩu huyết , Ngược văn , Hắc bang",Hoàn thành,2538892,47,57,52,https://wikicv.net/truyen/thuan-tinh-nha-dau-hoa-lat-lat-WP2Wne8h7BoyIDxd
Ngươi là của ta quyến luyến không quên,Công Tử Diễn,"Nguyên sang , Ngôn tình , Hiện đại , HE , Tình cảm , Hào môn thế gia , Giới giải trí",Hoàn thành,2538230,58,11,107,https://wikicv.net/truyen/nguoi-la-cua-ta-quyen-luyen-khong-quen-WGpOiXCVfFVQNrIS
Quý Phi mỗi ngày chỉ muốn làm cá mặn,Đại Quả Lạp,"Nguyên sang , Ngôn tình , Cổ đại , HE , Tình cảm , Xuyên việt , Ngọt văn , Song khiết 🕊️ , Hào môn thế gia , Cung đình hầu tước , 1v1",Hoàn thành,2537413,13576,163,1678,https://wikicv.net/truyen/quy-phi-moi-ngay-chi-muon-lam-ca-man-XlUjklS4CEw9lljR
Phế tài nghịch thế: Phúc hắc tà phi quá kiêu ngạo,Lam Bạch Cách Tử,"Nguyên sang , Ngôn tình , Cổ đại , HE , Tiên hiệp , Tu chân",Hoàn thành,2536220,5735,38,988,https://wikicv.net/truyen/phe-tai-nghich-the-phuc-hac-ta-phi-qua-k-WPuS1u8h7G9%7EDeRG
Ma đế sủng thê cuồng: Thiên tài ngự thú Cửu tiểu thư,Thiên Tâm Mị Cốt,"Nguyên sang , Ngôn tình , Cổ đại , HE , Tình cảm , Tiên hiệp , Huyền huyễn , Dị thế , Tu chân , Xuyên việt , Ngọt văn , Song khiết 🕊️ , Cường cường , Đấu khí , Cung đình hầu tước , Duyên trời tác hợp , Ngược tra",Hoàn thành,2521964,1081,30,295,https://wikicv.net/truyen/ma-de-sung-the-cuong-thien-tai-ngu-thu-c-WQrD7%7E8h7HX1Q%7EW6
Mau xuyên nữ phụ nghịch tập: Nam thần thỉnh mắc câu,Khuynh Lạc Trần,"Nguyên sang , Ngôn tình , Cổ đại , Hiện đại , HE , Tình cảm , Khoa học viễn tưởng , Ngọt văn , Hệ thống , Song khiết 🕊️ , Xuyên nhanh , Duyên trời tác hợp , Ngược tra",Hoàn thành,2492299,2911,64,382,https://wikicv.net/truyen/mau-xuyen-nu-phu-nghich-tap-nam-than-thi-WRNghe8h7GVYjJvC
"Những năm 70, có chút ngọt",Thất Tinh Thảo,"Nguyên sang , Ngôn tình , Cận đại , Hiện đại , HE , Tình cảm , Làm ruộng , Huyền huyễn , Báo thù , Ngọt văn , Trọng sinh , Song khiết 🕊️ , Tùy thân không gian , Làm giàu , Hào môn thế gia , Thanh mai trúc mã , Sảng văn , Nhiều CP , Ngược tra , 1v1 , Song trọng sinh , Giả heo ăn hổ",Hoàn thành,2484376,4718,34,460,https://wikicv.net/truyen/nhung-nam-70-co-chut-ngot-WAsXzHCVfAmqIxyZ
Mạt thế trọng sinh: Quân thiếu lòng bàn tay sủng,Y Nhân Vi Hoa,"Nguyên sang , Ngôn tình , Hiện đại , HE , Tình cảm , Mạt thế , Huyền huyễn , Báo thù , Dị năng , Ngọt văn , Trọng sinh , Song khiết 🕊️ , Nữ cường , Ngược tra",Hoàn thành,2483029,1546,31,324,https://wikicv.net/truyen/mat-the-trong-sinh-quan-thieu-long-ban-t-WaZfVu8h7GKV0k_s
Sủng thê vạn vạn tuế: Yêu nghiệt tà quân nghịch thiên phi,Y Nỉ Yêu Nhiêu,"Nguyên sang , Ngôn tình , Cổ đại , HE , Tình cảm , Võ hiệp , Huyền huyễn , Tranh bá , Báo thù , Dị thế , Xuyên việt , Ngọt văn , Trọng sinh , Song khiết 🕊️ , Hào môn thế gia , Trạch đấu , Cường cường , Hoan hỉ oan gia , Sảng văn , Hài hước , Duyên trời tác hợp , Nữ cường , Vả mặt , 1v1",Hoàn thành,2478294,539,18,172,https://wikicv.net/truyen/sung-the-van-van-tue-yeu-nghiet-ta-quan--WjezS%7E8h7Gt9DTuJ
"Làm ruộng thần y: Phu quân, cường thế sủng",Y Nhân Vi Hoa,"Nguyên sang , Ngôn tình , Cổ đại , HE , Tình cảm , Làm ruộng , Xuyên việt , Tùy thân không gian , Làm giàu , Trạch đấu , Y thuật , Cung đình hầu tước , Duyên trời tác hợp , Nghịch tập , Bình dân sinh hoạt",Hoàn thành,2476067,3918,40,314,https://wikicv.net/truyen/lam-ruong-than-y-phu-quan-cuong-the-sung-XDxFX1S4CGnuwjUR
"Trọng sinh quốc dân nam thần: Từ gia, ngoan sẽ liêu!",Cô Mộc Song,"Nguyên sang , Ngôn tình , Hiện đại , HE , Tình cảm , Khoa học viễn tưởng , Xuyên việt , Ngọt văn , Song khiết 🕊️ , Làm giàu , Hào môn thế gia , Cẩu huyết , Giới giải trí , Cường cường , Hoan hỉ oan gia , Sảng văn , Hài hước , Cải trang giả dạng , Cận thủy lâu đài , Tg lai xuyên hiện đại , Nữ cường , Vả mặt , 1v1",Hoàn thành,2456444,8564,85,1213,https://wikicv.net/truyen/trong-sinh-quoc-dan-nam-than-tu-gia-ngoa-WVoTw%7E8h7EwRq87R
Vương gia quá yêu nghiệt: Phúc hắc thế tử phi,Hạ Tễ Nguyệt,"Nguyên sang , Ngôn tình , Cổ đại , HE , Tình cảm , Võ hiệp , Báo thù , Dị thế , Xuyên việt , Ngọt văn , Trọng sinh , Hào môn thế gia , Trạch đấu , Cường cường , Hoan hỉ oan gia , Cung đình hầu tước , Sảng văn , Hài hước , Ấm áp , Nữ cường , Ngược tra , Nghịch tập , Vả mặt , 1v1",Hoàn thành,2455933,1520,32,284,https://wikicv.net/truyen/vuong-gia-qua-yeu-nghiet-phuc-hac-the-tu-Whv4Le8h7BrEslrT
Mau xuyên hệ thống: Phản phái nam thần công lược kế,Vân Tam Tam,"Nguyên sang , Ngôn tình , Cổ đại , Cận đại , Hiện đại , Tương lai , HE , Tình cảm , Huyền huyễn , Tu chân , Xuyên việt , Ngọt văn , Trọng sinh , Hệ thống , Song khiết 🕊️ , Xuyên nhanh , Nữ phụ , Cường cường , Sảng văn , Kiếp trước kiếp này , Nữ cường , Ngược tra , Nghịch tập , Vả mặt , 1v1",Hoàn thành,2447010,8985,312,2657,https://wikicv.net/truyen/mau-xuyen-he-thong-phan-phai-nam-than-co-WHJFqnCVfBTlGAfu
Mạt thế dưỡng oa bản chép tay,Bao Bao Tử,"Nguyên sang , Ngôn tình , Hiện đại , HE , Tình cảm , Mạt thế , Dị năng , Ngọt văn , Song khiết 🕊️ , Sinh con , Gương vỡ lại lành , Cường cường , Nữ cường , 1v1 , Thị giác nữ chủ",Hoàn thành,2444092,8995,167,1164,https://wikicv.net/truyen/mat-the-duong-oa-ban-chep-tay-WeCgTe8h7GG8caeI
Y nữ cuồng tạc thiên: Vạn độc tiểu ma phi,Lâu Tinh Ngâm,"Nguyên sang , Ngôn tình , Cổ đại , HE , Tình cảm , Huyền huyễn , Báo thù , Dị thế , Xuyên việt , Trọng sinh , Thần tiên yêu quái , Song khiết 🕊️ , Tùy thân không gian , Cường cường , Thăng cấp lưu , Sảng văn , Thiên chi kiêu tử , Duyên trời tác hợp , Nữ cường , 1v1",Hoàn thành,2443189,2432,10,484,https://wikicv.net/truyen/y-nu-cuong-tac-thien-van-doc-tieu-ma-phi-Wcnu1O8h7FnGrIBW
Xuyên thư 70: Ta pháo hôi trượng phu mười hạng toàn năng,Tĩnh Tự Kiêu Dương,"Nguyên sang , Ngôn tình , Hiện đại , HE , Tình cảm , Làm ruộng , Xuyên việt , Tùy thân không gian , Xuyên thư , Pháo hôi , Thị giác nữ chủ , Niên đại văn",Hoàn thành,2432413,10172,126,863,https://wikicv.net/truyen/xuyen-thu-70-ta-phao-hoi-truong-phu-muoi-ZDGypTu260hDzi8W
Mau xuyên nữ phụ: Hôn sâu nam thần 100 thứ,Hắc Bạch Hôi Cô Nương,"Nguyên sang , Ngôn tình , Cổ đại , Cận đại , Hiện đại , Tương lai , HE , Tình cảm , Khoa học viễn tưởng , Ngọt văn , Hệ thống , Song khiết 🕊️ , Xuyên nhanh , Nữ phụ , Nghịch tập",Hoàn thành,2419989,4540,185,923,https://wikicv.net/truyen/mau-xuyen-nu-phu-hon-sau-nam-than-100-th-WTDM0%7E8h7CBJRAqz
"Tổng tài đại nhân, thể lực hảo!",Phong Ương,"Nguyên sang , Ngôn tình , Hiện đại , HE , Tình cảm , Ngọt văn , Hào môn thế gia , Đô thị tình duyên",Hoàn thành,2413717,34,5,49,https://wikicv.net/truyen/tong-tai-dai-nhan-the-luc-hao-WSrO2O8h7DaRwGKk
Trở về 60 năm: Kiều thê phấn đấu kiếp sống,Ninh Tiểu Bạch,"Nguyên sang , Ngôn tình , Cận đại , Hiện đại , HE , Tình cảm , Trọng sinh , Tùy thân không gian , Làm giàu",Tạm ngưng,2405327,3721,62,61,https://wikicv.net/truyen/tro-ve-60-nam-kieu-the-phan-dau-kiep-son-WpLJlO8h7G6NrrSo
Mau xuyên: Kỳ nguyện nhân sinh công lược,Thu Phong Uyển Hề,"Nguyên sang , Ngôn tình , Cổ đại , Cận đại , Hiện đại , HE , Tình cảm , Tiên hiệp , Huyền huyễn , Báo thù , Tu chân , Xuyên việt , Ma pháp , Dị năng , Trọng sinh , Hệ thống , Xuyên nhanh , Tùy thân không gian , Làm giàu , Hào môn thế gia , Nữ phụ , Huyết tộc , Vườn trường , NP , Y thuật , Thăng cấp lưu , Đấu khí , Cung đình hầu tước , Tây huyễn , Pháo hôi , Nữ cường , Ngược tra , Linh dị thần quái , Nghịch tập , Vả mặt , 1v1",Hoàn thành,2401848,8110,178,1423,https://wikicv.net/truyen/mau-xuyen-ky-nguyen-nhan-sinh-cong-luoc-WcOLO%7E8h7Bz0YXYU
Họa cốt nữ Ngỗ tác,Li Đa Ô,"Nguyên sang , Ngôn tình , Cổ đại , HE , Tình cảm , Trinh thám , Xuyên việt , Phá án , Cung đấu , 1v1",Hoàn thành,2386096,2530,58,327,https://wikicv.net/truyen/hoa-cot-nu-ngo-tac-WkYffu8h7B7FSu41
Nghịch thiên thần phi tối thượng,Chiến Tây Dã,"Nguyên sang , Ngôn tình , Cổ đại , HE , Tình cảm , Huyền huyễn , Tu chân , Ngọt văn , Cường cường",Hoàn thành,2383445,8331,65,1793,https://wikicv.net/truyen/nghich-thien-than-phi-toi-thuong-WZfUdO8h7HBG5oLq
Một đời khuynh thành: Lãnh cung bỏ phi,Lãnh Thanh Sam,"Nguyên sang , Ngôn tình , Cổ đại , SE , Tình cảm , Cung đấu , Cung đình hầu tước",Hoàn thành,2368044,259,71,51,https://wikicv.net/truyen/mot-doi-khuynh-thanh-lanh-cung-bo-phi-WJVn0Tu261uc5u0_
"Mộ thiếu, lão bà ngươi lại trọng sinh",Hoa Hoa Liễu,"Nguyên sang , Ngôn tình , Hiện đại , HE , Tình cảm , Trọng sinh",Hoàn thành,2366640,1846,17,156,https://wikicv.net/truyen/mo-thieu-lao-ba-nguoi-lai-trong-sinh-WeCtru8h7GG8caea
Bị các đại lão đoàn sủng sau ta dã phiên,Tô Nhàn Nịnh,"Nguyên sang , Ngôn tình , Hiện đại , HE , Tình cảm , Xuyên thư , Hào môn thế gia , Sảng văn , Nữ cường , Ngược tra , Thật giả thiên kim",Chưa xác minh,2346316,3146,60,293,https://wikicv.net/truyen/bi-cac-dai-lao-doan-sung-sau-ta-da-phien-XqWJ_VS4CHtHwte2
Trọng sinh không gian: Thủ trưởng quân y tức phụ,Bách Điểu Triều Phong,"Nguyên sang , Ngôn tình , Hiện đại , HE , Tình cảm , Trọng sinh , Tùy thân không gian , Quân văn , Y thuật",Hoàn thành,2334894,274,27,63,https://wikicv.net/truyen/trong-sinh-khong-gian-thu-truong-quan-y--Wge%7E_e8h7EP%7EhzgP
"Mau xuyên công lược: Bệnh kiều ca ca, soái tạc thiên!",Tần Tư,"Nguyên sang , Ngôn tình , Cổ đại , Cận đại , Hiện đại , Tương lai , HE , Tình cảm , Mạt thế , Xuyên việt , Hệ thống , Xuyên nhanh , Hào môn thế gia , Giới giải trí , Cung đình hầu tước",Hoàn thành,2330201,10274,463,2355,https://wikicv.net/truyen/mau-xuyen-cong-luoc-benh-kieu-ca-ca-soai-W3WjfFS4CA41i_Dd
"Ta phiếm thiệt tình manh / Chữa khỏi xuyên nhanh: Hắc hóa nam thần, tới ôm một cái",Chiết Thụ Lê Hoa,"Nguyên sang , Ngôn tình , Cổ đại , Cận đại , Hiện đại , HE , Tình cảm , Khoa học viễn tưởng , Mạt thế , Huyền huyễn , Ngọt văn , Hệ thống , Xuyên nhanh , Hào môn thế gia , Giới giải trí , Vườn trường , Đô thị tình duyên , Ấm áp , Duyên trời tác hợp , 1v1 , Thị giác nữ chủ",Hoàn thành,2323757,12788,207,1797,https://wikicv.net/truyen/ta-phiem-thiet-tinh-manh-chua-khoi-xuyen-W9F9lFS4CAIfOTkR
"Trọng sinh mạt thế nữ vương: Đế thiếu, quỳ xuống!",Lưu Li Chi,"Nguyên sang , Ngôn tình , Hiện đại , HE , Tình cảm , Khoa học viễn tưởng , Mạt thế , Huyền huyễn , Báo thù , Dị năng , Ngọt văn , Trọng sinh , Thần tiên yêu quái , Song khiết 🕊️ , Cải trang giả dạng , Ngược tra",Hoàn thành,2309132,2766,80,330,https://wikicv.net/truyen/trong-sinh-mat-the-nu-vuong-de-thieu-quy-WSXMPe8h7FHtIBGT
"Mau xuyên hắc hóa: Bệnh kiều nam thần, ngọt tạc",Mộ Thanh Liễm,"Nguyên sang , Ngôn tình , Cổ đại , Hiện đại , Tương lai , HE , Tình cảm , Mạt thế , Ngọt văn , Hệ thống , Xuyên nhanh , Xuyên thư , Hào môn thế gia , Ngược văn , Giới giải trí , Vườn trường , Thanh mai trúc mã , Hắc ám , 1v1",Hoàn thành,2305383,4771,158,1193,https://wikicv.net/truyen/mau-xuyen-hac-hoa-benh-kieu-nam-than-ngo-XQIN0FS4CE0zuKPu
"Trọng sinh trường quân đội: Phúc hắc thiếu tướng, thiếu dạy dỗ",Cố Tây Dạ,"Nguyên sang , Ngôn tình , Hiện đại , HE , Tình cảm , Báo thù , Ngọt văn , Trọng sinh , Song khiết 🕊️ , Làm giàu , Hào môn thế gia , Hắc bang , Vườn trường , Sảng văn , Cải trang giả dạng , Nữ cường , Ngược tra",Hoàn thành,2304489,2636,31,316,https://wikicv.net/truyen/trong-sinh-truong-quan-doi-phuc-hac-thie-WYQbme8h7CdS4LDJ
Lóe hôn tổng tài khế ước thê,Niêm Hoa Phất Liễu,"Nguyên sang , Ngôn tình , Hiện đại , HE , Tình cảm , Ngọt văn , Sinh con , Làm giàu , Hào môn thế gia , Cưới trước yêu sau , Khế ước tình nhân , Đô thị tình duyên , Ngược tra , Vả mặt , 1v1",Hoàn thành,2303006,402,34,24,https://wikicv.net/truyen/loe-hon-tong-tai-khe-uoc-the-WbSjizu26wgFthOx
Xuyên nhanh chi hoàn thành chấp niệm của ngươi,Kỳ Phán,"Diễn sinh , Ngôn tình , Cổ đại , Cận đại , Hiện đại , Tương lai , HE , Tình cảm , Làm ruộng , Huyền huyễn , Quan trường , Võng du , Ngọt văn , Hệ thống , Thần tiên yêu quái , Xuyên nhanh , Xuyên thư , Mỹ thực , Tinh tế , Làm giàu , Hào môn thế gia , Giới giải trí , Vườn trường , Dân quốc , Y thuật , Cung đình hầu tước , Giang hồ ân oán , Hoán đổi linh hồn , Phát sóng trực tiếp , Đô thị tình duyên , Trò chơi , Ấm áp , Phản phái trọng sinh , Kim bài đề cử 🥇 , Kim Bảng 🏆 , Thị giác nữ chủ , Bình dân sinh hoạt , Viết văn",Hoàn thành,2287620,22723,772,7563,https://wikicv.net/truyen/xuyen-nhanh-chi-hoan-thanh-chap-niem-cua-X6BnNTzLci7HZEyN
Tà Đế cuồng hậu: Phế tài Cửu tiểu thư,Túy Ngọa Thiên Hạ,"Nguyên sang , Ngôn tình , Cổ đại , HE , Tình cảm , Huyền huyễn , Dị thế , Tu chân , Xuyên việt , Ngọt văn , Hào môn thế gia , Cường cường , Y thuật , Thăng cấp lưu , Cung đình hầu tước , Sảng văn , Duyên trời tác hợp , Nữ cường , Ngược tra , Vả mặt , Giả heo ăn hổ",Hoàn thành,2287491,1003,15,636,https://wikicv.net/truyen/ta-de-cuong-hau-phe-tai-cuu-tieu-thu-W5oE01S4CEqe_yk0
Nông kiều có phúc,Tịch Mịch Đích Thanh Tuyền,"Nguyên sang , Ngôn tình , Cổ đại , HE , Tình cảm , Làm ruộng , Xuyên việt , Ngọt văn , Cung đình hầu tước",Hoàn thành,2285892,1130,31,471,https://wikicv.net/truyen/nong-kieu-co-phuc-WNHgGO8h7AkxgkE6
Y phi ngoan cuồng: Phúc hắc Vương gia sủng thê vội,Sướng Nhiên,"Nguyên sang , Ngôn tình , Cổ đại , HE , Tình cảm , Xuyên việt , Ngọt văn , Hào môn thế gia , Cường cường , Y thuật",Hoàn thành,2284686,1843,14,420,https://wikicv.net/truyen/y-phi-ngoan-cuong-phuc-hac-vuong-gia-sun-WN%7EVse8h7CCbs4gZ
Thần Y Linh Tuyền: Quý Nữ Khí Phi,Dư Phương,"Nguyên sang , Ngôn tình , Cổ đại , HE , Tình cảm , Tiên hiệp , Huyền huyễn , Báo thù , Dị thế , Tu chân , Xuyên việt , Trọng sinh , Tùy thân không gian , Cung đấu , Trạch đấu , Cung đình hầu tước , Kiếp trước kiếp này , Duyên trời tác hợp , Nữ cường , Ngược tra",Hoàn thành,2273507,257,20,82,https://wikicv.net/truyen/than-y-linh-tuyen-quy-nu-khi-phi-WIC3tDu26xScYgIY
Xuyên nhanh hệ thống: Vai ác đại lão không dễ chọc,Tiểu Ngũ Nguyệt,"Nguyên sang , Ngôn tình , Cổ đại , Hiện đại , HE , Tình cảm , Khoa học viễn tưởng , Huyền huyễn , Hệ thống , Xuyên nhanh , Nữ cường , Nữ công",Hoàn thành,2273463,11178,133,3034,https://wikicv.net/truyen/xuyen-nhanh-he-thong-vai-ac-dai-lao-khon-XInjmVS4CFqgm1pE
Trở về 60 toàn năng quân tẩu,Hồ Đồ,"Nguyên sang , Ngôn tình , Cận đại , Hiện đại , HE , Tình cảm , Làm ruộng , Ngọt văn , Trọng sinh , Hệ thống , Song khiết 🕊️ , Làm giàu , Thăng cấp lưu , Cưới trước yêu sau , Hài hước , Ấm áp , Kim bài đề cử 🥇 , 1v1 , Thị giác nữ chủ , Bình dân sinh hoạt",Hoàn thành,2265630,8636,474,2110,https://wikicv.net/truyen/tro-ve-60-toan-nang-quan-tau-WmLmne8h7CC3mLpJ
"Cục cưng gả một đưa một: Tổng tài, thỉnh ký nhận!",Thủy Khanh Khanh,"Nguyên sang , Ngôn tình , Hiện đại , HE , Tình cảm , Ngọt văn , Hào môn thế gia , Cưới trước yêu sau , Đô thị tình duyên , 1v1",Chưa xác minh,2237860,263,6,18,https://wikicv.net/truyen/cuc-cung-ga-mot-dua-mot-tong-tai-thinh-k-WqKYnu8h7Eo9eUWS
Mau xuyên hệ thống: Công lược lang tính Boss,Quân Sanh,"Nguyên sang , Ngôn tình , Cổ đại , Hiện đại , HE , Tình cảm , Khoa học viễn tưởng , Huyền huyễn , Báo thù , Ngọt văn , Trọng sinh , Hệ thống , Song khiết 🕊️ , Xuyên nhanh , Hào môn thế gia , Vườn trường , Cung đình hầu tước , Sảng văn , Cận thủy lâu đài , Duyên trời tác hợp , Phương Tây , Ngược tra , Nghịch tập , Vả mặt , 1v1",Hoàn thành,2228032,2992,80,2192,https://wikicv.net/truyen/mau-xuyen-he-thong-cong-luoc-lang-tinh-b-WQLzVu8h7GOGxtTh
Nhàn nhã tiểu nông nữ,Nhất Trọc,"Nguyên sang , Ngôn tình , Cổ đại , HE , Tình cảm , Mạt thế , Làm ruộng , Ngọt văn , Trọng sinh , Tùy thân không gian , Làm giàu",Hoàn thành,2224316,2347,28,171,https://wikicv.net/truyen/nhan-nha-tieu-nong-nu-WG%7EOzXCVfHKfZqbW
Trọng sinh 80 y thế học bá nữ thần,Thiên La Lục,"Nguyên sang , Ngôn tình , Hiện đại , HE , Tình cảm , Huyền huyễn , Tu chân , Dị năng , Ngọt văn , Trọng sinh , Tùy thân không gian , Làm giàu , Y thuật , Sảng văn , Nữ cường , Ngược tra , Nghịch tập , Vả mặt",Hoàn thành,2222178,6834,9,544,https://wikicv.net/truyen/trong-sinh-80-y-the-hoc-ba-nu-than-XhPqCFS4CFmDUnPt
"Gian thần mị quốc: Tà Vương, đừng quá hư / Hoàng phi Cửu thiên tuế",Phù Ngư,"Nguyên sang , Ngôn tình , Cổ đại , Hiện đại , HE , Tình cảm , Huyền huyễn , Báo thù , Dị thế , Tu chân , Xuyên việt , Trọng sinh , Thần tiên yêu quái , Tùy thân không gian , Hào môn thế gia , Cường cường , Vị diện , Cung đình hầu tước , Sảng văn , Kiếp trước kiếp này , Hài hước , Cải trang giả dạng , Ngược tra , 1v1 , Thị giác nữ chủ",Hoàn thành,2220914,1722,20,179,https://wikicv.net/truyen/gian-than-mi-quoc-ta-vuong-dung-qua-hu-h-XYWex1S4CHghdQS2
Nhà ta phu nhân lại ở làm ruộng / Làm ruộng trong núi hán: Mạt thế kiều kiều ba tuổi rưỡi,Trường Thanh Thụ Trường Thanh,"Nguyên sang , Ngôn tình , Cổ đại , HE , Tình cảm , Làm ruộng , Xuyên việt , Ngọt văn , Trọng sinh , Song khiết 🕊️ , Tùy thân không gian , Hào môn thế gia , Cường cường , Cung đình hầu tước , Kiếp trước kiếp này , Nữ cường , 1v1 , Thị giác nữ chủ",Hoàn thành,2212032,11864,116,985,https://wikicv.net/truyen/nha-ta-phu-nhan-lai-o-lam-ruong-lam-ruon-YS1H3lS4CD0j7mwp
Toàn năng đại lão lại bị hủy đi áo choàng,Đâu Đâu Hữu Đồng Tiền,"Nguyên sang , Ngôn tình , Hiện đại , HE , Tình cảm , Ngọt văn , Song khiết 🕊️ , Đổ thạch , Làm giàu , Giới giải trí , Vườn trường , Cường cường , Y thuật , Sảng văn , Nhẹ nhàng , Hài hước , Đô thị tình duyên , Trò chơi , Cải trang giả dạng , Bình bộ thanh vân , Duyên trời tác hợp , Ngược tra , Võng phối , Vả mặt , 1v1 , Giả heo ăn hổ , Vô địch lưu , Áo choàng lưu",Hoàn thành,2205009,6347,76,758,https://wikicv.net/truyen/toan-nang-dai-lao-lai-bi-huy-di-ao-choan-XmyxmFS4CAXi_wOd
Thần y đích nữ,Dương Thập Lục,"Nguyên sang , Ngôn tình , Cổ đại , HE , Tình cảm , Xuyên việt , Ngọt văn",Hoàn thành,2153800,398,29,156,https://wikicv.net/truyen/than-y-dich-nu-WRcrD%7E8h7A8kY2%7Er
Xuyên nhanh: Ký chủ nàng một lòng muốn chết,Cửu Thiên Tuế,"Nguyên sang , Ngôn tình , Cổ đại , Cận đại , Hiện đại , Tương lai , HE , SE , Tình cảm , Võ hiệp , Tiên hiệp , Huyền huyễn , Hệ thống , Song khiết 🕊️ , Xuyên nhanh , Hào môn thế gia , Hắc bang , Vườn trường , Cường cường , Vị diện , Cung đình hầu tước , Giang hồ ân oán , Đô thị tình duyên , Duyên trời tác hợp , Phương Tây , Xuyên thành vai ác , Nữ cường , 1v1 , Giả heo ăn hổ , Thị giác nữ chủ",Hoàn thành,2147475,18084,402,4347,https://wikicv.net/truyen/xuyen-nhanh-ky-chu-nang-mot-long-muon-ch-XcWPSlS4CBQutmDm
Manh bảo tại thượng: Mặc thiếu trọng sinh đặc công thê,Minh Hi Công Tử,"Nguyên sang , Ngôn tình , Hiện đại , HE , Tình cảm , Huyền huyễn , Xuyên việt , Trọng sinh , Thần tiên yêu quái , Song khiết 🕊️ , Sinh con , Hào môn thế gia , Quân văn , Cường cường , Y thuật , Cung đình hầu tước , Sảng văn , Đô thị tình duyên , Nữ cường",Hoàn thành,2133235,801,23,90,https://wikicv.net/truyen/manh-bao-tai-thuong-mac-thieu-trong-sinh-WxCIWu8h7HYJS0OP
Trọng sinh đích nữ có không gian,Tiếu Hàn Yên,"Nguyên sang , Ngôn tình , Cổ đại , HE , Tình cảm , Huyền huyễn , Trọng sinh , Tùy thân không gian",Hoàn thành,2129339,3027,13,350,https://wikicv.net/truyen/trong-sinh-dich-nu-co-khong-gian-WucFje8h7Cr%7EHsHF
Nghịch thiên cuồng phượng: Tu La tiểu thú phi,Sướng Nhiên,"Nguyên sang , Ngôn tình , Cổ đại , HE , Tình cảm , Tranh bá , Báo thù , Dị thế , Xuyên việt , Ngọt văn , Trọng sinh , Song khiết 🕊️ , Hào môn thế gia , Cung đấu , Trạch đấu , Cường cường , Hoan hỉ oan gia , Cung đình hầu tước , Sảng văn , Nhẹ nhàng , Hài hước , Ấm áp , Duyên trời tác hợp , Nữ cường , Ngược tra , Nghịch tập , Vả mặt , 1v1 , Giả heo ăn hổ",Hoàn thành,2117263,1608,21,301,https://wikicv.net/truyen/nghich-thien-cuong-phuong-tu-la-tieu-thu-Wijtde8h7AGnB1Wa
Xuyên qua tinh tế thê vinh phu quý,Nhất Kiến Ngã Trân,"Nguyên sang , Ngôn tình , Hiện đại , Tương lai , HE , Tình cảm , Khoa học viễn tưởng , Xuyên việt , Dị năng , Tinh tế",Còn tiếp,2104615,16802,263,3021,https://wikicv.net/truyen/xuyen-qua-tinh-te-the-vinh-phu-quy-XUE111S4CHm_Hlik
Nghịch thiên manh bảo yêu nghiệt mẫu thân,Nạp Lan Phượng Cẩn,"Nguyên sang , Ngôn tình , Cổ đại , Hiện đại , HE , Tình cảm , Huyền huyễn , Báo thù , Dị thế , Xuyên việt , Ngọt văn , Trọng sinh , Song khiết 🕊️ , Sinh con , Cẩu huyết , Cung đấu , Cung đình hầu tước , Sảng văn , Giang hồ ân oán , Kiếp trước kiếp này , Hài hước , Thiên chi kiêu tử , Duyên trời tác hợp , Nữ cường , Ngược tra , Nghịch tập , Vả mặt , 1v1",Hoàn thành,2090709,1041,12,375,https://wikicv.net/truyen/nghich-thien-manh-bao-yeu-nghiet-mau-tha-WgiDo%7E8h7HEpRiaU
Hào môn trọng sinh thịnh thế vương nữ,Nhất Cố Tương Nghi,"Nguyên sang , Ngôn tình , Hiện đại , HE , Tình cảm , Ngọt văn , Trọng sinh , Hào môn thế gia , Giới giải trí , Y thuật , Đô thị tình duyên , Duyên trời tác hợp , Ngược tra",Hoàn thành,2084546,1120,17,450,https://wikicv.net/truyen/hao-mon-trong-sinh-thinh-the-vuong-nu-XSVtmFS4CGvQo6yG
Sủng thê hằng ngày [ xuyên nhanh ] / Ta là hảo nam nhân,Cam Mễ Nhi,"Nguyên sang , Ngôn tình , Cổ đại , Cận đại , Hiện đại , HE , Tình cảm , Huyền huyễn , Ngọt văn , Hệ thống , Xuyên nhanh , Hào môn thế gia , Trạch đấu , Giới giải trí , Sảng văn , Nhẹ nhàng , Đô thị tình duyên , Ấm áp , Kim bài đề cử 🥇 , Kim Bảng 🏆 , Ngược tra , Thị giác nam chủ , Bình dân sinh hoạt",Hoàn thành,2079122,12237,434,3036,https://wikicv.net/truyen/sung-the-hang-ngay-xuyen-nhanh-ta-la-hao-XLWWcVS4CD7Ivk1c
Minh thần trục tiên đồ,Tuế Hoa Triều Triều,"Nguyên sang , Ngôn tình , Cổ đại , Hiện đại , HE , Tình cảm , Tiên hiệp , Huyền huyễn , Báo thù , Dị thế , Tu chân , Trọng sinh , Thần tiên yêu quái , Hào môn thế gia , Cường cường , Vị diện , Sảng văn , Kiếp trước kiếp này , Nữ cường , Nghịch tập , 1v1 , Thị giác nữ chủ",Hoàn thành,2070043,6769,89,1144,https://wikicv.net/truyen/minh-than-truc-tien-do-X0_VL1S4CBe%7E_%7Exb
Trọng sinh niên đại 80 làm quân tẩu,Doãn Gia Lão Lục,"Nguyên sang , Ngôn tình , Cận đại , HE , Tình cảm , Làm ruộng , Xuyên việt , Ngọt văn , Trọng sinh , Làm giàu , Cẩu huyết , Trạch đấu , Quân văn , Duyên trời tác hợp , Nữ cường , 1v1 , Thị giác nữ chủ , Bình dân sinh hoạt",Hoàn thành,2063411,98,14,55,https://wikicv.net/truyen/trong-sinh-nien-dai-80-lam-quan-tau-WhR27e8h7CBWvVR_
Mau xuyên: Pháo hôi vả mặt công lược,Hắc Tâm Nữ Vương,"Nguyên sang , Ngôn tình , Cổ đại , Hiện đại , HE , Tình cảm , Khoa học viễn tưởng , Ngọt văn , Hệ thống , Song khiết 🕊️ , Xuyên nhanh , Nữ phụ , Sảng văn , Pháo hôi , Nữ cường , Ngược tra",Hoàn thành,2057907,5750,179,1583,https://wikicv.net/truyen/mau-xuyen-phao-hoi-va-mat-cong-luoc-WOpZDO8h7GNjH2AY
Mau xuyên hệ thống: Công lược lang tính Boss I,Quân Sanh,"Nguyên sang , Ngôn tình , Cổ đại , Cận đại , Hiện đại , Tương lai , HE , Tình cảm , Khoa học viễn tưởng , Mạt thế , Huyền huyễn , Báo thù , Dị thế , Tu chân , Ma pháp , Dị năng , Ngọt văn , Trọng sinh , Thú nhân , Hệ thống , Thần tiên yêu quái , Song khiết 🕊️ , Xuyên nhanh , Tinh tế , Hào môn thế gia , Cẩu huyết , Cung đấu , Huyết tộc , Giới giải trí , Vườn trường , Thăng cấp lưu , Đấu khí , Cung đình hầu tước , Sảng văn , Tây huyễn , Cận thủy lâu đài , Pháo hôi , Ngược tra , Linh dị thần quái , Nghịch tập , Vả mặt , 1v1",Hoàn thành,2051493,4861,132,892,https://wikicv.net/truyen/mau-xuyen-he-thong-cong-luoc-lang-tinh-b-WYbiE%7E8h7HltK3xq
"Thần cấp mau xuyên: Bệnh kiều ký chủ, cầu nhẹ sủng",Quân Sanh,"Nguyên sang , Ngôn tình , Cổ đại , Hiện đại , Tương lai , HE , Tình cảm , Khoa học viễn tưởng , Huyền huyễn , Báo thù , Ngọt văn , Hệ thống , Song khiết 🕊️ , Xuyên nhanh , Tùy thân không gian , Hào môn thế gia , Hắc bang , Vườn trường , Thăng cấp lưu , Cung đình hầu tước , Sảng văn , Cận thủy lâu đài , Pháo hôi , Duyên trời tác hợp , Ngược tra , Nghịch tập , 1v1 , Main là động vật",Hoàn thành,2048179,8521,250,1829,https://wikicv.net/truyen/than-cap-mau-xuyen-benh-kieu-ky-chu-cau--WZXQu%7E8h7Eay5raw
"Một thai nhị bảo: Độc y Vương phi, quá khó sủng",Cẩm Sắt Lí,"Nguyên sang , Ngôn tình , Cổ đại , HE , OE , Tình cảm , Huyền huyễn , Báo thù , Dị thế , Tu chân , Xuyên việt , Ngọt văn , Trọng sinh , Song khiết 🕊️ , Hào môn thế gia , Nữ phụ , Cường cường , Y thuật , Đấu khí , Cung đình hầu tước , Sảng văn , Giang hồ ân oán , Tam giáo cửu lưu , Ấm áp , Ngược tra , Nghịch tập , Vả mặt , 1v1 , Thị giác nữ chủ , Tg lai xuyên cổ đại , Dưỡng oa",Hoàn thành,2041560,128,1,604,https://wikicv.net/truyen/mot-thai-nhi-bao-doc-y-vuong-phi-qua-kho-YFa_N1S4CB7FlYvB
Quỷ đế độc phi: Nghịch thiên phế tài đại tỷ đại,Trì Kỷ,"Nguyên sang , Ngôn tình , Cổ đại , HE , Tình cảm , Xuyên việt , Y thuật",Hoàn thành,2038944,251,5,20,https://wikicv.net/truyen/quy-de-doc-phi-nghich-thien-phe-tai-dai--WNeRCO8h7FplazXR
Thông linh ảnh hậu: Trọng sinh quốc dân nữ thần,Cố Dung Dung,"Nguyên sang , Ngôn tình , Hiện đại , HE , Tình cảm , Báo thù , Dị năng , Ngọt văn , Trọng sinh , Hệ thống , Hào môn thế gia , Cẩu huyết , Giới giải trí , Kiếp trước kiếp này , Ngược tra , Linh dị thần quái , Nghịch tập , Vả mặt , 1v1",Hoàn thành,2038006,2350,25,117,https://wikicv.net/truyen/thong-linh-anh-hau-trong-sinh-quoc-dan-n-WR1hxe8h7DMXbWip
Quý nữ trọng sinh: Hầu phủ hạ đường thê,Hạ Nhiễm Tuyết,"Nguyên sang , Ngôn tình , Cổ đại , HE , Tình cảm , Trọng sinh , Cung đình hầu tước",Hoàn thành,2034764,319,26,41,https://wikicv.net/truyen/quy-nu-trong-sinh-hau-phu-ha-duong-the-XMkU6VS4CG32FEXh
"Thần Bí Lão Công, Buổi Tối Gặp!",Bích Ngọc Tiêu,"Nguyên sang , Ngôn tình , Hiện đại , HE , Tình cảm , Ngọt văn , Song khiết 🕊️ , Sinh con , Cưới trước yêu sau , Hài hước",Hoàn thành,1998530,923,5,39,https://wikicv.net/truyen/than-bi-lao-cong-buoi-toi-gap-WIC43ju26xSx4%7ExQ
Danh môn thiên hậu: Trọng sinh quốc dân thiên kim,Nhất Lộ Phiền Hoa,"Nguyên sang , Ngôn tình , Hiện đại , HE , Tình cảm , Huyền huyễn , Ngọt văn , Trọng sinh , Song khiết 🕊️ , Tùy thân không gian , Hào môn thế gia , Hắc bang , Vườn trường , Sảng văn , Hài hước , Nữ cường , Ngược tra , 1v1",Hoàn thành,1984329,2030,29,275,https://wikicv.net/truyen/danh-mon-thien-hau-trong-sinh-quoc-dan-t-WeyCL%7E8h7G6ZF99I
"Ngươi túng bao đã hạ tuyến / Xuyên nhanh nữ xứng: Sủng ngươi, hắc hóa nam thần",Quân Khuynh,"Nguyên sang , Ngôn tình , Cổ đại , Cận đại , Hiện đại , Tương lai , HE , Tình cảm , Võ hiệp , Tiên hiệp , Khoa học viễn tưởng , Huyền huyễn , Tu chân , Xuyên việt , Ngọt văn , Hệ thống , Xuyên nhanh , Hào môn thế gia , Vườn trường , Cung đình hầu tước , Nhẹ nhàng , Tây huyễn , Đô thị tình duyên , 1v1 , Thị giác nữ chủ",Hoàn thành,1973351,12563,204,2532,https://wikicv.net/truyen/nguoi-tung-bao-da-ha-tuyen-xuyen-nhanh-n-WwIxRO8h7B8PaIpl
Cửu phượng triều hoàng: Tuyệt sắc thú phi nghịch thiên hạ,Lộ Phi,"Nguyên sang , Ngôn tình , Cổ đại , Hiện đại , HE , Tình cảm , Tiên hiệp , Huyền huyễn , Dị thế , Xuyên việt , Ngọt văn , Song khiết 🕊️ , Cổ xuyên kim , Trạch đấu , Cường cường , Cung đình hầu tước , Giang hồ ân oán , Kiếp trước kiếp này , Cải trang giả dạng , Duyên trời tác hợp , Nữ cường , Ngược tra , 1v1",Hoàn thành,1971485,767,49,338,https://wikicv.net/truyen/cuu-phuong-trieu-hoang-tuyet-sac-thu-phi-WTEwMu8h7G%7E9vVbi
Tám hệ triệu hoán sư: Phế vật đích tiểu thư,Dạ Chi Đồng,"Nguyên sang , Ngôn tình , Cổ đại , HE , Tình cảm , Tiên hiệp , Huyền huyễn , Tu chân , Xuyên việt , Sảng văn , Nữ cường , Nghịch tập",Hoàn thành,1966263,718,29,357,https://wikicv.net/truyen/tam-he-trieu-hoan-su-phe-vat-dich-tieu-t-WNuk2u8h7D0lQAOK
Bá sủng thiên hạ: Phúc hắc đế quân quyến rũ hậu,Khinh Mặc Vũ,"Nguyên sang , Ngôn tình , Cổ đại , HE , Tình cảm , Báo thù , Xuyên việt , Trạch đấu , Cường cường",Hoàn thành,1952527,321,9,168,https://wikicv.net/truyen/ba-sung-thien-ha-phuc-hac-de-quan-quyen--WNhQEO8h7G4HMXfg
Mạt thế trọng sinh nữ phụ xoay người,Niên Hoa,"Nguyên sang , Ngôn tình , Hiện đại , HE , Tình cảm , Khoa học viễn tưởng , Mạt thế , Huyền huyễn , Báo thù , Dị năng , Ngọt văn , Trọng sinh , Song khiết 🕊️ , Tùy thân không gian , Nữ phụ , Sảng văn , Ngược tra",Hoàn thành,1949244,2950,85,588,https://wikicv.net/truyen/mat-the-trong-sinh-nu-phu-xoay-nguoi-WZWX7e8h7Eay5rFT
Mau xuyên: Công lược vũ trụ nam thần,Tuyết Hạ Chi,"Nguyên sang , Ngôn tình , Cổ đại , Hiện đại , HE , OE , Tình cảm , Khoa học viễn tưởng , Huyền huyễn , Ngọt văn , Hệ thống , Song khiết 🕊️ , Xuyên nhanh , Vị diện , Nữ cường",Hoàn thành,1931232,5254,82,789,https://wikicv.net/truyen/mau-xuyen-cong-luoc-vu-tru-nam-than-WRXRPe8h7HljCdWQ
Tổng tài daddy không thể trêu vào,Thượng Quan Nhiêu,"Nguyên sang , Ngôn tình , Hiện đại , HE , Tình cảm , Ngọt văn , Sinh con , Hào môn thế gia , Cẩu huyết , Sảng văn , Ngược tra , 1v1",Hoàn thành,1925023,21,5,4,https://wikicv.net/truyen/tong-tai-daddy-khong-the-treu-vao-WsguFO8h7HwhB1ol
Mau xuyên hệ thống: Phác gục nam thần sổ tay,Đế Cửu Di,"Nguyên sang , Ngôn tình , Cổ đại , Cận đại , Hiện đại , Tương lai , HE , Tình cảm , Tiên hiệp , Huyền huyễn , Xuyên việt , Hệ thống , Thần tiên yêu quái , Xuyên nhanh , Tinh tế , Cung đình hầu tước , 1v1 , Triệu hoán lưu",Hoàn thành,1924501,6088,130,661,https://wikicv.net/truyen/mau-xuyen-he-thong-phac-guc-nam-than-so--WOe1qO8h7FmEsS0q
"Mạt thế sủng hôn: Tịch thiếu, ngươi mạnh nhất",Hoa Tri Hiểu,"Nguyên sang , Ngôn tình , Hiện đại , HE , Tình cảm , Khoa học viễn tưởng , Mạt thế , Ngọt văn , Trọng sinh , Tùy thân không gian , Thăng cấp lưu , 1v1 , Thị giác nữ chủ",Hoàn thành,1921995,1109,72,22,https://wikicv.net/truyen/mat-the-sung-hon-tich-thieu-nguoi-manh-n-XGTRbFS4CDePrfrF
Vương phủ sủng thiếp,Giả Diện Đích Thịnh Yến,"Nguyên sang , Ngôn tình , Cổ đại , HE , Tình cảm , Ngọt văn , Trọng sinh , Cung đình hầu tước , Kim bài đề cử 🥇",Hoàn thành,1919338,3177,121,1365,https://wikicv.net/truyen/vuong-phu-sung-thiep-WSqcEu8h7DaRwGI3
Nhất dạ nguy tình: Hào môn thiên giới tiền thê,Nguyệt Hạ Hồn Tiêu,"Nguyên sang , Ngôn tình , Hiện đại , HE , Tình cảm , Ngọt văn , Hào môn thế gia , Cẩu huyết , Ngược văn",Hoàn thành,1916132,42,19,24,https://wikicv.net/truyen/nhat-da-nguy-tinh-hao-mon-thien-gioi-tie-WOmsk%7E8h7HIhCutl
Mau xuyên ba tuổi rưỡi: Đoàn sủng tiểu nãi bao ngọt lại mềm,Ngận Thị Kiểu Tình,"Nguyên sang , Ngôn tình , Cổ đại , Hiện đại , Tương lai , HE , Tình cảm , Xuyên nhanh , Sảng văn , Nhẹ nhàng , Thị giác nữ chủ , Manh bảo",Chưa xác minh,1910836,34382,2097,10759,https://wikicv.net/truyen/mau-xuyen-ba-tuoi-ruoi-doan-sung-tieu-na-YihpUFS4CDMn4stv
Xuyên nhanh: Hoàng hậu chỉ có thể ta tới đảm đương!,Hương Chanh Vị,"Nguyên sang , Ngôn tình , Cổ đại , Cận đại , Hiện đại , Tương lai , HE , Tình cảm , Khoa học viễn tưởng , Huyền huyễn , Tu chân , Hồng hoang , Ngọt văn , Hệ thống , Thần tiên yêu quái , Xuyên nhanh , Hào môn thế gia , Cẩu huyết , Cung đấu , Giới giải trí , Vườn trường , Cung đình hầu tước , Nhẹ nhàng , Hài hước , Đô thị tình duyên , Cải trang giả dạng , Ấm áp , Duyên trời tác hợp , Phương Tây , Ngược tra , Linh dị thần quái , Cường thủ hào đoạt , 1v1 , Thị giác nữ chủ",Hoàn thành,1910327,1776,51,249,https://wikicv.net/truyen/xuyen-nhanh-hoang-hau-chi-co-the-ta-toi--WPIElu8h7GAP0kCg
Trọng sinh nịch sủng Minh Vương phi,Thành Trân Trân,"Nguyên sang , Ngôn tình , Cổ đại , HE , Tình cảm , Xuyên việt , Ngọt văn , Trọng sinh",Hoàn thành,1909667,729,47,229,https://wikicv.net/truyen/trong-sinh-nich-sung-minh-vuong-phi-WB2lgHCVfDps%7EOMC
Mau xuyên nữ xứng chi công lược ký lục / Mau xuyên công lược: Hắc hóa thỉnh cẩn thận!,Miêu Bính Thuyền Trường,"Nguyên sang , Ngôn tình , Cổ đại , Hiện đại , HE , Tình cảm , Khoa học viễn tưởng , Huyền huyễn , Hệ thống , Xuyên nhanh",Tạm ngưng,1908205,7540,182,2450,https://wikicv.net/truyen/mau-xuyen-nu-xung-chi-cong-luoc-ky-luc-m-Wh11Ye8h7AyxwzH_
Nữ xứng nàng ở 70 dưỡng nhãi con,Soa Điểm Biến Thành Mỹ Nữ,"Nguyên sang , Ngôn tình , Hiện đại , HE , Tình cảm , Làm ruộng , Ngọt văn , Tùy thân không gian , Xuyên thư , Trạch đấu , Cường cường , Nữ cường , Thị giác nữ chủ , Niên đại văn",Hoàn thành,1901112,2681,51,339,https://wikicv.net/truyen/nu-xung-nang-o-70-duong-nhai-con-YsSBSlS4CCq5iHn0
Quỷ Vương tuyệt sủng: Nghịch thiên phế tài phi,Khinh Mặc Vũ,"Nguyên sang , Ngôn tình , Cổ đại , HE , Tình cảm , Huyền huyễn , Dị thế , Xuyên việt , Ma pháp , Dị năng , Ngọt văn , Tùy thân không gian , Trạch đấu , Huyết tộc , Cường cường , Thăng cấp lưu , Thiên chi kiêu tử , Nữ cường",Hoàn thành,1898978,1850,14,351,https://wikicv.net/truyen/quy-vuong-tuyet-sung-nghich-thien-phe-ta-WiZmse8h7GoNdRvE
Ly hôn sau chồng trước luôn là muốn đuổi theo ta,Hạ Vi Lương,"Nguyên sang , Ngôn tình , Hiện đại , HE , Tình cảm , Ngọt văn , Cẩu huyết , Ngược văn , Cưới trước yêu sau , Đô thị tình duyên , Vả mặt , 1v1",Hoàn thành,1898089,50,5,24,https://wikicv.net/truyen/ly-hon-sau-chong-truoc-luon-la-muon-duoi-YaHMilS4CBAtMwlu
Phế sài nghịch thiên: Tà Vương bá sủng cuồng phi,Lỏa Bôn Đích Man Đầu,"Nguyên sang , Ngôn tình , Cổ đại , HE , Tình cảm , Huyền huyễn , Dị thế , Xuyên việt , Ma pháp , Ngọt văn , Song khiết 🕊️ , Tùy thân không gian , Cường cường , Hoan hỉ oan gia , Thăng cấp lưu , Đấu khí , Sảng văn , Hài hước , Duyên trời tác hợp , Nữ cường , Linh dị thần quái , 1v1",Hoàn thành,1883577,2256,96,1280,https://wikicv.net/truyen/phe-sai-nghich-thien-ta-vuong-ba-sung-cu-WbYl_%7E8h7ALIQbZW
Trọng sinh 70 làm đoàn sủng đại lão,Lam Bạch Cách Tử,"Nguyên sang , Ngôn tình , Hiện đại , HE , Tình cảm , Làm ruộng , Ngọt văn , Trọng sinh , Tùy thân không gian , Làm giàu , Cường cường , Sảng văn , Nhẹ nhàng , Duyên trời tác hợp , Nữ cường , Ngược tra , Vả mặt , Thị giác nữ chủ",Hoàn thành,1881134,5774,21,1109,https://wikicv.net/truyen/trong-sinh-70-lam-doan-sung-dai-lao-XrDVuFS4CF_VawPq
Trọng sinh chi tướng môn độc hậu,Thiên Sơn Trà Khách,"Nguyên sang , Ngôn tình , Cổ đại , HE , Tình cảm , Báo thù , Trọng sinh , Hào môn thế gia , Trạch đấu , Cường cường , Cung đình hầu tước , 1v1",Hoàn thành,1877514,2694,377,741,https://wikicv.net/truyen/trong-sinh-chi-tuong-mon-doc-hau-WFl0tXCVfFyiB_If
Phúc bảo 70 niên đại,Nữ Vương Bất Tại Gia,"Nguyên sang , Ngôn tình , Hiện đại , HE , Tình cảm , Làm ruộng , Ngọt văn , Trọng sinh , Song khiết 🕊️ , Xuyên thư , Thanh mai trúc mã , Sảng văn , Thiên chi kiêu tử , Tiểu bạch văn , Kim bài đề cử 🥇 , Kim Bảng 🏆 , 1v1 , Thị giác nữ chủ , Niên đại văn",Hoàn thành,1877420,3796,90,1084,https://wikicv.net/truyen/phuc-bao-70-nien-dai-XQBhbVS4CFBBdfDq
Xuyên qua thập niên 60 tiểu thanh niên trí thức,Bình Đạm Sinh Hoạt,"Nguyên sang , Ngôn tình , Hiện đại , HE , Tình cảm , Tùy thân không gian , Xuyên thư , 1v1 , Thị giác nữ chủ , Niên đại văn",Hoàn thành,1867790,8915,118,1057,https://wikicv.net/truyen/xuyen-qua-thap-nien-60-tieu-thanh-nien-t-ZC7MmfTaEEUHxYlE
70 kiều mẹ kế dưỡng manh nhãi con,Kiều Vi An,"Nguyên sang , Ngôn tình , Hiện đại , HE , Tình cảm , Xuyên việt , Ngọt văn , Mỹ thực , Ấm áp , Duyên trời tác hợp , Kim bài đề cử 🥇 , Kim Bảng 🏆 , 1v1 , Thị giác nữ chủ , Dưỡng oa , Niên đại văn",Hoàn thành,1863144,9247,347,2163,https://wikicv.net/truyen/70-kieu-me-ke-duong-manh-nhai-con-YVej4lS4CCgmA18v
Sủng Quan Lục Cung: Đế Vương Kiều Man Hoàng Phi,Nhan Nhược Khuynh Thành,"Nguyên sang , Ngôn tình , Cổ đại , HE , Tình cảm , Xuyên việt , Ngọt văn , Cung đấu , Cung đình hầu tước",Hoàn thành,1852912,1991,13,265,https://wikicv.net/truyen/sung-quan-luc-cung-de-vuong-kieu-man-hoa-WIDcvju26xa6sQHQ
Nông môn trưởng tẩu có không gian,Lí Ngư Hoàn,"Nguyên sang , Ngôn tình , Cổ đại , HE , Tình cảm , Làm ruộng , Xuyên việt , Trọng sinh , Song khiết 🕊️ , Tùy thân không gian , Làm giàu , Hào môn thế gia , Cung đấu , Trạch đấu , Y thuật , Cung đình hầu tước , Nhẹ nhàng , Kiếp trước kiếp này , 1v1 , Thị giác nữ chủ , Thật giả thiên kim",Hoàn thành,1843631,4397,33,400,https://wikicv.net/truyen/nong-mon-truong-tau-co-khong-gian-YPb0f1S4CDmRKpyG
80 phúc thê dưỡng bánh bao,Thị Trẫm A,"Nguyên sang , Ngôn tình , Hiện đại , HE , Tình cảm , Dị năng , Ngọt văn , Trọng sinh , Tùy thân không gian , Làm giàu , Sảng văn , Đô thị tình duyên , Duyên trời tác hợp , Nghịch tập , 1v1 , Thị giác nữ chủ",Hoàn thành,1838821,324,13,26,https://wikicv.net/truyen/80-phuc-the-duong-banh-bao-W0GZGe8h7HcyN2nr
"Phu nhân, ngươi áo choàng lại rớt!",Nhất Lộ Phiền Hoa,"Nguyên sang , Ngôn tình , Hiện đại , HE , Tình cảm , Báo thù , Ngọt văn , Hào môn thế gia , Hắc bang , Vườn trường , Sảng văn , Đô thị tình duyên , Nữ cường , Thị giác nữ chủ , Học bá , Chức nghiệp tinh anh , Áo choàng lưu",Hoàn thành,1832094,3240,125,1163,https://wikicv.net/truyen/phu-nhan-nguoi-ao-choang-lai-rot-XI2J7VS4CEn5L205
Nông nữ có linh dược: Tướng quân tới một viên,Trường Minh Lạc,"Nguyên sang , Ngôn tình , Cổ đại , HE , Tình cảm , Làm ruộng , Xuyên việt , Dị năng , Ngọt văn , Hệ thống , Song khiết 🕊️ , Tùy thân không gian , Làm giàu , Trạch đấu , Cung đình hầu tước , Sảng văn , Nhẹ nhàng , Ngược tra , 1v1 , Thị giác nữ chủ",Hoàn thành,1828115,1568,31,382,https://wikicv.net/truyen/nong-nu-co-linh-duoc-tuong-quan-toi-mot--Xq5lJ1S4CCjOvass
Thế kỷ đệ nhất sủng hôn: Lão công chiều sâu hôn,Hoa Dung Nguyệt Hạ,"Nguyên sang , Ngôn tình , Hiện đại , HE , Tình cảm , Ngọt văn , Song khiết 🕊️ , Làm giàu , Hào môn thế gia , Đô thị tình duyên , Duyên trời tác hợp",Hoàn thành,1824662,430,4,147,https://wikicv.net/truyen/the-ky-de-nhat-sung-hon-lao-cong-chieu-s-WW8vle8h7F2jQA2a
Chí tôn thần y chi đế quân muốn gả thấp,Chiến Tây Dã,"Nguyên sang , Ngôn tình , Cổ đại , HE , Tình cảm , Huyền huyễn , Dị thế , Tu chân , Ngọt văn , Trọng sinh , Thần tiên yêu quái , Y thuật , Thăng cấp lưu , Sảng văn , Duyên trời tác hợp , Ngược tra , Thị giác nữ chủ",Hoàn thành,1818491,1715,9,373,https://wikicv.net/truyen/chi-ton-than-y-chi-de-quan-muon-ga-thap-XUP4DFS4CDWxIa%7EB
Thủ phụ kiều thê có không gian,Ngư Tiểu Đồng,"Nguyên sang , Ngôn tình , Cổ đại , HE , Tình cảm , Trọng sinh , Hệ thống , Tùy thân không gian , Xuyên thư , Hào môn thế gia , Cường cường , Vị diện , Hoan hỉ oan gia , Y thuật , Cung đình hầu tước , Kiếp trước kiếp này , Nữ cường , 1v1 , Thị giác nữ chủ , Dưỡng oa",Hoàn thành,1817664,4301,49,196,https://wikicv.net/truyen/thu-phu-kieu-the-co-khong-gian-YEW12VS4CHW6RaSR
Xuyên thành cố chấp đại lão tâm đầu nhục,Ngũ Điều Vĩ Ba,"Nguyên sang , Ngôn tình , Hiện đại , HE , Tình cảm , Xuyên thư",Hoàn thành,1815345,1975,49,291,https://wikicv.net/truyen/xuyen-thanh-co-chap-dai-lao-tam-dau-nhuc-XnmJ61S4CFyTK%7EET
Nữ phụ chia tay hằng ngày [ xuyên thư ],da Thanh Oa,"Nguyên sang , Ngôn tình , Hiện đại , HE , Tình cảm , Xuyên việt , Ngọt văn , Xuyên thư , Hào môn thế gia , Nữ phụ , Ngược văn , Kim bài đề cử 🥇",Hoàn thành,1808006,5553,336,1798,https://wikicv.net/truyen/nu-phu-chia-tay-hang-ngay-xuyen-thu-W2P0XlS4CAaA0zsl
"Trọng sinh không gian: Mộ thiếu, sủng lên trời!",Mộ Thanh Liễm,"Nguyên sang , Ngôn tình , Hiện đại , HE , Tình cảm , Huyền huyễn , Trọng sinh , Tùy thân không gian , Sinh con",Hoàn thành,1805043,2492,15,29,https://wikicv.net/truyen/trong-sinh-khong-gian-mo-thieu-sung-len--WsD2pu8h7Fmc254H
Xấu nữ làm ruộng: Trong núi hán sủng thê vô độ,Điên Phong Tiểu Vũ,"Nguyên sang , Ngôn tình , Cổ đại , HE , Tình cảm , Làm ruộng , Xuyên việt , Làm giàu , Nhẹ nhàng , Nữ cường",Chưa xác minh,1779894,328,75,223,https://wikicv.net/truyen/xau-nu-lam-ruong-trong-nui-han-sung-the--WNZia%7E8h7Bxto5BL
Không gian nông nữ: Thợ săn tướng công tới làm ruộng,Tự Phì Phì,"Nguyên sang , Ngôn tình , Cổ đại , HE , Tình cảm , Làm ruộng , Xuyên việt , Ngọt văn",Hoàn thành,1772031,1772,13,153,https://wikicv.net/truyen/khong-gian-nong-nu-tho-san-tuong-cong-to-WLubdHCVfDJ%7EPcBk
Xuyên đến nam tần sảng văn gian nan cầu sinh,Tần Nguyên,"Nguyên sang , Ngôn tình , Cổ đại , HE , Tình cảm , Xuyên việt , Ngọt văn , Xuyên thư , Hào môn thế gia , Nữ phụ , Cung đấu , Trạch đấu , Cung đình hầu tước , Sảng văn , Nhẹ nhàng , 1v1 , Thị giác nữ chủ",Hoàn thành,1768095,12969,164,3281,https://wikicv.net/truyen/xuyen-den-nam-tan-sang-van-gian-nan-cau--Xt97EVS4CBJyXszj
Thề không vì thê: Toàn cầu hào cưới Thiếu phu nhân,Phi Tử Nhất Tiếu,"Nguyên sang , Ngôn tình , Hiện đại , HE , Tình cảm , Trọng sinh , Làm giàu , Hào môn thế gia , Kiếp trước kiếp này , Nhiều CP , Đô thị tình duyên , Nữ cường , Ngược tra",Hoàn thành,1765167,99,13,24,https://wikicv.net/truyen/the-khong-vi-the-toan-cau-hao-cuoi-thieu-WYcIX%7E8h7CHeqVLp
Nữ học bá ở cổ đại,Tọa Chước Linh Linh Thủy,"Nguyên sang , Ngôn tình , Cổ đại , HE , Tình cảm , Hệ thống , Xuyên thư , Làm giàu , Hào môn thế gia , Nữ phụ , Cung đình hầu tước , Thiên chi kiêu tử , Nữ cường , 1v1 , Song xuyên , Thị giác nữ chủ , Học bá , Thật giả thiên kim",Hoàn thành,1764109,10626,166,1263,https://wikicv.net/truyen/nu-hoc-ba-o-co-dai-XdHyA1S4CBBgrPLw
Lãnh đế sủng lên trời: Phúc hắc cuồng phi,Băng Thủy Tiên,"Nguyên sang , Ngôn tình , Cổ đại , HE , Tình cảm , Xuyên việt , Ngọt văn , Cường cường",Hoàn thành,1759490,445,2,316,https://wikicv.net/truyen/lanh-de-sung-len-troi-phuc-hac-cuong-phi-WNhPxO8h7G4RZRYO
"Mãn môn vai ác điên phê, chỉ có sư muội đậu bỉ",Vị Tiểu Hề,"Nguyên sang , Ngôn tình , Cổ đại , HE , Tình cảm , Tiên hiệp , Huyền huyễn , Xuyên việt , Xuyên thư , Nữ phụ , Pháo hôi , Xuyên thành vai ác , Thị giác nữ chủ",Hoàn thành,1757513,13744,298,2834,https://wikicv.net/truyen/man-mon-vai-ac-dien-phe-chi-co-su-muoi-d-ZESSP1S4CE3desWw
"Xuyên nhanh nữ xứng: Nữ thần quốc dân, soái tạc thiên!",Miêu Mao Nho,"Nguyên sang , Ngôn tình , Cổ đại , Hiện đại , Tương lai , HE , Tình cảm , Khoa học viễn tưởng , Mạt thế , Ngọt văn , Trọng sinh , Hệ thống , Xuyên nhanh , Tinh tế , Hào môn thế gia , Cẩu huyết , Nữ phụ , Giới giải trí , Cung đình hầu tước , Nhẹ nhàng , Kiếp trước kiếp này , Hài hước , Đô thị tình duyên , Cận thủy lâu đài , Ấm áp , Duyên trời tác hợp , Nghịch tập , 1v1 , Thị giác nữ chủ",Hoàn thành,1755479,8211,225,1179,https://wikicv.net/truyen/xuyen-nhanh-nu-xung-nu-than-quoc-dan-soa-XHK64EbIjkXDPZYf
Trọng sinh: Thiên kim truyền kỳ,Nhất Cố Tương Nghi,"Nguyên sang , Ngôn tình , Hiện đại , HE , Tình cảm , Kinh thương , Huyền huyễn , Báo thù , Tu chân , Ngọt văn , Trọng sinh , Tùy thân không gian , Làm giàu , Hào môn thế gia , Cẩu huyết , Hắc bang , Trạch đấu , Giới giải trí , Quân văn , Cường cường , Thanh mai trúc mã , Y thuật , Thăng cấp lưu , Sảng văn , Giang hồ ân oán , Dưỡng thành , Cận thủy lâu đài , Lôi , Linh dị thần quái",Hoàn thành,1755049,2260,29,152,https://wikicv.net/truyen/trong-sinh-thien-kim-truyen-ky-WSJ8TO8h7Bf1Wg3K
Xuyên thành áo choàng đại lão muội muội,Cửu Tịch Công Tử,"Nguyên sang , Ngôn tình , Hiện đại , HE , Tình cảm , Huyền huyễn , Xuyên việt , Song khiết 🕊️ , Xuyên thư , Đô thị tình duyên , 1v1 , Thị giác nữ chủ , Thật giả thiên kim , Đoàn sủng , Áo choàng lưu",Hoàn thành,1750616,6731,222,1458,https://wikicv.net/truyen/xuyen-thanh-ao-choang-dai-lao-muoi-muoi-YVZCLFS4CC9_GxmT
"Thúc, mạng ngươi thiếu ta",Lỏa Bôn Đích Man Đầu,"Nguyên sang , Ngôn tình , Hiện đại , HE , Tình cảm , Huyền huyễn , Huyền học , Ngọt văn , Song khiết 🕊️ , Phong thủy , Làm giàu , Hào môn thế gia , Dưỡng thành , Đô thị tình duyên , Ấm áp , Duyên trời tác hợp , Trâu già gặm cỏ non , 1v1 , Giả heo ăn hổ , Thị giác nữ chủ",Hoàn thành,1740769,5462,125,2386,https://wikicv.net/truyen/thuc-mang-nguoi-thieu-ta-WzZ2wu8h7AFQLzhm
Thịnh sủng chi đích nữ y phi,Thiên Linh,"Nguyên sang , Ngôn tình , Cổ đại , HE , Tình cảm , Báo thù , Ngọt văn , Trọng sinh , Hào môn thế gia , Cung đấu , Trạch đấu , Cường cường , Cung đình hầu tước",Hoàn thành,1734771,2938,48,105,https://wikicv.net/truyen/thinh-sung-chi-dich-nu-y-phi-WIgKETu262SYmWT1
💎 Toàn năng ảnh hậu sủng manh phu,Mị Dạ Thủy Thảo,"Nguyên sang , Ngôn tình , Hiện đại , HE , OE , Tình cảm , Khoa học viễn tưởng , Xuyên việt , Ngọt văn , Trọng sinh , Hệ thống , Song khiết 🕊️ , Tùy thân không gian , Hào môn thế gia , Giới giải trí , Cường cường , Vị diện , Sảng văn , Kiếp trước kiếp này , Thiên chi kiêu tử , Duyên trời tác hợp , Nữ cường , Ngược tra , Vả mặt , 1v1",Hoàn thành,1714973,2873,39,510,https://wikicv.net/truyen/toan-nang-anh-hau-sung-manh-phu-WeTr%7E%7E8h7BusOViV
"Xuyên nhanh: Nam thần, có điểm châm! / Hôm nay trước bại một trăm triệu / Cái này đại lão phong cách không đúng",Mặc Linh,"Nguyên sang , Ngôn tình , Cổ đại , Hiện đại , HE , Tình cảm , Hệ thống , Song khiết 🕊️ , Xuyên nhanh , Tinh tế , Hào môn thế gia , Vị diện , Sảng văn , Nhẹ nhàng , Cận thủy lâu đài , Nữ cường , Ngược tra , 1v1 , Thị giác nữ chủ",Hoàn thành,1711063,22892,285,5674,https://wikicv.net/truyen/xuyen-nhanh-nam-than-co-diem-cham-hom-na-XTUUMVS4CCzeWWON
Mau Xuyên Hệ Thống: Vả Mặt Nữ Xứng Ba Ba Ba,Nguyệt Thổ Nguyệt Thổ,"Nguyên sang , Ngôn tình , Cổ đại , Hiện đại , Tương lai , HE , Tình cảm , Khoa học viễn tưởng , Huyền huyễn , Ngọt văn , Hệ thống , Song khiết 🕊️ , Xuyên nhanh , Tinh tế , Nhẹ nhàng , Hài hước , Duyên trời tác hợp , 1v1",Hoàn thành,1702815,2973,190,1979,https://wikicv.net/truyen/mau-xuyen-he-thong-va-mat-nu-xung-ba-ba--WHN2KXCVfBGbF2vb
Nghịch thiên manh oa: Thần y mẫu thân có không gian,Tự Phì Phì,"Nguyên sang , Ngôn tình , Cổ đại , HE , Tình cảm , Làm ruộng , Huyền huyễn , Xuyên việt , Ngọt văn , Song khiết 🕊️ , Tùy thân không gian , Trạch đấu , Y thuật , Cung đình hầu tước , Duyên trời tác hợp , Nữ cường , Ngược tra",Hoàn thành,1693926,807,18,45,https://wikicv.net/truyen/nghich-thien-manh-oa-than-y-mau-than-co--WdPyvu8h7G3g9Z2c
Nữ xứng quân tẩu trọng sinh lộ,Thiên Ni,"Nguyên sang , Ngôn tình , Cận đại , Hiện đại , HE , Tình cảm , Huyền huyễn , Tu chân , Ngọt văn , Trọng sinh , Song khiết 🕊️ , Xuyên thư , Cổ xuyên kim , Làm giàu , Nữ phụ , Đô thị tình duyên , Duyên trời tác hợp , Nữ cường , Ngược tra , Nghịch tập",Hoàn thành,1685303,1758,32,233,https://wikicv.net/truyen/nu-xung-quan-tau-trong-sinh-lo-WdEqUu8h7Gb52qAy
Hoàn khố nhạc phi: Chí tôn quỷ đế bá sủng thê,Mạch Yên,"Nguyên sang , Ngôn tình , Cổ đại , HE , Huyền huyễn , Dị thế , Xuyên việt , Ngọt văn , Song khiết 🕊️ , Cường cường , Sảng văn , Ngược tra , Vả mặt , 1v1",Hoàn thành,1683471,269,24,138,https://wikicv.net/truyen/hoan-kho-nhac-phi-chi-ton-quy-de-ba-sung-WUiPye8h7EblWyGv
Đệ nhất cuồng phi: Tuyệt sắc Tà Vương sủng thê vô độ,Lộ Phi,"Nguyên sang , Ngôn tình , Cổ đại , HE , Tình cảm , Xuyên việt , Cường cường",Hoàn thành,1681479,1210,68,569,https://wikicv.net/truyen/de-nhat-cuong-phi-tuyet-sac-ta-vuong-sun-WNhPLu8h7G0jswEy
Trọng sinh niên đại: Pháo hôi trưởng tỷ mang muội nghịch tập/Không phụ thiều quang thả cao chót vót,Lục Nguyệt Hạo Tuyết,"Nguyên sang , Ngôn tình , Hiện đại , HE , Tình cảm , Làm ruộng , Xuyên việt , Trọng sinh , Song khiết 🕊️ , Làm giàu , Nhiều CP , Pháo hôi , Nghịch tập , 1v1 , Thị giác nữ chủ , Niên đại văn",Hoàn thành,1679900,2014,55,184,https://wikicv.net/truyen/trong-sinh-nien-dai-phao-hoi-truong-ty-m-YgO7ClS4CBdjq83W
Xuyên thành vợ của vai ác,Cẩm Chanh,"Nguyên sang , Ngôn tình , Hiện đại , HE , Tình cảm , Xuyên việt , Giới giải trí , Hoan hỉ oan gia , Kim bài đề cử 🥇",Hoàn thành,1678969,4392,253,1448,https://wikicv.net/truyen/xuyen-thanh-vo-cua-vai-ac-W5aJmlS4CDlAqjiJ
Trọng sinh xấu nữ xoay người: Đế thiếu ngọt sủng giám bảo kiều thê,Thẩm Quân Uyển,"Nguyên sang , Ngôn tình , Hiện đại , HE , Tình cảm , Dị năng , Trọng sinh , Sinh con , Làm giàu",Hoàn thành,1677718,505,14,33,https://wikicv.net/truyen/trong-sinh-xau-nu-xoay-nguoi-de-thieu-ng-WUu4W%7E8h7D5l0cbv
Pháo hôi công lược,Hoàn Nhĩ wr,"Nguyên sang , Ngôn tình , Cổ đại , Hiện đại , HE , Tình cảm , Tiên hiệp , Khoa học viễn tưởng , Mạt thế , Huyền huyễn , Báo thù , Ma pháp , Ngọt văn , Hệ thống , Thần tiên yêu quái , Song khiết 🕊️ , Xuyên nhanh , Xuyên thư , Hào môn thế gia , Cung đình hầu tước , Sảng văn , Cận thủy lâu đài , Pháo hôi , Nữ cường , Ngược tra , Vả mặt , 1v1 , Thị giác nữ chủ",Hoàn thành,1674498,6538,514,2281,https://wikicv.net/truyen/phao-hoi-cong-luoc-WRr8j%7E8h7G9DZpMQ
Cảnh tú nông nữ: Nhặt cái tướng quân hảo làm ruộng,A Như,"Nguyên sang , Ngôn tình , Cổ đại , HE , Tình cảm , Làm ruộng , Xuyên việt , Làm giàu",Hoàn thành,1669907,78,3,49,https://wikicv.net/truyen/canh-tu-nong-nu-nhat-cai-tuong-quan-hao--WSkuPu8h7EAePmVq
Thiên tài triệu hoán sư,Nhược Tuyết Tam Thiên,"Nguyên sang , Ngôn tình , Cổ đại , HE , Tình cảm , Huyền huyễn , Dị thế , Xuyên việt , Ma pháp , Thăng cấp lưu , Sảng văn , Nữ cường , Ngược tra",Hoàn thành,1661882,1799,34,744,https://wikicv.net/truyen/thien-tai-trieu-hoan-su-WTPhiO8h7DiZQBTh
Trọng sinh quân hôn: Thần y kiều thê sủng nghiện,Nhất Cố Tương Nghi,"Nguyên sang , Ngôn tình , Hiện đại , HE , Tình cảm , Ngọt văn , Trọng sinh , Giới giải trí , Y thuật",Hoàn thành,1652397,2189,26,573,https://wikicv.net/truyen/trong-sinh-quan-hon-than-y-kieu-the-sung-W1WkNlS4CCMZmAeD
"Ác nữ xuyên 70, ngược tra làm tiền gả binh ca ca / 70: Mạnh nhất quan quân bị mạt thế mỹ nhân đắn đo",Tài Thần Thiên Kim,"Nguyên sang , Ngôn tình , Hiện đại , HE , Tình cảm , Làm ruộng , Báo thù , Ngọt văn , Tùy thân không gian , Xuyên thư , Làm giàu , Sảng văn , Pháo hôi , Nữ cường , Ngược tra , Vả mặt , 1v1 , Thị giác nữ chủ , Đoàn sủng , Niên đại văn",Hoàn thành,1647212,4508,55,901,https://wikicv.net/truyen/ac-nu-xuyen-70-nguoc-tra-lam-tien-ga-bin-ZV0RDVS4CAjZ0pGq
"Manh sủng thú thế: Thú phu, yêu yêu đát! (NP)",Đại Quả Lạp,"Nguyên sang , Ngôn tình , Cổ đại , HE , Tình cảm , Làm ruộng , Xuyên việt , Ngọt văn , Thú nhân , Hệ thống , NP , Cận thủy lâu đài , Duyên trời tác hợp , Thị giác nữ chủ",Hoàn thành,1645878,4968,80,833,https://wikicv.net/truyen/manh-sung-thu-the-thu-phu-yeu-yeu-dat-np-WYf48%7E8h7AeHYrTB
Trọng sinh 60 tiếu tức phụ,Nỗ Lực Phấn Đấu Đích Miêu,"Nguyên sang , Ngôn tình , Cận đại , Hiện đại , HE , Tình cảm , Làm ruộng , Xuyên việt , Ngọt văn , Trọng sinh , Tùy thân không gian , Làm giàu , Nhẹ nhàng , Ấm áp , Bình dân sinh hoạt",Hoàn thành,1627588,1911,22,87,https://wikicv.net/truyen/trong-sinh-60-tieu-tuc-phu-WqGbvu8h7GSOsLU9
Tùy thân đào bảo: Hoàng gia tiểu địa chủ,Hỏa Sài,"Nguyên sang , Ngôn tình , Cổ đại , HE , Tình cảm , Làm ruộng , Huyền huyễn , Xuyên việt , Ngọt văn , Hệ thống , Song khiết 🕊️ , Tùy thân không gian , Làm giàu , Cung đình hầu tước , Duyên trời tác hợp , Ngược tra",Hoàn thành,1619455,1370,10,144,https://wikicv.net/truyen/tuy-than-dao-bao-hoang-gia-tieu-dia-chu-WZW4de8h7Eay5rRU
Trọng sinh thập niên 70 nông gia nữ,Hồ Đồ,"Nguyên sang , Ngôn tình , Cận đại , Hiện đại , HE , Tình cảm , Làm ruộng , Xuyên việt , Trọng sinh , Tùy thân không gian , Làm giàu , Kim bài đề cử 🥇",Hoàn thành,1616778,3707,207,1106,https://wikicv.net/truyen/trong-sinh-thap-nien-70-nong-gia-nu-We7j0O8h7BnQeiEu
"Đừng nháo, Bạc tiên sinh!",Nam Nam Lý,"Nguyên sang , Ngôn tình , Hiện đại , HE , Tình cảm , Ngọt văn , Hào môn thế gia , Cường cường , Đô thị tình duyên , Nữ cường",Hoàn thành,1612062,9,11,28,https://wikicv.net/truyen/dung-nhao-bac-tien-sinh-XOQCdFS4CEbbQnO7
Đoàn sủng cẩm lý ở 70 / Đại Kiều thập niên 70,Vân Cát Cẩm Tú,"Nguyên sang , Ngôn tình , Hiện đại , HE , Tình cảm , Làm ruộng , Ngọt văn , Song khiết 🕊️ , Xuyên thư , Làm giàu , Trạch đấu , Phản phái xuyên việt , Nhẹ nhàng , Kim bài đề cử 🥇 , 1v1 , Thị giác nữ chủ , Cẩm lý thể chất , Đoàn sủng , Niên đại văn",Hoàn thành,1602676,3588,119,964,https://wikicv.net/truyen/doan-sung-cam-ly-o-70-dai-kieu-thap-nien-XtYQcEbIjnh32bFd
Trọng sinh trưởng tẩu phấn đấu ký,Phì Mụ Hướng Thiện,"Nguyên sang , Ngôn tình , Hiện đại , HE , Tình cảm , Ngọt văn , Trọng sinh , Hệ thống , Song khiết 🕊️ , Quân văn , Vườn trường , Sảng văn , Nhẹ nhàng , Bình bộ thanh vân , Ấm áp , Duyên trời tác hợp , Nữ cường , 1v1 , Thị giác nữ chủ , Bình dân sinh hoạt , Dưỡng oa , Niên đại văn",Hoàn thành,1602557,5236,28,727,https://wikicv.net/truyen/trong-sinh-truong-tau-phan-dau-ky-XlOj2FS4CBIJKDX%7E
"Trọng sinh vườn trường: Học bá nữ thần, sủng nghiện",Tình Không Hi Lam,"Nguyên sang , Ngôn tình , Hiện đại , HE , Tình cảm , Trọng sinh , Hào môn thế gia , Vườn trường , Cường cường , Sảng văn , Đô thị tình duyên , Duyên trời tác hợp , Nữ cường , Giả heo ăn hổ",Hoàn thành,1601681,216,24,49,https://wikicv.net/truyen/trong-sinh-vuon-truong-hoc-ba-nu-than-su-Wxctg%7E8h7BPE5xLq
Tà Vương thích sủng: Quỷ y cuồng phi / Lãnh quân giới xúc động / Quỷ y chí tôn: Quyến rũ đại tiểu thư,Nạp Lan Phượng Cẩn,"Nguyên sang , Ngôn tình , Cổ đại , HE , Tình cảm , Tiên hiệp , Tu chân , Xuyên việt , Y thuật , Cung đình hầu tước , Sảng văn",Chưa xác minh,1601087,527,10,107,https://wikicv.net/truyen/ta-vuong-thich-sung-quy-y-cuong-phi-lanh-WTpXZ%7E8h7AwQNTgP
"Dược thần độc phi, Tà Vương ngoan ngoãn triền",Thanh Dạ Tức Hương,"Nguyên sang , Ngôn tình , Cổ đại , HE , Tình cảm , Huyền huyễn , Dị thế , Xuyên việt , Ma pháp , Ngọt văn , Tùy thân không gian , Cường cường , Y thuật , Thăng cấp lưu , Sảng văn , Nữ cường , Thị giác nữ chủ",Hoàn thành,1599970,222,19,507,https://wikicv.net/truyen/duoc-than-doc-phi-ta-vuong-ngoan-ngoan-t-WvskMe8h7FwPRda9
Hào môn trọng sinh: Pháp y kiều thê đừng hắc hóa,Phi Tú,"Nguyên sang , Ngôn tình , Hiện đại , HE , Tình cảm , Trinh thám , Báo thù , Ngọt văn , Trọng sinh , Hệ thống , Song khiết 🕊️ , Hào môn thế gia , Kiếp trước kiếp này , Hắc ám , Phát sóng trực tiếp , Duyên trời tác hợp , Nữ cường , Ngược tra , Tương ái tương sát",Hoàn thành,1597553,7335,62,619,https://wikicv.net/truyen/hao-mon-trong-sinh-phap-y-kieu-the-dung--WX4nGO8h7DyMNQe1
Độc phi uy vũ: Lãnh vương độc sủng thê,Yên Vân Mộng,"Nguyên sang , Ngôn tình , Cổ đại , HE , Tình cảm , Ngọt văn , Trọng sinh , Cường cường , Cung đình hầu tước , Sảng văn , 1v1 , Giả heo ăn hổ",Hoàn thành,1585002,999,6,319,https://wikicv.net/truyen/doc-phi-uy-vu-lanh-vuong-doc-sung-the-WVu0pu8h7H1ZYeLe
Ta là đại vai ác [ xuyên nhanh ],Đả Tự Cơ N Hào,"Nguyên sang , Ngôn tình , Cổ đại , Hiện đại , HE , Tình cảm , Xuyên việt , Hệ thống , Xuyên nhanh , Sảng văn , Nhẹ nhàng , Ấm áp , Kim bài đề cử 🥇 , Ngân bài đề cử 🥈",Hoàn thành,1584763,11482,792,4011,https://wikicv.net/truyen/ta-la-dai-vai-ac-xuyen-nhanh-WpG1Me8h7CGbMxKR
Phúc vận kiều nương,An Bích Liên,"Nguyên sang , Ngôn tình , Cổ đại , HE , Tình cảm , Làm ruộng , Huyền huyễn , Ngọt văn , Thần tiên yêu quái , Song khiết 🕊️ , Làm giàu , Cưới trước yêu sau , Nhẹ nhàng , Hoán đổi linh hồn , Ấm áp , Duyên trời tác hợp , 1v1 , Thị giác nữ chủ , Bình dân sinh hoạt , Chữa lành",Hoàn thành,1583997,4007,62,1390,https://wikicv.net/truyen/phuc-van-kieu-nuong-XBM4vVS4CGrGKDqD
"Trở lại 70 bỏ chồng bỏ con trước, ta bị sủng bạo",Nông Vô Ưu,"Nguyên sang , Ngôn tình , Hiện đại , HE , Tình cảm , Ngọt văn , Trọng sinh , Tùy thân không gian , Manh bảo , Dưỡng oa , Niên đại văn",Hoàn thành,1575132,4626,93,555,https://wikicv.net/truyen/tro-lai-70-bo-chong-bo-con-truoc-ta-bi-s-ZMe4IPTaEEoprlWF
Trưởng đích,Hoàn Nhĩ wr,"Nguyên sang , Ngôn tình , Cổ đại , HE , Tình cảm , Ngọt văn , Trọng sinh , Song khiết 🕊️ , Cung đấu , Trạch đấu , Cung đình hầu tước , Thiên chi kiêu tử , 1v1",Hoàn thành,1574773,6921,491,967,https://wikicv.net/truyen/truong-dich-WA78DHCVfAq_02es
Thần y độc phi không dễ chọc,Cô Tô Tiểu Thất,"Nguyên sang , Ngôn tình , Cổ đại , HE , Tình cảm , Xuyên việt , Tùy thân không gian , Hào môn thế gia , Y thuật , Cung đình hầu tước , Nữ cường , Thị giác nữ chủ",Hoàn thành,1574553,630,19,345,https://wikicv.net/truyen/than-y-doc-phi-khong-de-choc-X7ncklS4CGVqHNT8
Nông môn cay thê: Điền viên loại bánh bao,Đóa Đóa Điện,"Nguyên sang , Ngôn tình , Cổ đại , HE , Tình cảm , Làm ruộng , Xuyên việt , Ngọt văn",Hoàn thành,1563206,2235,7,334,https://wikicv.net/truyen/nong-mon-cay-the-dien-vien-loai-banh-bao-WJxo1nCVfESM6DQM
Trọng sinh bá sủng: Nhiếp chính vương gia quá hung mãnh,Phong Dữ Tự Nhiên,"Nguyên sang , Ngôn tình , Cổ đại , HE , Tình cảm , Võ hiệp , Xuyên việt , Trọng sinh , Tùy thân không gian , Thanh mai trúc mã , Phản phái xuyên việt , Cung đình hầu tước , Dưỡng thành , Nữ cường , 1v1 , Tỷ đệ",Hoàn thành,1553717,435,33,133,https://wikicv.net/truyen/trong-sinh-ba-sung-nhiep-chinh-vuong-gia-WVnCxe8h7EwRq8yK
Dị thế giới cửa hàng phố kinh doanh chỉ nam,Y Lại Đường Phân,"Nguyên sang , Ngôn tình , Tương lai , HE , Tình cảm , Kinh dị , Làm ruộng , Dị thế , Hệ thống , Sảng văn , Nhẹ nhàng , Tây huyễn , Kim bài đề cử 🥇 , Kim Bảng 🏆 , 1v1 , Thị giác nữ chủ , Chữa lành , Qua lại thời không",Hoàn thành,1546735,36950,435,5734,https://wikicv.net/truyen/di-the-gioi-cua-hang-pho-kinh-doanh-chi--YinZplS4CHNc%7EGMJ
Trọng sinh: Thần y quân tẩu,Nguyệt Thổ Nguyệt Thổ,"Nguyên sang , Ngôn tình , Hiện đại , HE , Tình cảm , Ngọt văn , Trọng sinh , Tùy thân không gian , Cẩu huyết , Đô thị tình duyên , 1v1 , Thị giác nữ chủ , Bình dân sinh hoạt",Hoàn thành,1546316,469,13,109,https://wikicv.net/truyen/trong-sinh-than-y-quan-tau-Ws4PPO8h7GNIBAK3
Ở sinh tồn trò chơi làm cẩm lý,Hạ Quý Đạo Cốc Hương,"Nguyên sang , Ngôn tình , Hiện đại , HE , Tình cảm , Sinh tồn , Tùy thân không gian , Vô hạn lưu , Thăng cấp lưu , 1v1 , Thị giác nữ chủ , Cẩm lý thể chất , Chậm nhiệt",Hoàn thành,1538331,28765,450,2820,https://wikicv.net/truyen/o-sinh-ton-tro-choi-lam-cam-ly-X2vZYVS4CB1EtOf6
Tiên y đế phi,Cố Nhiễm Cẩm,"Nguyên sang , Ngôn tình , Cổ đại , HE , Tình cảm , Ngọt văn , Duyên trời tác hợp , Cường thủ hào đoạt",Chưa xác minh,1537468,2101,2,182,https://wikicv.net/truyen/tien-y-de-phi-XQRdl1S4CAVy6YVJ
Tường ngăn có nam thần: Mạnh mẽ yêu nhau 100 thiên,Diệp Phi Dạ,"Nguyên sang , Ngôn tình , Hiện đại , HE , Tình cảm , Hào môn thế gia",Hoàn thành,1537368,570,19,643,https://wikicv.net/truyen/tuong-ngan-co-nam-than-manh-me-yeu-nhau--WGitRHCVfD7x5EJc
Pháo hôi tu chân chỉ nam,Thanh Liên Nhạc Phủ,"Nguyên sang , Ngôn tình , Cổ đại , HE , Tiên hiệp , Tu chân , Nữ phụ , Thăng cấp lưu , Pháo hôi",Hoàn thành,1533750,16630,420,3549,https://wikicv.net/truyen/phao-hoi-tu-chan-chi-nam-W%7E6GyVS4CHLFoht7
Thủ trưởng sủng thê: Trọng sinh mạnh nhất quân tẩu,Long Cửu Nguyệt,"Nguyên sang , Ngôn tình , Hiện đại , HE , Tình cảm , Tu chân , Trọng sinh , Tùy thân không gian , Làm giàu",Hoàn thành,1523760,1211,17,40,https://wikicv.net/truyen/thu-truong-sung-the-trong-sinh-manh-nhat-WVdn5u8h7GNBQlky
Mau xuyên hệ thống: Hắc hóa nam chủ xấu xa hư,Thất Phiến,"Nguyên sang , Ngôn tình , Cổ đại , Hiện đại , HE , Tình cảm , Khoa học viễn tưởng , Huyền huyễn , Ngọt văn , Hệ thống , Song khiết 🕊️ , Xuyên nhanh , 1v1",Hoàn thành,1518550,5905,101,535,https://wikicv.net/truyen/mau-xuyen-he-thong-hac-hoa-nam-chu-xau-x-WRF46%7E8h7EB1XJ_y
BOSS cấp vả mặt hộ chuyên nghiệp [ xuyên nhanh ],Lan Quế,"Nguyên sang , Ngôn tình , Cổ đại , Cận đại , Hiện đại , HE , Tình cảm , Khoa học viễn tưởng , Xuyên nhanh , Sảng văn , Nhẹ nhàng , Đô thị tình duyên , Duyên trời tác hợp , Kim bài đề cử 🥇 , Ngược tra , Nghịch tập , Vả mặt , Thị giác nam chủ",Hoàn thành,1518471,14281,501,3895,https://wikicv.net/truyen/boss-cap-va-mat-ho-chuyen-nghiep-xuyen-n-W5YCulS4CAMqYLVf
"Cẩm lý kiều thê, ngọt như mật",Tố Thủ Chiết Chi,"Nguyên sang , Ngôn tình , Hiện đại , HE , Tình cảm , Huyền huyễn , Huyền học , Xuyên việt , Ngọt văn , Thần tiên yêu quái , Song khiết 🕊️ , Hào môn thế gia , Cẩu huyết , Giới giải trí , Sảng văn , Nhẹ nhàng , Kiếp trước kiếp này , Thiên chi kiêu tử , Tiểu bạch văn , Ngược tra , Linh dị thần quái , Vả mặt , 1v1 , Thị giác nữ chủ",Hoàn thành,1518088,4465,67,805,https://wikicv.net/truyen/cam-ly-kieu-the-ngot-nhu-mat-XGaBZlS4CDDFq3Q5
"Đặc công cuồng phi: Tà hoàng, lăn xuống giường",Mộ Mộc Thư,"Nguyên sang , Ngôn tình , Cổ đại , HE , Tình cảm , Báo thù , Dị thế , Xuyên việt , Ngọt văn , Song khiết 🕊️ , Trạch đấu , Cường cường , Thăng cấp lưu , Cung đình hầu tước , Sảng văn , Kiếp trước kiếp này , Cải trang giả dạng , Thiên chi kiêu tử , Duyên trời tác hợp , Nữ cường , Ngược tra",Hoàn thành,1517807,623,17,200,https://wikicv.net/truyen/dac-cong-cuong-phi-ta-hoang-lan-xuong-gi-WVBtGu8h7ClgwXl5
Nông nữ thù sắc,Tinh Vân Trục Nguyệt,"Nguyên sang , Ngôn tình , Cổ đại , HE , Tình cảm , Làm ruộng , Sảng văn",Hoàn thành,1509342,803,24,41,https://wikicv.net/truyen/nong-nu-thu-sac-W4ps1VS4CBBt2aux
Trọng sinh mạt thế chi song sủng,Bạch Tiểu Trinh,"Nguyên sang , Ngôn tình , Tương lai , HE , Tình cảm , Khoa học viễn tưởng , Mạt thế , Xuyên việt , Dị năng , Ngọt văn , Trọng sinh , Tùy thân không gian , Nhẹ nhàng , Cận thủy lâu đài , 1v1",Hoàn thành,1508160,4262,73,1250,https://wikicv.net/truyen/trong-sinh-mat-the-chi-song-sung-WAo7F3CVfFWBdEVa
Sư phụ lại rớt tuyến rồi,Vưu Tiền,"Nguyên sang , Ngôn tình , Cổ đại , HE , Tình cảm , Tiên hiệp , Tu chân , Xuyên việt , Dưỡng thành , Sư đồ",Hoàn thành,1506823,9022,253,2885,https://wikicv.net/truyen/su-phu-lai-rot-tuyen-roi-WnIHVe8h7FTIXlnq
Tu tiên nữ xứng muốn trời cao,Não Xác Hữu Bao,"Nguyên sang , Ngôn tình , Cổ đại , HE , Tình cảm , Tiên hiệp , Tu chân , Tùy thân không gian , Xuyên thư , Nữ phụ , Pháo hôi , Nữ cường , Nghịch tập , 1v1 , Thị giác nữ chủ",Hoàn thành,1504695,9529,195,2077,https://wikicv.net/truyen/tu-tien-nu-xung-muon-troi-cao-YaW6Z1S4CEqMiiBB
Tổng tài daddy siêu cấp lực / Mommy vị soái ca này là daddy / Đoạt cái tổng tài đương daddy / Tri kỷ manh bảo hoang đường cha,Tịch Bảo Nhi,"Nguyên sang , Ngôn tình , Hiện đại , HE , Tình cảm , Hào môn thế gia , Cẩu huyết , Đô thị tình duyên",Hoàn thành,1503168,74,6,2,https://wikicv.net/truyen/tong-tai-daddy-sieu-cap-luc-mommy-vi-soa-WlR4Ju8h7FObpfCX
"Trọng sinh 70 thần y tiểu ngọt thê / Trọng sinh 70: Thần y kiều thê, sủng không ngừng!",Tiêu An Dương,"Nguyên sang , Ngôn tình , Cận đại , Hiện đại , HE , Tình cảm , Ngọt văn , Trọng sinh , Tùy thân không gian , Y thuật , Song trọng sinh",Hoàn thành,1500832,2278,14,124,https://wikicv.net/truyen/trong-sinh-70-than-y-tieu-ngot-the-trong-XXzv81S4CHLKxMF2
Ta bị năm cái vai ác ba ba tranh nhau sủng,Cấm Chiêu Sơ Kiến Nha,"Nguyên sang , Ngôn tình , Hiện đại , HE , Tình cảm , Ngọt văn , Song khiết 🕊️ , Xuyên thư , Hào môn thế gia , Thanh mai trúc mã , Hài hước , Cận thủy lâu đài , 1v1 , Thị giác nữ chủ , Manh bảo",Hoàn thành,1497499,14594,451,2755,https://wikicv.net/truyen/ta-bi-nam-cai-vai-ac-ba-ba-tranh-nhau-su-Xsbei1S4CDOA8idp
Gom tiền nhân sinh [ tổng ],Lâm Mộc Nhi,"Diễn sinh , Ngôn tình , Cổ đại , Cận đại , Hiện đại , HE , Võ hiệp , Làm ruộng , Phim ảnh , Xuyên nhanh , Tùy thân không gian , Hồng Lâu , Làm giàu , Đại Thanh , Vô hạn lưu , Kim bài đề cử 🥇",Hoàn thành,1496105,22242,259,9959,https://wikicv.net/truyen/gom-tien-nhan-sinh-tong-WAt5qnCVfCaobkXE
Thổ hệ khờ nữ [ Tu tiên ],Mộc Mộc Mộc Tử Đầu,"Nguyên sang , Ngôn tình , Cổ đại , HE , Tình cảm , Tiên hiệp , Tu chân , Xuyên việt , Xuyên thư , Kim bài đề cử 🥇 , Kim Bảng 🏆 , Thị giác nữ chủ",Hoàn thành,1485948,9409,250,3254,https://wikicv.net/truyen/tho-he-kho-nu-tu-tien-XX4XjVS4CGDL3u7s
"Ngạo kiều đế thiếu, cường thế sủng!",Ngọc Tư Tư,"Nguyên sang , Ngôn tình , Hiện đại , HE , Tình cảm , Ngọt văn , Song khiết 🕊️ , Làm giàu , Hào môn thế gia , Đô thị tình duyên , Duyên trời tác hợp , Ngược tra",Hoàn thành,1482155,10,7,11,https://wikicv.net/truyen/ngao-kieu-de-thieu-cuong-the-sung-Wpa7n%7E8h7FyL1970
Trọng sinh 90 ngọt quân tẩu,Ức Tích Nhan,"Nguyên sang , Ngôn tình , Hiện đại , HE , Tình cảm , Ngọt văn , Trọng sinh , Hào môn thế gia , Quân văn , Nhẹ nhàng , Đô thị tình duyên , Thị giác nữ chủ",Hoàn thành,1479917,703,19,151,https://wikicv.net/truyen/trong-sinh-90-ngot-quan-tau-WxBZVe8h7Fcy_Psz
"Trọng sinh quốc dân ảnh hậu: Đế thiếu, cầu ẩn hôn",Niên Tiểu Hoa,"Nguyên sang , Ngôn tình , Hiện đại , HE , Tình cảm , Báo thù , Trọng sinh , Hệ thống , Song khiết 🕊️ , Tùy thân không gian , Hào môn thế gia , Cẩu huyết , Giới giải trí , Cường cường , Sảng văn , Đô thị tình duyên , Nữ cường , Ngược tra , 1v1",Hoàn thành,1474956,269,21,124,https://wikicv.net/truyen/trong-sinh-quoc-dan-anh-hau-de-thieu-cau-WnA8FO8h7F3HBcjH
Nghịch thiên ngự thú sư,Thất Nguyệt Điềm,"Nguyên sang , Ngôn tình , Cổ đại , HE , Tình cảm , Huyền huyễn , Dị thế , Xuyên việt , Song khiết 🕊️ , Thăng cấp lưu , Sảng văn , Nữ cường , 1v1",Hoàn thành,1469576,1238,66,225,https://wikicv.net/truyen/nghich-thien-ngu-thu-su-WdjJBu8h7FBiIOBu
Thôn hoa khó gả ( xuyên thư ),Khuynh Bích Du Nhiên,"Nguyên sang , Ngôn tình , Cổ đại , HE , Tình cảm , Làm ruộng , Quan trường , Xuyên việt , Ngọt văn , Trọng sinh , Song khiết 🕊️ , Xuyên thư , Nữ phụ , Trạch đấu , Xuyên thành vai ác , Kim bài đề cử 🥇 , 1v1 , Thị giác nữ chủ , Bình dân sinh hoạt",Hoàn thành,1464262,5735,118,1280,https://wikicv.net/truyen/thon-hoa-kho-ga-xuyen-thu-W28RJ1S4CBqtA0eA
80 đoàn sủng phúc khí bao,Thủy Thải Ngư,"Nguyên sang , Ngôn tình , Hiện đại , HE , Tình cảm , Dị năng , Tùy thân không gian , Xuyên thư , Song xuyên , Thị giác nữ chủ , Đoàn sủng , Niên đại văn",Hoàn thành,1463748,2953,46,339,https://wikicv.net/truyen/80-doan-sung-phuc-khi-bao-YFSbbVS4CBI9z3aQ
Nhất đẳng cuồng hậu: Tuyệt sắc ngự thú sư,Khinh Mặc Vũ,"Nguyên sang , Ngôn tình , Cổ đại , HE , Tình cảm , Huyền huyễn , Dị thế , Xuyên việt , Ngọt văn , Cung đấu , Trạch đấu , Cường cường , Thăng cấp lưu , Thiên chi kiêu tử , Nữ cường , 1v1",Hoàn thành,1460482,2149,19,526,https://wikicv.net/truyen/nhat-dang-cuong-hau-tuyet-sac-ngu-thu-su-WjE9te8h7Fg_cQnT
"Một thai tam bảo: Quỷ Vương daddy, quá hung mãnh",Lương Phi Nhi,"Nguyên sang , Ngôn tình , Cổ đại , HE , Tình cảm , Huyền huyễn , Xuyên việt , Sinh con",Chưa xác minh,1459176,563,4,42,https://wikicv.net/truyen/mot-thai-tam-bao-quy-vuong-daddy-qua-hun-XER1xVS4CHQyVt8j
"Lui ra, làm trẫm tới",Du Bạo Hương Cô,"Nguyên sang , Ngôn tình , Cổ đại , OE , Tình cảm , Huyền huyễn , Tranh bá , Xuyên việt , Hào môn thế gia , Cung đình hầu tước , Sảng văn , Hài hước , Nữ cường , 1v1 , Thị giác nữ chủ",Hoàn thành,1447936,30597,1451,11541,https://wikicv.net/truyen/lui-ra-lam-tram-toi-YO%7E02VS4CFPQV_Af
Trọng sinh không gian chi quang vinh gia đình quân nhân,Đường Kiến Dung,"Nguyên sang , Ngôn tình , Cận đại , Hiện đại , HE , Tình cảm , Huyền huyễn , Tu chân , Trọng sinh , Tùy thân không gian , Làm giàu , Y thuật , Pháo hôi , Nghịch tập",Hoàn thành,1447392,413,20,69,https://wikicv.net/truyen/trong-sinh-khong-gian-chi-quang-vinh-gia-WKBKOTu260EY7lZZ
Làm ruộng không nỗ lực chỉ có thể về nhà đương nhà giàu số một,Thất Niên Đại Mộng,"Nguyên sang , Ngôn tình , Hiện đại , HE , Tình cảm , Làm ruộng , Hào môn thế gia , Giới giải trí , Phản phái xuyên việt , Sảng văn , Nhẹ nhàng , Phát sóng trực tiếp , Đô thị tình duyên , Thiên chi kiêu tử , Nữ cường , Giả heo ăn hổ , Thị giác nữ chủ",Hoàn thành,1444200,3171,29,683,https://wikicv.net/truyen/lam-ruong-khong-no-luc-chi-co-the-ve-nha-XlsClVS4CA1qWWb0
Trời giáng tiểu thê bá đạo sủng Hạ Tịch Oản Lục Hàn Đình,Lưu Li Tuyết Tuyết,"Nguyên sang , Ngôn tình , Cổ đại , OE , Tình cảm , Nữ cường",Hoàn thành,1440342,20,2,7,https://wikicv.net/truyen/troi-giang-tieu-the-ba-dao-sung-ha-tich--X1N5OlS4CE9LO5Kl
Yêu vương đầu quả tim sủng: Hoàn khố tà y tiểu cuồng phi,Mộ Kiến,"Nguyên sang , Ngôn tình , Cổ đại , HE , Tình cảm , Tiên hiệp , Huyền huyễn , Tu chân , Xuyên việt , Ngọt văn , Song khiết 🕊️ , Cường cường , Vô hạn lưu , Thăng cấp lưu , Cải trang giả dạng , Nữ cường , Ngược tra",Hoàn thành,1435502,121,30,160,https://wikicv.net/truyen/yeu-vuong-dau-qua-tim-sung-hoan-kho-ta-y-WYQR4O8h7CdS4LC4
"Sau lại cố tình thích ngươi / Hello, tiểu cục cưng",Công Tử Diễn,"Nguyên sang , Ngôn tình , Hiện đại , HE , Tình cảm , Ngọt văn , Song khiết 🕊️ , Hào môn thế gia , Hài hước , Đô thị tình duyên , Duyên trời tác hợp , Ngược tra",Hoàn thành,1425979,410,8,98,https://wikicv.net/truyen/sau-lai-co-tinh-thich-nguoi-hello-tieu-c-WbT57%7E8h7ES25Rgd
Trọng sinh không gian 80 tiểu tức phụ,Dạ Lâm Vãn,"Nguyên sang , Ngôn tình , Hiện đại , HE , Tình cảm , Ngọt văn , Trọng sinh , Tùy thân không gian , Xuyên thư , Nữ phụ , Duyên trời tác hợp , 1v1 , Thị giác nữ chủ , Bình dân sinh hoạt",Hoàn thành,1425199,580,10,53,https://wikicv.net/truyen/trong-sinh-khong-gian-80-tieu-tuc-phu-XzDIa1S4CGegYcmD
Mau xuyên: Công lược BOSS phản diện,Châu Chu,"Nguyên sang , Ngôn tình , Cổ đại , Hiện đại , HE , Tình cảm , Khoa học viễn tưởng , Ngọt văn , Hệ thống , Xuyên nhanh , Nữ phụ , Pháo hôi",Hoàn thành,1422984,961,70,327,https://wikicv.net/truyen/mau-xuyen-cong-luoc-boss-phan-dien-WRbRFO8h7BA7hQu6
Mạt thế xuyên qua: Bá đạo quân trưởng độc sủng thê,Băng Sơn Chi Tuyết,"Nguyên sang , Ngôn tình , Cận đại , Hiện đại , HE , Tình cảm , Huyền huyễn , Dị năng , Trọng sinh , Song khiết 🕊️ , Tùy thân không gian , Làm giàu , Quân văn , Duyên trời tác hợp , Ngược tra",Hoàn thành,1416521,118,20,23,https://wikicv.net/truyen/mat-the-xuyen-qua-ba-dao-quan-truong-doc-WdputO8h7DBkLQd3
Giới giải trí bug,Thiển Thiển Thanh Y,"Nguyên sang , Ngôn tình , Hiện đại , HE , Tình cảm , Hệ thống , Xuyên thư , Hào môn thế gia , Giới giải trí",Hoàn thành,1413812,7973,40,623,https://wikicv.net/truyen/gioi-giai-tri-bug-XJYaq1S4CAJ24F2r
Xuyên thư: Thập niên 70 chi ngàn dặm gả phu,Nguyệt Bán Tường Vi,"Nguyên sang , Ngôn tình , Hiện đại , HE , Tình cảm , Ngọt văn , Xuyên thư , Mỹ thực , Quân văn , Sảng văn , Nhẹ nhàng , Kim bài đề cử 🥇 , 1v1 , Mary Sue , Thị giác nữ chủ , Niên đại văn",Hoàn thành,1412000,5806,161,2036,https://wikicv.net/truyen/xuyen-thu-thap-nien-70-chi-ngan-dam-ga-p-Y2tl0lS4CB4PObRX
Thanh xuyên hoàng phi muốn kiều dưỡng,Ám Hương,"Nguyên sang , Ngôn tình , Cổ đại , HE , Tình cảm , Xuyên việt , Cung đấu , Trạch đấu , Đại Thanh , Cung đình hầu tước , 1v1 , Giả heo ăn hổ",Hoàn thành,1408584,10713,204,1185,https://wikicv.net/truyen/thanh-xuyen-hoang-phi-muon-kieu-duong-W3LfNlS4CFn%7E19A5
Trọng sinh chi nhất phẩm nông gia thê,Thiên Ni,"Nguyên sang , Ngôn tình , Cổ đại , HE , Tình cảm , Làm ruộng , Ngọt văn , Trọng sinh , Song khiết 🕊️ , Trạch đấu , Cung đình hầu tước",Hoàn thành,1406304,528,9,62,https://wikicv.net/truyen/trong-sinh-chi-nhat-pham-nong-gia-the-WOOIE%7E8h7G7GdZOo
Không cần loạn ăn vạ,Hồng Thứ Bắc,"Nguyên sang , Ngôn tình , Cổ đại , HE , Tình cảm , Tiên hiệp , Huyền huyễn , Tu chân , Xuyên thư , Cường cường , Sảng văn , Hài hước , Kim bài đề cử 🥇 , Kim Bảng 🏆 , Nữ cường , Giả heo ăn hổ , Thị giác nữ chủ",Hoàn thành,1402712,21663,1405,7197,https://wikicv.net/truyen/khong-can-loan-an-va-X_GdPlS4CDfrHnCb
Vạn nhân mê nàng khuynh đảo chúng sinh [ xuyên nhanh ],Nguyệt Dạ Sanh Ca,"Nguyên sang , Ngôn tình , Cổ đại , Cận đại , Hiện đại , Tương lai , HE , Tình cảm , Tiên hiệp , Mạt thế , Huyền huyễn , Huyền học , Tu chân , Dị năng , Ngọt văn , Hệ thống , Xuyên nhanh , Xuyên thư , Hào môn thế gia , Thi đấu cạnh kỹ , Nữ phụ , Giới giải trí , Vườn trường , Dân quốc , Cung đình hầu tước , Sảng văn , Nhẹ nhàng , Đô thị tình duyên , Pháo hôi , Người qua đường , Mỹ nhân ngư , Xuyên thành vai ác , Sư đồ , Linh dị thần quái , Mary Sue , Thị giác nữ chủ , Thực tế ảo , Thật giả thiên kim , Vạn nhân mê",Hoàn thành,1400322,8098,718,3759,https://wikicv.net/truyen/van-nhan-me-nang-khuynh-dao-chung-sinh-x-YhLDJlS4CAeTHPSq
"Bá đạo tiểu thúc, thỉnh nhẹ liêu!",Mặc Mặc Khanh Khanh,"Nguyên sang , Ngôn tình , Hiện đại , HE , Tình cảm , Ngọt văn , Trọng sinh , Hào môn thế gia , Sảng văn , Đô thị tình duyên , Ngược tra , 1v1",Chưa xác minh,1395332,137,12,43,https://wikicv.net/truyen/ba-dao-tieu-thuc-thinh-nhe-lieu-Ws2OQO8h7HVbh92l
Ma đế quấn thân: Thần y cửu tiểu thư,Ngân Bình,"Nguyên sang , Ngôn tình , Cổ đại , HE , Tình cảm , Huyền huyễn , Xuyên việt , Cường cường , Y thuật , Duyên trời tác hợp , Nữ cường",Hoàn thành,1394448,155,9,147,https://wikicv.net/truyen/ma-de-quan-than-than-y-cuu-tieu-thu-WSeOEu8h7CW5poSC
👑 Hào môn quyền phụ,Tử Hồn,"Nguyên sang , Ngôn tình , Hiện đại , HE , Tình cảm , Kinh thương , Quan trường , Báo thù , Trọng sinh , Song khiết 🕊️ , Làm giàu , Hào môn thế gia , Cẩu huyết , Ngược văn , Trạch đấu , Cường cường , Hoan hỉ oan gia , Thăng cấp lưu , Kiếp trước kiếp này , Đô thị tình duyên , Thiên chi kiêu tử , Cận thủy lâu đài , Lôi , Nữ cường , Ngược tra , Tương ái tương sát , 1v1 , Thị giác nữ chủ",Hoàn thành,1390065,1079,42,538,https://wikicv.net/truyen/hao-mon-quyen-phu-WEqnInCVfCn6MJSZ
Xuyên đến 60 đương cô nãi nãi / Xuyên đến niên đại đương cô nãi nãi,Vũ Trung Nhu Tình,"Nguyên sang , Ngôn tình , Hiện đại , HE , Tình cảm , Báo thù , Xuyên việt , Ngọt văn , Trọng sinh , Giới giải trí , Thị giác nữ chủ , Bình dân sinh hoạt , Niên đại văn",Hoàn thành,1389676,6113,57,1229,https://wikicv.net/truyen/xuyen-den-60-duong-co-nai-nai-xuyen-den--X_l6DFS4CATYSEuz
Hoắc phu nhân là cái tiểu khóc bao,Đường Bất Lận,"Nguyên sang , Ngôn tình , Hiện đại , HE , Tình cảm , Song khiết 🕊️ , Xuyên thư , Giới giải trí , 1v1",Hoàn thành,1388993,2596,23,253,https://wikicv.net/truyen/hoac-phu-nhan-la-cai-tieu-khoc-bao-XjrfyVS4CEAhhD%7Ei
Ta cả nhà đều là xuyên tới,YTT Đào Đào,"Nguyên sang , Ngôn tình , Cổ đại , HE , Tình cảm , Làm ruộng , Xuyên việt , Ngọt văn , Song khiết 🕊️ , Tùy thân không gian , Làm giàu , Hào môn thế gia , Cung đình hầu tước , 1v1 , Thị giác nữ chủ , Bình dân sinh hoạt , Đàn xuyên",Hoàn thành,1386312,8777,314,2711,https://wikicv.net/truyen/ta-ca-nha-deu-la-xuyen-toi-XL5ypFS4CHYYZv54
Tứ gia đầu quả tim sủng phi,Tuyết Trung Hồi Mâu,"Nguyên sang , Ngôn tình , Cổ đại , HE , Tình cảm , Xuyên việt , Cung đấu , Đại Thanh , Cung đình hầu tước",Hoàn thành,1385656,9709,142,1596,https://wikicv.net/truyen/tu-gia-dau-qua-tim-sung-phi-WNHy6e8h7BWIi1Fp
Người tình trí mạng,Ân Tầm,"Nguyên sang , Ngôn tình , Hiện đại , HE , Trinh thám , Kinh thương , Huyền huyễn , Ngọt văn , Hào môn thế gia , Ngược văn , Hắc bang , Cường cường , Nhiều CP , Đô thị tình duyên , Duyên trời tác hợp , Nữ cường , Linh dị thần quái",Hoàn thành,1380558,574,128,312,https://wikicv.net/truyen/nguoi-tinh-tri-mang-Wwaq5O8h7EbTOUM2
Hào môn trọng sinh: Quỷ mắt nữ thầy tướng,Phi Tú ( Thư...,"Nguyên sang , Ngôn tình , Hiện đại , HE , Tình cảm , Huyền huyễn , Huyền học , Báo thù , Dị năng , Ngọt văn , Trọng sinh , Song khiết 🕊️ , Đổ thạch , Phong thủy , Làm giàu , Hào môn thế gia , Thanh mai trúc mã , Kiếp trước kiếp này , Nữ cường , Ngược tra , Linh dị thần quái",Hoàn thành,1379294,2595,25,181,https://wikicv.net/truyen/hao-mon-trong-sinh-quy-mat-nu-thay-tuong-WX4o1%7E8h7DyMNQe3
Thủ phụ kiều nương,Thiên Phương Phương,"Nguyên sang , Ngôn tình , Cổ đại , HE , Tình cảm , Xuyên việt , Ngọt văn , Hoan hỉ oan gia , Nữ cường , Vả mặt , 1v1 , Thật giả thiên kim",Hoàn thành,1377717,3593,236,1329,https://wikicv.net/truyen/thu-phu-kieu-nuong-XjkaPVS4CBJzCkR5
"Độc chiếm tiên thê: Hàn thiếu, sủng lên trời",Nguyệt Lưu Hương,"Nguyên sang , Ngôn tình , Hiện đại , HE , Tình cảm , Ngọt văn , Trọng sinh , Hào môn thế gia , Sảng văn , Đô thị tình duyên , Ngược tra , 1v1",Hoàn thành,1377012,466,8,156,https://wikicv.net/truyen/doc-chiem-tien-the-han-thieu-sung-len-tr-WycIze8h7H43q8Pr
Trọng sinh không gian: Hào môn cay thê không dễ chọc,Hứa Noãn Noãn,"Nguyên sang , Ngôn tình , Hiện đại , HE , Tình cảm , Trọng sinh , Tùy thân không gian , Y thuật , Thị giác nữ chủ",Hoàn thành,1375766,520,13,56,https://wikicv.net/truyen/trong-sinh-khong-gian-hao-mon-cay-the-kh-XJGbTVS4CGWr0iX8
Đế quốc đệ nhất sủng: Quân thiếu liêu thê 100 cách,Phượng Nguyên Đường Quả,"Nguyên sang , Ngôn tình , Hiện đại , HE , Tình cảm , Ngọt văn , Hào môn thế gia , Đô thị tình duyên , Nữ cường , Ngược tra",Hoàn thành,1374067,180,4,13,https://wikicv.net/truyen/de-quoc-de-nhat-sung-quan-thieu-lieu-the-W2QAYFS4CFCReQm_
Phế tài nghịch tập: Băng sơn Vương gia khuynh thành phi,San Hô Mạn,"Nguyên sang , Ngôn tình , Cổ đại , HE , Tình cảm , Huyền huyễn , Tu chân , Xuyên việt , Ngọt văn",Hoàn thành,1371555,806,12,117,https://wikicv.net/truyen/phe-tai-nghich-tap-bang-son-vuong-gia-kh-WJVqynCVfG70ltez
Trọng sinh 60: Nhà ta tức phụ đặc biệt hung,Tô Ly,"Nguyên sang , Ngôn tình , Hiện đại , HE , Tình cảm , Làm ruộng , Ngọt văn , Trọng sinh , Tùy thân không gian , Làm giàu , Trạch đấu , Sảng văn , Thị giác nữ chủ",Hoàn thành,1364251,2116,21,88,https://wikicv.net/truyen/trong-sinh-60-nha-ta-tuc-phu-dac-biet-hu-Xk1YG1S4CEAvCROg
"Vương phi quá cuồng dã: Vương gia, ngươi dám cưới ta sao",Diệp Phi Dạ,"Nguyên sang , Ngôn tình , Cổ đại , Hiện đại , HE , Tình cảm , Xuyên việt , Ngọt văn , Song khiết 🕊️ , Hào môn thế gia , Ngược văn , Hoan hỉ oan gia , Cung đình hầu tước , Giang hồ ân oán , Đô thị tình duyên , Duyên trời tác hợp",Hoàn thành,1363393,53,10,57,https://wikicv.net/truyen/vuong-phi-qua-cuong-da-vuong-gia-nguoi-d-WMGxQe8h7DLqqGTl
Xuyên thành 60 kiều khí tiểu phúc bao/ Xuyên thành niên đại kiều khí tiểu phúc bao,Nguyệt Hạ Thư Ngốc,"Nguyên sang , Ngôn tình , Hiện đại , HE , Tình cảm , Xuyên việt",Hoàn thành,1360991,2616,27,524,https://wikicv.net/truyen/xuyen-thanh-60-kieu-khi-tieu-phuc-bao-xu-Xmuas1S4CEZ7QlYk
👑 Trọng sinh: Quốc dân nam thần,Thủy Thiên Triệt,"Nguyên sang , Ngôn tình , Hiện đại , HE , Tình cảm , Khoa học viễn tưởng , Huyền huyễn , Báo thù , Dị năng , Ngọt văn , Trọng sinh , Hệ thống , Song khiết 🕊️ , Làm giàu , Hào môn thế gia , Giới giải trí , Cường cường , Sảng văn , Cải trang giả dạng , Nữ cường , Ngược tra , 1v1",Hoàn thành,1353149,3181,151,1443,https://wikicv.net/truyen/trong-sinh-quoc-dan-nam-than-V9kVDnCVfHvzYqQS
"Mau xuyên nữ chủ: Nam thần, liêu không ngừng",Chiết Chỉ Lưu Li,"Nguyên sang , Ngôn tình , Cổ đại , Cận đại , Hiện đại , Tương lai , HE , Tình cảm , Khoa học viễn tưởng , Huyền huyễn , Ngọt văn , Hệ thống , Song khiết 🕊️ , Xuyên nhanh , Vị diện , Ngược tra , 1v1",Hoàn thành,1353050,1718,53,321,https://wikicv.net/truyen/mau-xuyen-nu-chu-nam-than-lieu-khong-ngu-WUyik%7E8h7H7Zk7se
Huyền học đại sư nhàn nhã sinh hoạt [ cổ xuyên kim ],Nhu Nạo Khinh Mạn,"Nguyên sang , Ngôn tình , Hiện đại , HE , Tình cảm , Làm ruộng , Huyền huyễn , Huyền học , Trọng sinh , Phong thủy , Cổ xuyên kim , Hào môn thế gia , Cưới trước yêu sau , Nhẹ nhàng , Ấm áp , Duyên trời tác hợp , Kim bài đề cử 🥇 , Linh dị thần quái , 1v1 , Thị giác nữ chủ",Hoàn thành,1346353,2605,109,768,https://wikicv.net/truyen/huyen-hoc-dai-su-nhan-nha-sinh-hoat-co-x-WwApVe8h7GGuWyPq
Sơn hà chẩm ( Trưởng tẩu làm vợ ),Mặc Thư Bạch,"Nguyên sang , Ngôn tình , Cổ đại , HE , Tình cảm , Trọng sinh , Niên hạ , Cung đình hầu tước , Kim bài đề cử 🥇 , Tỷ đệ",Hoàn thành,1344201,2888,240,1230,https://wikicv.net/truyen/son-ha-cham-truong-tau-lam-vo-Ww1ule8h7EMKLJkv
Thiên hạ đệ nhất phi: Thần y cuồng thê,Y Nỉ Yêu Nhiêu,"Nguyên sang , Ngôn tình , Cổ đại , HE , Tình cảm , Tiên hiệp , Tu chân , Xuyên việt , Nghịch tập",Hoàn thành,1342726,174,5,33,https://wikicv.net/truyen/thien-ha-de-nhat-phi-than-y-cuong-the-WZoQcu8h7FLh1Fkt
Trọng sinh 90 cay thê liêu phu,Lão Dương Ái Cật Ngư,"Nguyên sang , Ngôn tình , Hiện đại , HE , Tình cảm , Trọng sinh",Hoàn thành,1340034,637,9,101,https://wikicv.net/truyen/trong-sinh-90-cay-the-lieu-phu-XA9GOVS4CC3byJyO
Quỷ đế độc sủng: Kinh thế cuồng phi,Thất Nguyệt Điềm,"Nguyên sang , Ngôn tình , Cổ đại , HE , Tình cảm , Huyền huyễn , Trọng sinh , Hào môn thế gia",Hoàn thành,1337190,3881,19,108,https://wikicv.net/truyen/quy-de-doc-sung-kinh-the-cuong-phi-WYuWCu8h7BwK0CVM
Ta dựa đoán mệnh bạo hồng tinh tế,Trọng Lâu Tam Thất,"Nguyên sang , Ngôn tình , Tương lai , HE , Tình cảm , Khoa học viễn tưởng , Huyền huyễn , Huyền học , Xuyên việt , Phong thủy , Tinh tế",Hoàn thành,1333915,17359,274,3345,https://wikicv.net/truyen/ta-dua-doan-menh-bao-hong-tinh-te-Xk%7EuI1S4CGgeGvUs
Xuyên nhanh: nam chính đều là của ta,Mai Khai,"Nguyên sang , Ngôn tình , Cổ đại , Cận đại , Hiện đại , Tương lai , HE , Tình cảm , Khoa học viễn tưởng , Hệ thống , Xuyên nhanh , Xuyên thư , Nữ phụ",Hoàn thành,1329701,2645,77,603,https://wikicv.net/truyen/xuyen-nhanh-nam-chinh-deu-la-cua-ta-WRaBt%7E8h7BA7hQUX
Trong núi hán sủng thê: Không gian nông nữ điền mật mật,Thấm Ôn Phong,"Nguyên sang , Ngôn tình , Cổ đại , HE , Tình cảm , Làm ruộng , Xuyên việt , Ngọt văn , Tùy thân không gian , Làm giàu , Cận thủy lâu đài , Ngược tra , 1v1",Hoàn thành,1329698,152,4,14,https://wikicv.net/truyen/trong-nui-han-sung-the-khong-gian-nong-n-WxsOd%7E8h7GFPMTsm
Thập niên 60 có nhân duyên,Tam Dương Thái Lai,"Nguyên sang , Ngôn tình , Cận đại , Hiện đại , HE , Tình cảm , Xuyên việt , Ngọt văn , Trọng sinh , Làm giàu",Hoàn thành,1326781,8247,110,1200,https://wikicv.net/truyen/thap-nien-60-co-nhan-duyen-WNdhD%7E8h7DjuUVmY
Nông gia tiểu địa chủ,Úc Vũ Trúc,"Nguyên sang , Ngôn tình , Cổ đại , HE , Tình cảm , Làm ruộng , Xuyên việt , Ngọt văn , Cường cường , Thanh mai trúc mã",Hoàn thành,1325533,2808,34,496,https://wikicv.net/truyen/nong-gia-tieu-dia-chu-WNeT7e8h7F0NM73t
Thần vương độc phi: Thiên tài luyện đan sư,Dạ Phong Yêu,"Nguyên sang , Ngôn tình , Cổ đại , HE , Tình cảm , Báo thù , Dị thế , Xuyên việt , Ngọt văn , Trọng sinh , Song khiết 🕊️ , Cường cường , Đấu khí , Sảng văn , Kiếp trước kiếp này , Hài hước , Thiên chi kiêu tử , Duyên trời tác hợp , Nữ cường , 1v1",Hoàn thành,1314019,808,10,33,https://wikicv.net/truyen/than-vuong-doc-phi-thien-tai-luyen-dan-s-WcnwxO8h7FnGrIBc
Xuyên thành nữ chủ kia phúc khí bao tiểu khuê nữ,Hương Tô Lật,"Nguyên sang , Ngôn tình , Cận đại , Hiện đại , HE , Tình cảm , Làm ruộng , Ngọt văn , Xuyên thư , Làm giàu , Thanh mai trúc mã , Sảng văn , Kim bài đề cử 🥇 , 1v1 , Thị giác nữ chủ",Hoàn thành,1313192,5702,225,2132,https://wikicv.net/truyen/xuyen-thanh-nu-chu-kia-phuc-khi-bao-tieu-XUlw6lS4CCb0SOy2
Đế phi lâm thiên,Bạch Thiên,"Nguyên sang , Ngôn tình , Cổ đại , HE , Tình cảm , Tiên hiệp , Huyền huyễn , Dị thế , Tu chân , Hào môn thế gia , Trạch đấu , Cường cường , Cung đình hầu tước , Duyên trời tác hợp , Nữ cường , 1v1 , Giả heo ăn hổ",Hoàn thành,1311907,2243,28,409,https://wikicv.net/truyen/de-phi-lam-thien-WveN1%7E8h7C48zJVg
70 đoàn sủng: Cực phẩm người nhà pháo hôi kiều kiều nữ,Thập Hồng Diệp,"Nguyên sang , Ngôn tình , Hiện đại , HE , Tình cảm , Làm ruộng , Xuyên việt , Ngọt văn , 1v1 , Thị giác nữ chủ , Đoàn sủng , Niên đại văn",Hoàn thành,1302958,1577,46,229,https://wikicv.net/truyen/70-doan-sung-cuc-pham-nguoi-nha-phao-hoi-YmulAlS4CGVcVh1F
Hào môn cha mẹ cùng đỉnh lưu ca ca rốt cuộc tìm được ta,Tây Tích,"Nguyên sang , Ngôn tình , Hiện đại , HE , Tình cảm , Song khiết 🕊️ , Xuyên thư , Nữ phụ , Vườn trường , Cường cường , Sảng văn , Nhẹ nhàng , Hài hước , Cận thủy lâu đài , Ấm áp , Xuyên thành vai ác , Kim bài đề cử 🥇 , Nữ cường , Vả mặt , 1v1 , Giả heo ăn hổ , Thị giác nữ chủ , Bình dân sinh hoạt , Học bá",Hoàn thành,1298533,7653,373,2932,https://wikicv.net/truyen/hao-mon-cha-me-cung-dinh-luu-ca-ca-rot-c-XpO1oVS4CFC7Ro5x
Hàng tỉ khế ước: Giang thượng kim cương lão công,Công Tử Diễn,"Nguyên sang , Ngôn tình , Hiện đại , HE , Tình cảm , Báo thù , Ngọt văn , Song khiết 🕊️ , Hào môn thế gia , Đô thị tình duyên , Duyên trời tác hợp",Hoàn thành,1293585,477,3,82,https://wikicv.net/truyen/hang-ti-khe-uoc-giang-thuong-kim-cuong-l-WW8th%7E8h7F2jQA2P
Nữ xứng tu tiên chi nghịch tập lộ / Xuyên thư tu tiên sau nữ xứng nàng khai quải,Duyên. Mộng.,"Nguyên sang , Ngôn tình , Cổ đại , HE , Huyền huyễn , Dị thế , Tu chân , Xuyên việt , Trọng sinh , Hệ thống , Thần tiên yêu quái , Tùy thân không gian , Xuyên thư , Hào môn thế gia , Cường cường , Vị diện , Cung đình hầu tước , Sảng văn , Kiếp trước kiếp này , Pháo hôi , Nghịch tập , Vả mặt , 1v1 , Giả heo ăn hổ , Thị giác nữ chủ",Hoàn thành,1293298,2326,76,449,https://wikicv.net/truyen/nu-xung-tu-tien-chi-nghich-tap-lo-xuyen--YBEfyVS4CGbcz3OA
Vai ác mụ mụ phấn đấu sử [Xuyên thư],da Thanh Oa,"Nguyên sang , Ngôn tình , Hiện đại , HE , Tình cảm , Ngọt văn , Trọng sinh , Hệ thống , Xuyên thư , Hào môn thế gia , Sảng văn , Hài hước , Kim bài đề cử 🥇 , Ngược tra",Hoàn thành,1292604,6268,448,2068,https://wikicv.net/truyen/vai-ac-mu-mu-phan-dau-su-xuyen-thu-W8%7E9r1S4CA6yBL9U
Cẩm tú điền viên: Nông gia sủng thê,Phượng Cẩm Loan,"Nguyên sang , Ngôn tình , Cổ đại , HE , Tình cảm , Làm ruộng , Xuyên việt",Hoàn thành,1292390,512,5,7,https://wikicv.net/truyen/cam-tu-dien-vien-nong-gia-sung-the-WMaPp%7E8h7EMoyv01
Thần y cay thê trong núi hán,Nhạn Khâu,"Nguyên sang , Ngôn tình , Cổ đại , HE , Tình cảm , Làm ruộng , Xuyên việt , Ngọt văn , Song khiết 🕊️ , Làm giàu , Cường cường , Y thuật , Ngược tra , Vả mặt , 1v1 , Thị giác nữ chủ",Hoàn thành,1291164,115,8,80,https://wikicv.net/truyen/than-y-cay-the-trong-nui-han-XeSI7lS4CD54Xp4z
"Xuyên nhanh phát sóng trực tiếp: Vai ác đại lão, đừng hắc hóa!",Miêu Mao Nho,"Nguyên sang , Ngôn tình , Cổ đại , Hiện đại , OE , Tình cảm , Khoa học viễn tưởng , Ngọt văn , Hệ thống , Song khiết 🕊️ , Xuyên nhanh , Phát sóng trực tiếp , 1v1 , Thị giác nữ chủ",Hoàn thành,1289215,4353,246,913,https://wikicv.net/truyen/xuyen-nhanh-phat-song-truc-tiep-vai-ac-d-W3K%7EWVS4CBMsmPcf
Minh hôn bá sủng: Thiên tài manh bảo phúc hắc mẫu thân,Nam Cung Tử Yên,"Nguyên sang , Ngôn tình , Cổ đại , HE , Tình cảm , Dị thế , Xuyên việt , Ngọt văn , Trọng sinh , Cường cường , Y thuật , Thăng cấp lưu , Nữ cường , Ngược tra , Nghịch tập , Vả mặt , 1v1",Hoàn thành,1287974,396,11,58,https://wikicv.net/truyen/minh-hon-ba-sung-thien-tai-manh-bao-phuc-Wsn9N%7E8h7FnUYf%7EH
Bạo lực tiếu thôn cô,Phong Khinh Linh,"Nguyên sang , Ngôn tình , Cổ đại , HE , Tình cảm , Trọng sinh",Hoàn thành,1287835,1345,18,162,https://wikicv.net/truyen/bao-luc-tieu-thon-co-WT_QP%7E8h7CaQGwFo
Cao lãnh nam thần trụ cách vách: Hôn sai 55 lần,Diệp Phi Dạ,"Nguyên sang , Ngôn tình , Hiện đại , HE , Tình cảm , Ngược văn",Hoàn thành,1285602,40,2,34,https://wikicv.net/truyen/cao-lanh-nam-than-tru-cach-vach-hon-sai--WNffQ%7E8h7CIF6MQk
Hào môn giao dịch: Tổng tài 99 thứ bức hôn,Phong Dữ Tự Nhiên,"Nguyên sang , Ngôn tình , Hiện đại , HE , Tình cảm , Báo thù , Ngọt văn , Trọng sinh , Song khiết 🕊️ , Làm giàu , Hào môn thế gia , Cường cường , Duyên trời tác hợp , Ngược tra",Hoàn thành,1282409,334,11,97,https://wikicv.net/truyen/hao-mon-giao-dich-tong-tai-99-thu-buc-ho-WdXo6%7E8h7B1N0d3l
Xuyên nhanh đại lão tại tuyến nghịch tập,Nam Tinh Cửu,"Nguyên sang , Ngôn tình , Cổ đại , Hiện đại , HE , Tình cảm , Khoa học viễn tưởng , Hệ thống , Xuyên nhanh , Tùy thân không gian , Vị diện , Sảng văn , Pháo hôi , Nữ cường , Ngược tra , Nghịch tập , Thị giác nữ chủ",Hoàn thành,1277223,11116,195,1820,https://wikicv.net/truyen/xuyen-nhanh-dai-lao-tai-tuyen-nghich-tap-XUapy1S4CG%7E6ccXt
"Mau xuyên Tô Đát Kỷ: Nam thần, liêu một cái!",Hương Tiêu Bất Nã Nã,"Nguyên sang , Ngôn tình , Cổ đại , Cận đại , Hiện đại , HE , Tình cảm , Huyền huyễn , Thần tiên yêu quái , Xuyên nhanh , Hào môn thế gia , Cung đình hầu tước , 1v1 , Thị giác nữ chủ",Hoàn thành,1277055,3022,200,1257,https://wikicv.net/truyen/mau-xuyen-to-dat-ky-nam-than-lieu-mot-ca-W7ra3VS4CEPwexmp
"Trọng sinh 70, xuống nông thôn thanh niên trí thức có không gian",Nhiên Nhiên An,"Nguyên sang , Ngôn tình , Hiện đại , HE , Tình cảm , Làm ruộng , Xuyên việt , Ngọt văn , Tùy thân không gian , Quân văn , 1v1 , Thị giác nữ chủ , Niên đại văn",Hoàn thành,1276741,4197,50,607,https://wikicv.net/truyen/trong-sinh-70-xuong-nong-thon-thanh-nien-Yv_GGfTaEBVYqMb_
Thiều quang chậm,Đông Thiên Đích Liễu Diệp,"Nguyên sang , Ngôn tình , Cổ đại , HE , Tình cảm , Trọng sinh",Hoàn thành,1273230,1963,37,262,https://wikicv.net/truyen/thieu-quang-cham-WGpPh3CVfFUtpsBR
Con dâu nuôi từ bé: Đào lý khắp thiên hạ,Úc Vũ Trúc,"Nguyên sang , Ngôn tình , Cổ đại , HE , Tình cảm , Xuyên việt , Ngọt văn , Song khiết 🕊️ , Trạch đấu , Thanh mai trúc mã , Cung đình hầu tước , Hài hước , Thiên chi kiêu tử , Cận thủy lâu đài , Ấm áp , 1v1 , Thị giác nữ chủ",Hoàn thành,1267230,2422,35,404,https://wikicv.net/truyen/con-dau-nuoi-tu-be-dao-ly-khap-thien-ha-WJxGbDu26xmu2ueD
Xuyên thư: Xinh đẹp mỹ nhân hải đảo dưỡng oa / Xinh đẹp mẹ kế nhìn đến làn đạn sau [70],Tự Y,"Nguyên sang , Ngôn tình , Hiện đại , HE , Tình cảm , Làm ruộng , Ngọt văn , Trọng sinh , Hệ thống , Xuyên thư , Sảng văn , Nhẹ nhàng , Ấm áp , Kim bài đề cử 🥇 , 1v1 , Thị giác nữ chủ , Dưỡng oa , Đoàn sủng , Niên đại văn",Hoàn thành,1265527,4860,227,1472,https://wikicv.net/truyen/xuyen-thu-xinh-dep-my-nhan-hai-dao-duong-YkZb%7EVS4CDXsw4BW
👑 Vợ cả tại thượng,Hoa Nhật Phi,"Nguyên sang , Ngôn tình , Cổ đại , HE , Tình cảm , Trọng sinh , Song khiết 🕊️ , Hào môn thế gia , Gương vỡ lại lành , Trạch đấu , Y thuật , Cung đình hầu tước , Kim bài đề cử 🥇 , Ngược tra",Hoàn thành,1265291,1293,124,402,https://wikicv.net/truyen/vo-ca-tai-thuong-WRgC_%7E8h7BnoWy4R
"Xuyên đến năm mất mùa sau, ta thành cực phẩm ác bà bà",Triều Vân Tử,"Nguyên sang , Ngôn tình , Cổ đại , HE , Tình cảm , Làm ruộng , Xuyên việt , Hệ thống , Sảng văn , Thị giác nữ chủ , Manh bảo",Hoàn thành,1264471,4167,51,989,https://wikicv.net/truyen/xuyen-den-nam-mat-mua-sau-ta-thanh-cuc-p-Y2Dn5lS4CAk4xx6a
Ta có năm cái đại lão ba ba,Đan Song Đích Đan,"Nguyên sang , Ngôn tình , Hiện đại , HE , Tình cảm , Ngọt văn , Hào môn thế gia , Sảng văn , Nhẹ nhàng , Đô thị tình duyên , Thị giác nữ chủ",Hoàn thành,1258575,6880,30,1573,https://wikicv.net/truyen/ta-co-nam-cai-dai-lao-ba-ba-Xl9yy1S4CG3687q4
Mạt thế không gian: Nam thần độc sủng tang thi thê,Tô Tiểu Tô,"Nguyên sang , Ngôn tình , Hiện đại , HE , Tình cảm , Khoa học viễn tưởng , Mạt thế , Huyền huyễn , Dị năng , Ngọt văn , Trọng sinh , Tùy thân không gian , Kiếp trước kiếp này , Nữ cường , Ngược tra",Hoàn thành,1258109,520,52,71,https://wikicv.net/truyen/mat-the-khong-gian-nam-than-doc-sung-tan-WWcu0u8h7FQA4Bwd
Nam chính là chuyên gia giám định trà xanh ( xuyên nhanh ),Tiêu Tiểu Ca,"Nguyên sang , Ngôn tình , Cổ đại , Cận đại , Hiện đại , HE , Tình cảm , Tiên hiệp , Khoa học viễn tưởng , Huyền huyễn , Võng du , Tu chân , Xuyên việt , Hệ thống , Xuyên nhanh , Hào môn thế gia , Giới giải trí , Sảng văn , Đô thị tình duyên , Kim bài đề cử 🥇 , Kim Bảng 🏆 , Linh dị thần quái , Vả mặt , Thị giác nam chủ",Hoàn thành,1256572,11278,312,3245,https://wikicv.net/truyen/nam-chinh-la-chuyen-gia-giam-dinh-tra-xa-XNvD5lS4CHvvuSL_
,Tử Tuyết Ngưng Yên,,Đang cập nhật,0,0,0,0,https://wikicv.net/truyen/buu-han-nong-nu-co-khong-gian-XfbIe1S4CH0Ll7yE
Công lược cái kia tra  [ xuyên nhanh ],Đường Mật,"Nguyên sang , Ngôn tình , Hiện đại , OE , Tình cảm , Xuyên việt , Hệ thống , Xuyên nhanh , Cẩu huyết , Nữ phụ , Sảng văn , Lôi , Kim bài đề cử 🥇 , Ngược tra",Hoàn thành,1250932,7296,1260,3532,https://wikicv.net/truyen/cong-luoc-cai-kia-tra-xuyen-nhanh-WRRl9%7E8h7GlEY3cB
Vai ác về hưu xuyên thành nữ phụ pháo hôi [ xuyên nhanh ],Lan Quế,"Nguyên sang , Ngôn tình , Cổ đại , Hiện đại , HE , OE , Tình cảm , Mạt thế , Xuyên việt , Xuyên nhanh , Hào môn thế gia , Nữ phụ , Giới giải trí , Cung đình hầu tước , Sảng văn , Pháo hôi , Kim bài đề cử 🥇 , Ngược tra , Nghịch tập",Hoàn thành,1250438,5977,316,2055,https://wikicv.net/truyen/vai-ac-ve-huu-xuyen-thanh-nu-phu-phao-ho-XVgegVS4CCDfFbI3
Mãn cấp trà xanh xuyên thành tiểu đáng thương,Xuân Đao Hàn,"Nguyên sang , Ngôn tình , Cổ đại , HE , Tình cảm , Xuyên việt , Ngọt văn , Song khiết 🕊️ , Cung đấu , Thanh mai trúc mã , Cung đình hầu tước , Sảng văn , Ấm áp , Kim bài đề cử 🥇 , 1v1 , Thị giác nữ chủ",Hoàn thành,1249991,10636,270,1877,https://wikicv.net/truyen/man-cap-tra-xanh-xuyen-thanh-tieu-dang-t-XlnCKlS4CFN_ucT5
Xuyên thành cục cưng của nam phụ,Tiểu Hài Ái Cật Đường,"Nguyên sang , Ngôn tình , Hiện đại , HE , Tình cảm , Ngọt văn , Song khiết 🕊️ , Xuyên thư , Hào môn thế gia , Nữ phụ , Giới giải trí , Sảng văn , Nhẹ nhàng , Cận thủy lâu đài , Kim bài đề cử 🥇 , Vả mặt , 1v1 , Thị giác nữ chủ",Hoàn thành,1249296,3879,224,1445,https://wikicv.net/truyen/xuyen-thanh-cuc-cung-cua-nam-phu-XRLWc1S4CAh31Tei
Sủng thê sổ tay [ xuyên nhanh ] / Hảo nam nhân bồi dưỡng hệ thống,Cam Mễ Nhi,"Nguyên sang , Ngôn tình , Cổ đại , Hiện đại , HE , Tình cảm , Ngọt văn , Trọng sinh , Hệ thống , Xuyên nhanh , Nhẹ nhàng , Ấm áp , Kim bài đề cử 🥇 , Ngược tra , Thị giác nam chủ , Bình dân sinh hoạt",Hoàn thành,1242297,12171,371,3397,https://wikicv.net/truyen/sung-the-so-tay-xuyen-nhanh-hao-nam-nhan-XnbVCVS4CHRPd%7EPj
Mị cốt ngự thú sư,Lục La,"Nguyên sang , Ngôn tình , Cổ đại , HE , Huyền huyễn , Dị thế , Xuyên việt , Ma pháp , Tùy thân không gian , Y thuật , Thăng cấp lưu , Đấu khí , Sảng văn , Hài hước , Nữ cường , Ngược tra , 1v1",Hoàn thành,1241568,23,22,18,https://wikicv.net/truyen/mi-cot-ngu-thu-su-WcZ9RO8h7FQxaoyz
Xuyên qua bảy mươi niên đại quân tẩu trưởng thành ký,Tiểu Thạc Thử 5,"Nguyên sang , Ngôn tình , Cận đại , Hiện đại , HE , Tình cảm , Làm ruộng , Xuyên việt , Tùy thân không gian , Làm giàu , Quân văn",Hoàn thành,1236014,508,27,37,https://wikicv.net/truyen/xuyen-qua-bay-muoi-nien-dai-quan-tau-tru-WCPnHHCVfGBBWPZz
Cố cửu từ hoắc minh triệt - đại lão ngọt thê sủng lên trời,Đản Thát Thát,"Nguyên sang , Ngôn tình , Hiện đại , HE , Tình cảm , Báo thù , Ngọt văn , Trọng sinh , Hào môn thế gia , Kiếp trước kiếp này , Đô thị tình duyên , Ấm áp , Duyên trời tác hợp , Ngược tra , Nghịch tập , Vả mặt , 1v1",Chưa xác minh,1231935,9,3,4,https://wikicv.net/truyen/co-cuu-tu-hoac-minh-triet-dai-lao-ngot-t-XrQCkFS4CHlRWq%7E%7E
Mau xuyên hệ thống: Pháo hôi nữ xứng muốn xoay người,Thất Nguyệt Vị Lạc,"Nguyên sang , Ngôn tình , Cổ đại , Cận đại , Hiện đại , Tương lai , HE , Tình cảm , Mạt thế , Huyền huyễn , Võng du , Xuyên việt , Hệ thống , Xuyên nhanh , Giới giải trí , Pháo hôi , Phản phái trọng sinh , Ngược tra , Linh dị thần quái , Nghịch tập",Hoàn thành,1229165,1164,33,503,https://wikicv.net/truyen/mau-xuyen-he-thong-phao-hoi-nu-xung-muon-WSy4Su8h7HZlZmrn
Hàng tỉ sủng thê: Nam thần 101℃ hôn sâu,Mộc Mộc Thỏ Thỏ,"Nguyên sang , Ngôn tình , Hiện đại , HE , Tình cảm , Ngọt văn , Hào môn thế gia , Cẩu huyết , Ngược văn , Cường cường , Khế ước tình nhân , Hài hước , Đô thị tình duyên , Thiên chi kiêu tử , Nữ cường",Hoàn thành,1227474,964,11,61,https://wikicv.net/truyen/hang-ti-sung-the-nam-than-101-hon-sau-WTpS5u8h7AwQNTfn
"Xuyên nhanh hệ thống: Nam thần, ngươi lại đây",Phượng Lê Cao,"Nguyên sang , Ngôn tình , Hiện đại , HE , Khoa học viễn tưởng , Ngọt văn , Hệ thống , Xuyên nhanh , Nhẹ nhàng , Ấm áp , Nghịch tập",Tạm ngưng,1225360,3263,269,1142,https://wikicv.net/truyen/xuyen-nhanh-he-thong-nam-than-nguoi-lai--WkxmZO8h7DrxCsyU
Xuyên thư sau ta gả cho tàn tật bạo quân,Mộc Mộc Lương Thần,"Nguyên sang , Ngôn tình , Cổ đại , HE , Tình cảm , Dị thế , Ngọt văn , Thú nhân , Xuyên thư , Sảng văn , Pháo hôi , Kim bài đề cử 🥇 , Ngân bài đề cử 🥈 , 1v1 , Thị giác nữ chủ , Chữa lành",Hoàn thành,1224214,6085,330,2354,https://wikicv.net/truyen/xuyen-thu-sau-ta-ga-cho-tan-tat-bao-quan-XG9ui1S4CCcQypgm
Xuyên nhanh chi hoành hành ngang ngược,Giang Sơn Thương Lan,"Nguyên sang , Ngôn tình , Cổ đại , Hiện đại , Tương lai , HE , Tình cảm , Mạt thế , Ma pháp , Ngọt văn , Hệ thống , Xuyên nhanh , Tinh tế , Làm giàu , Cơ giáp , Hào môn thế gia , Nữ phụ , Giới giải trí , Vườn trường , Cung đình hầu tước , Sảng văn , Phát sóng trực tiếp , Pháo hôi , Nữ cường , Ngược tra , Nghịch tập , Vả mặt , Thị giác nữ chủ",Hoàn thành,1221995,13070,746,4409,https://wikicv.net/truyen/xuyen-nhanh-chi-hoanh-hanh-ngang-nguoc-XCHcwVS4CDcTzSOE
"Mau xuyên nữ xứng: Nam thần, ngươi đoạt diễn",Phù Mạc Ti,"Nguyên sang , Ngôn tình , Cổ đại , Cận đại , Hiện đại , HE , OE , Tình cảm , Khoa học viễn tưởng , Ngọt văn , Xuyên nhanh , Nữ phụ , Cường cường , Nữ cường , 1v1",Hoàn thành,1220115,3508,52,657,https://wikicv.net/truyen/mau-xuyen-nu-xung-nam-than-nguoi-doat-di-WmgguO8h7FcQxfHQ
Độc y thần nữ: Phúc hắc lãnh đế sủng thê cuồng,Nguyệt Hạ Khuynh Ca,"Nguyên sang , Ngôn tình , Cổ đại , HE , Tình cảm , Huyền huyễn , Dị thế , Ngọt văn , Trọng sinh , Song khiết 🕊️ , Kiếp trước kiếp này , Nữ cường , Ngược tra",Hoàn thành,1216244,799,32,431,https://wikicv.net/truyen/doc-y-than-nu-phuc-hac-lanh-de-sung-the--WZl%7Ei%7E8h7FLh1FP4
"Trọng sinh quân hôn: Thủ trưởng, buổi sáng tốt lành!",Cẩm Hồng Loan,"Nguyên sang , Ngôn tình , Cận đại , HE , Tình cảm , Trọng sinh , Song khiết 🕊️ , Hào môn thế gia , Cẩu huyết , Hắc bang , Quân văn , Sảng văn , Hài hước , Nữ cường , Nghịch tập , 1v1",Hoàn thành,1212944,1220,4,93,https://wikicv.net/truyen/trong-sinh-quan-hon-thu-truong-buoi-sang-Wf11mO8h7H5OGmWu
Thiên gia nông nữ: Liêu đảo lãnh mị chiến thần,Bạch Liên Thủy Hương,"Nguyên sang , Ngôn tình , Cổ đại , HE , Tình cảm , Làm ruộng , Huyền huyễn , Xuyên việt , Ngọt văn , Song khiết 🕊️ , Làm giàu , Trạch đấu , Cường cường , Cung đình hầu tước , Duyên trời tác hợp , Ngược tra",Hoàn thành,1210455,504,10,60,https://wikicv.net/truyen/thien-gia-nong-nu-lieu-dao-lanh-mi-chien-WdUJuu8h7BF_xCk3
Vân vân cổ đại nhàn nhã sinh hoạt,Thụ Tĩnh Phong Chỉ,"Nguyên sang , Ngôn tình , Cổ đại , HE , Tình cảm , Làm ruộng , Xuyên việt , Tùy thân không gian , Làm giàu , Trạch đấu , Cung đình hầu tước",Hoàn thành,1210338,1019,21,86,https://wikicv.net/truyen/van-van-co-dai-nhan-nha-sinh-hoat-WE6eG3CVfDDHQpgu
Ta chính là như vậy nữ tử,Nguyệt Hạ Điệp Ảnh,"Nguyên sang , Ngôn tình , Cổ đại , HE , Tình cảm , Ngọt văn , Trọng sinh , Song khiết 🕊️ , Hoan hỉ oan gia , Cung đình hầu tước , Sảng văn , Nhẹ nhàng , Hài hước , Kim bài đề cử 🥇 , Kim Bảng 🏆 , Nữ cường",Hoàn thành,1208181,6244,332,2268,https://wikicv.net/truyen/ta-chinh-la-nhu-vay-nu-tu-WD_CinCVfFMyrP%7Ec
70 tiếu tức là thanh niên trí thức,Niên Đại,"Nguyên sang , Ngôn tình , Cận đại , Hiện đại , HE , Tình cảm , Làm ruộng , Ngọt văn , Xuyên thư , Nữ phụ , 1v1 , Thị giác nữ chủ",Hoàn thành,1207491,3108,93,1003,https://wikicv.net/truyen/70-tieu-tuc-la-thanh-nien-tri-thuc-X_Ov5VS4CDTIrE6u
"Đế quốc tổng tài, sủng phiên thiên!",Tam Thế Vong Xuyên,"Nguyên sang , Ngôn tình , Hiện đại , HE , Tình cảm , Báo thù , Ngọt văn , Trọng sinh , Sinh con , Hào môn thế gia , Cưới trước yêu sau , Sảng văn , Hài hước , Đô thị tình duyên , Ấm áp , Nữ cường , Ngược tra , Cường thủ hào đoạt , Vả mặt , 1v1",Hoàn thành,1195844,130,1,3,https://wikicv.net/truyen/de-quoc-tong-tai-sung-phien-thien-WhOv_%7E8h7Fjg2RDN
"Bạo sủng độc thê: Mẫu thân muốn phiên thiên / Thiên tài manh bảo, mẫu thân ngươi hảo độc",Niên Hoa,"Nguyên sang , Ngôn tình , Cổ đại , HE , Tình cảm , Xuyên việt , Dị năng , Ngọt văn , Tùy thân không gian , Mỹ thực , Nữ cường",Hoàn thành,1192292,80,24,141,https://wikicv.net/truyen/bao-sung-doc-the-mau-than-muon-phien-thi-WVxSee8h7H1ZYeNe
"Trọng sinh quốc dân nam thần: Chín thiếu, thỉnh chỉ giáo!",Thỏ Kỉ Đích Hồ La Bắc,"Nguyên sang , Ngôn tình , Hiện đại , HE , Tình cảm , Ngọt văn , Trọng sinh , Phong thủy , Hào môn thế gia , Giả heo ăn hổ , Thị giác nữ chủ",Chưa xác minh,1190141,3796,32,246,https://wikicv.net/truyen/trong-sinh-quoc-dan-nam-than-chin-thieu--XDaN_1S4CBGK8pli
"Trọng sinh thập niên 70: Quân tẩu, có điểm điền",Tử Huyễn Mê Tình,"Nguyên sang , Ngôn tình , Hiện đại , HE , Tình cảm , Trọng sinh",Hoàn thành,1186401,699,8,91,https://wikicv.net/truyen/trong-sinh-thap-nien-70-quan-tau-co-diem-WilP7u8h7EmeglJD
Cực phẩm nữ tiên,Kim Linh Động,"Nguyên sang , Ngôn tình , Cổ đại , HE , Tiên hiệp , Tu chân , Xuyên việt",Hoàn thành,1186283,3464,34,999,https://wikicv.net/truyen/cuc-pham-nu-tien-WBYpQnCVfFgE4meX
Vai ác mẹ ruột Phật hệ hằng ngày,Bệ Hạ Bất Thượng Triều,"Nguyên sang , Ngôn tình , Hiện đại , HE , Tình cảm , Xuyên việt , Ngọt văn , Xuyên thư , Giới giải trí , Sảng văn , Nhẹ nhàng , Kim bài đề cử 🥇",Hoàn thành,1185358,2299,99,600,https://wikicv.net/truyen/vai-ac-me-ruot-phat-he-hang-ngay-W4DYElS4CFRcAMvD
Xuyên nhanh chuyên nghiệp vả mặt chỉ nam,Phượng Tê Đồng,"Nguyên sang , Ngôn tình , Hiện đại , HE , Tình cảm , Xuyên việt , Xuyên nhanh , Nữ phụ , Sảng văn , Nghịch tập , 1v1",Hoàn thành,1185145,12995,118,1930,https://wikicv.net/truyen/xuyen-nhanh-chuyen-nghiep-va-mat-chi-nam-XQRmilS4CAVy6YWH
Trọng sinh 60 kiều thê có không gian,Lục Thành Phong,"Nguyên sang , Ngôn tình , Cận đại , HE , Tình cảm , Xuyên việt , Tùy thân không gian",Hoàn thành,1176061,314,12,11,https://wikicv.net/truyen/trong-sinh-60-kieu-the-co-khong-gian-X9gbTFS4CHS0pp0V
"Ẩn hôn thiên hậu, bá nghiện!",Cô Mộc Song,"Nguyên sang , Ngôn tình , Hiện đại , HE , Tình cảm , Võ hiệp , Ngọt văn , Trọng sinh , Sinh con , Hào môn thế gia , Giới giải trí , Sảng văn , Nhẹ nhàng , Giang hồ ân oán , Đô thị tình duyên , Giả heo ăn hổ , Thị giác nữ chủ",Hoàn thành,1175161,2340,11,127,https://wikicv.net/truyen/an-hon-thien-hau-ba-nghien-W4i9tlS4CHY2Vrnt
Tà Đế độc phi: Thần y đại tiểu thư,Dạ Âm Như Tuyết,"Nguyên sang , Ngôn tình , Cổ đại , HE , Tình cảm , Huyền huyễn , Tu chân , Xuyên việt , Ma pháp , Ngọt văn , Trọng sinh , Thú nhân , Song khiết 🕊️ , Tùy thân không gian , Thăng cấp lưu , Đấu khí , Hài hước , Nữ cường , 1v1",Chưa xác minh,1173374,209,18,244,https://wikicv.net/truyen/ta-de-doc-phi-than-y-dai-tieu-thu-WdR2uO8h7G3g9aId
Tuyệt sắc nguyên tố sư: Tà Vương tiểu dã phi,Vi Nhĩ Xuyên Cao Cân Hài,"Nguyên sang , Ngôn tình , Cổ đại , HE , Tình cảm , Xuyên việt , Ngọt văn , Cung đình hầu tước , Nữ cường",Hoàn thành,1171040,305,8,214,https://wikicv.net/truyen/tuyet-sac-nguyen-to-su-ta-vuong-tieu-da--WTPfZ%7E8h7DiZQBTZ
Khắc phu nông nữ khuynh phú thiên hạ,Ngũ Nguyệt Tử Đinh Hương,"Nguyên sang , Ngôn tình , Cổ đại , HE , Tình cảm , Làm ruộng , Xuyên việt , Dị năng , Tùy thân không gian , Làm giàu",Hoàn thành,1170484,1639,36,291,https://wikicv.net/truyen/khac-phu-nong-nu-khuynh-phu-thien-ha-WF0PGXCVfGNxgr2C
Tà Đế cường thế sủng: Bá thượng độc y tiểu cuồng hậu,Kim Thị,"Nguyên sang , Ngôn tình , Cổ đại , HE , Tình cảm , Huyền huyễn , Dị thế , Ngọt văn , Thần tiên yêu quái , Trạch đấu , Cung đình hầu tước , Thiên chi kiêu tử , Nữ cường , 1v1 , Thị giác nữ chủ",Hoàn thành,1169973,56,8,216,https://wikicv.net/truyen/ta-de-cuong-the-sung-ba-thuong-doc-y-tie-WiVQ5%7E8h7CFNfPP%7E
Nghịch thiên tà y: Thú hắc Vương gia phế tài phi,Phong Tiểu Thiên,"Nguyên sang , Ngôn tình , Cổ đại , HE , Tình cảm , Huyền huyễn , Tu chân , Xuyên việt , Ngọt văn",Hoàn thành,1168351,512,20,203,https://wikicv.net/truyen/nghich-thien-ta-y-thu-hac-vuong-gia-phe--WWEaa%7E8h7FLjrzQv
Cô Vợ Hợp Đồng Lạnh Lùng Không Dễ Đụng Đâu,Diệp Thất,"Nguyên sang , Ngôn tình , Hiện đại , HE , Tình cảm , Hào môn thế gia , Cẩu huyết , Ngược văn , Khế ước tình nhân , Vả mặt , 1v1",Hoàn thành,1166916,8,6,2,https://wikicv.net/truyen/co-vo-hop-dong-lanh-lung-khong-de-dung-d-XifIXlS4CCoAHkFd
Trọng sinh mạt thế: Quân trưởng mạnh nhất ngọt thê,Hoài Nha Đầu,"Nguyên sang , Ngôn tình , Hiện đại , HE , Tình cảm , Khoa học viễn tưởng , Mạt thế , Huyền huyễn , Dị năng , Ngọt văn , Trọng sinh , Song khiết 🕊️ , Tùy thân không gian , Nữ cường , Ngược tra",Hoàn thành,1163872,1502,35,203,https://wikicv.net/truyen/trong-sinh-mat-the-quan-truong-manh-nhat-WZ_wXe8h7GhSHXuB
Tà Vương thần phi: Y tay che trời,Bần Chủy Tiểu Nha Đầu,"Nguyên sang , Ngôn tình , Cổ đại , HE , Tình cảm , Quan trường , Xuyên việt , Y thuật",Hoàn thành,1163140,1097,18,244,https://wikicv.net/truyen/ta-vuong-than-phi-y-tay-che-troi-WbT5zO8h7ES25Rgb
Xuyên nhanh: Bệnh kiều nam chủ hắn lại ghen tị / Mãn cấp nữ thần liêu nhân công lược [ xuyên nhanh ],Lam Thủ,"Nguyên sang , Ngôn tình , Cổ đại , Cận đại , Hiện đại , Tương lai , HE , OE , Tình cảm , Khoa học viễn tưởng , Mạt thế , Dị thế , Tu chân , Dị năng , Ngọt văn , Hệ thống , Xuyên nhanh , Tinh tế , Hào môn thế gia , Vườn trường , Cung đình hầu tước , Sảng văn , Đô thị tình duyên , Thiên chi kiêu tử , Ngược tra , Nghịch tập , Vả mặt , 1v1 , Thị giác nữ chủ",Hoàn thành,1161947,3753,99,426,https://wikicv.net/truyen/xuyen-nhanh-benh-kieu-nam-chu-han-lai-gh-YkFqM1S4CBz5KEo8
Trọng sinh không gian: Thiên tài y nữ,Yên Vân Mộng,"Nguyên sang , Ngôn tình , Hiện đại , HE , Tình cảm , Kinh thương , Huyền huyễn , Tu chân , Ngọt văn , Trọng sinh , Song khiết 🕊️ , Tùy thân không gian , Làm giàu , Hào môn thế gia , Cường cường , Y thuật , Đô thị tình duyên , Duyên trời tác hợp , Ngược tra",Hoàn thành,1160751,479,9,105,https://wikicv.net/truyen/trong-sinh-khong-gian-thien-tai-y-nu-WdO_Ie8h7HS_WXSI
Xuyên thành thiên tài pháo hôi hắn tiểu dì,Tần Hoàng,"Nguyên sang , Ngôn tình , Cận đại , Hiện đại , HE , Tình cảm , Ngọt văn , Song khiết 🕊️ , Xuyên thư , Làm giàu , Hào môn thế gia , Vườn trường , Sảng văn , Pháo hôi , Kim bài đề cử 🥇 , Kim Bảng 🏆 , Ngược tra , Vả mặt , 1v1",Hoàn thành,1159799,7776,428,2906,https://wikicv.net/truyen/xuyen-thanh-thien-tai-phao-hoi-han-tieu--YDiyJVS4CBzr4md5
Vượng phu mệnh,Nam Đảo Anh Đào,"Nguyên sang , Ngôn tình , Cổ đại , HE , Tình cảm , Làm ruộng , Quan trường , Làm giàu , Cung đình hầu tước , Sảng văn , Ấm áp , Duyên trời tác hợp , Kim bài đề cử 🥇 , Kim Bảng 🏆 , 1v1 , Thị giác nữ chủ",Hoàn thành,1158823,2736,73,863,https://wikicv.net/truyen/vuong-phu-menh-XFnEi2He7FWvH1%7E5
Trà xanh nữ xứng thật sự không nghĩ hồng,Đường Hoàn Hoàn,"Nguyên sang , Ngôn tình , Hiện đại , HE , Tình cảm , Ngọt văn , Hệ thống , Xuyên thư , Cổ xuyên kim , Hào môn thế gia , Nữ phụ , Trạch đấu , Giới giải trí , Sảng văn , Nhẹ nhàng , Hài hước , Kim bài đề cử 🥇 , Nữ cường , Ngược tra , Vả mặt , 1v1 , Song xuyên , Thị giác nữ chủ , Thật giả thiên kim",Hoàn thành,1157338,6901,455,2988,https://wikicv.net/truyen/tra-xanh-nu-xung-that-su-khong-nghi-hong-X3sd4lS4CDF7o6cN
Trọng sinh 70: Đoàn sủng vượng gia tiểu tức phụ,Nam Phương Lệ Chi,"Nguyên sang , Ngôn tình , Hiện đại , HE , Tình cảm , Làm ruộng , Ngọt văn , Trọng sinh , Cổ xuyên kim , Làm giàu , Nhẹ nhàng , Đô thị tình duyên , Thị giác nữ chủ , Cẩm lý thể chất",Hoàn thành,1149698,3779,53,522,https://wikicv.net/truyen/trong-sinh-70-doan-sung-vuong-gia-tieu-t-YCgEjFS4CBZeDvAR
Mau xuyên: Nữ phụ không ấn kịch bản tới,Tiếu Ý Viêm Viêm,"Nguyên sang , Ngôn tình , Cổ đại , Hiện đại , HE , Tình cảm , Khoa học viễn tưởng , Huyền huyễn , Ngọt văn , Hệ thống , Song khiết 🕊️ , Xuyên nhanh , Nữ phụ , Pháo hôi , Ngược tra",Hoàn thành,1149375,1975,45,316,https://wikicv.net/truyen/mau-xuyen-nu-phu-khong-an-kich-ban-toi-WRW9ru8h7HljCdVO
Năm cái đại lão quỳ gối ta trước mặt kêu mẹ,Nữ Vương Bất Tại Gia,"Nguyên sang , Ngôn tình , Hiện đại , HE , Tình cảm , Ngọt văn , Giới giải trí , Sảng văn , Kim bài đề cử 🥇",Hoàn thành,1149348,3306,186,982,https://wikicv.net/truyen/nam-cai-dai-lao-quy-goi-ta-truoc-mat-keu-XX28Y1S4CH80YMFg
👑 Quốc sắc sinh hương,Tiếu Giai Nhân,"Nguyên sang , Ngôn tình , Cổ đại , HE , Tình cảm , Ngọt văn , Trọng sinh , Cung đình hầu tước , Kim bài đề cử 🥇",Hoàn thành,1149271,1672,87,1068,https://wikicv.net/truyen/quoc-sac-sinh-huong-WPblfe8h7AcjO14Q
Ái thê tận xương: Độc chiếm đệ nhất lãnh thiếu,Trực Thượng Thanh Vân,"Nguyên sang , Ngôn tình , Hiện đại , HE , Tình cảm , Xuyên việt , Ngọt văn , Hào môn thế gia , Quân văn , Cường cường , Sảng văn , Nữ cường , Ngược tra , 1v1",Hoàn thành,1147419,428,26,12,https://wikicv.net/truyen/ai-the-tan-xuong-doc-chiem-de-nhat-lanh--Wb7FuO8h7CssjfcZ
"Nông nữ quá bưu hãn: Phu quân, không thể trêu vào!",Cơ Dạ Vũ,"Nguyên sang , Ngôn tình , Cổ đại , HE , Tình cảm , Làm ruộng , Xuyên việt , Ngọt văn , Song khiết 🕊️ , Trạch đấu , Cung đình hầu tước , Nữ cường , Ngược tra",Hoàn thành,1142744,268,8,10,https://wikicv.net/truyen/nong-nu-qua-buu-han-phu-quan-khong-the-t-Wo6Ole8h7Ega7%7EGs
Trọng sinh chi tận thế độc sủng,Hoa Hoa Liễu,"Nguyên sang , Ngôn tình , Hiện đại , HE , Tình cảm , Khoa học viễn tưởng , Mạt thế , Báo thù , Dị năng , Ngọt văn , Trọng sinh , Song khiết 🕊️ , Tùy thân không gian , Thiên chi kiêu tử , Ngược tra , 1v1",Hoàn thành,1136436,2406,75,555,https://wikicv.net/truyen/trong-sinh-chi-tan-the-doc-sung-WT0RxO8h7EKYD6c8
Phế sài cửu tiểu thư: Độc y tà phi,Lăng Vi Tuyết Thiến,"Nguyên sang , Ngôn tình , Cổ đại , HE , Tình cảm , Huyền huyễn , Tu chân , Xuyên việt , Ngọt văn",Hoàn thành,1136195,129,9,17,https://wikicv.net/truyen/phe-sai-cuu-tieu-thu-doc-y-ta-phi-WZEUpO8h7BKIOPOj
Trọng sinh chi nghịch chuyển tiên đồ,Vụ Thỉ Dực,"Nguyên sang , Ngôn tình , Cổ đại , HE , Tiên hiệp , Tu chân , Xuyên việt , Trọng sinh , Thần tiên yêu quái , Song khiết 🕊️ , Xuyên thư , Nữ biến nam , Nữ phụ , Cường cường , Linh dị thần quái",Hoàn thành,1133884,7257,260,2065,https://wikicv.net/truyen/trong-sinh-chi-nghich-chuyen-tien-do-WBAUknCVfE2YLSst
Trở lại 70 dưỡng nhãi con,Khả Nhạc Nịnh Mông,"Nguyên sang , Ngôn tình , Hiện đại , HE , Tình cảm , Làm ruộng , Ngọt văn , Xuyên thư , Làm giàu , Pháo hôi , Thị giác nữ chủ , Niên đại văn",Hoàn thành,1132788,1245,48,92,https://wikicv.net/truyen/tro-lai-70-duong-nhai-con-YG3WT0bIjgvdEiTR
Dục hỏa độc nữ,Tâm Tĩnh Như Lam,"Nguyên sang , Ngôn tình , Cổ đại , HE , Tình cảm , Báo thù , Trọng sinh , Cung đấu , Y thuật , Nữ cường , 1v1",Hoàn thành,1132026,578,18,90,https://wikicv.net/truyen/duc-hoa-doc-nu-XERXj1S4CDWxjgGx
Phiên cửa sổ làm án: Lão công thủ hạ lưu tình,Xán Miểu Ái Ngư,"Nguyên sang , Ngôn tình , Hiện đại , HE , Tình cảm , Ngọt văn , Song khiết 🕊️ , Làm giàu , Hào môn thế gia , Nhẹ nhàng , Hài hước , Đô thị tình duyên , Duyên trời tác hợp",Hoàn thành,1131464,5,12,3,https://wikicv.net/truyen/phien-cua-so-lam-an-lao-cong-thu-ha-luu--WYv_YO8h7AHyHR2a
Ta bị hệ thống hố ở 60,Hồ Đồ,"Nguyên sang , Ngôn tình , Hiện đại , HE , OE , Tình cảm , Quan trường , Xuyên việt , Hệ thống , Song khiết 🕊️ , Thăng cấp lưu , Cận thủy lâu đài , Kim bài đề cử 🥇 , Nữ cường , 1v1 , Thị giác nữ chủ , Bình dân sinh hoạt",Hoàn thành,1130508,7528,329,1755,https://wikicv.net/truyen/ta-bi-he-thong-ho-o-60-XQsKtlS4CCmxXY%7Em
"99 thứ ly hôn: Lệ thiếu, thỉnh điệu thấp",Vạn Lí Lí,"Nguyên sang , Ngôn tình , Hiện đại , HE , Tình cảm , Ngọt văn , Trọng sinh , Hào môn thế gia",Hoàn thành,1128621,27,2,27,https://wikicv.net/truyen/99-thu-ly-hon-le-thieu-thinh-dieu-thap-WJK9bzu260E8gXkk
Phu nhân nàng áo choàng lại oanh động toàn thành,Linh Tiểu Ca,"Nguyên sang , Ngôn tình , Hiện đại , OE , Tình cảm , Ngọt văn , Hào môn thế gia , Thăng cấp lưu , Sảng văn , Giả heo ăn hổ",Chưa xác minh,1128173,4438,50,82,https://wikicv.net/truyen/phu-nhan-nang-ao-choang-lai-oanh-dong-to-XyewW1S4CHNoLccI
60 chi giết heo thợ mất sớm khuê nữ,Kình Ngư Bất Tại Tuyến,"Nguyên sang , Ngôn tình , Hiện đại , HE , Tình cảm , Làm ruộng , Xuyên việt , Ngọt văn , Kim Bảng 🏆 , 1v1 , Thị giác nữ chủ , Niên đại văn",Hoàn thành,1127451,8141,63,1883,https://wikicv.net/truyen/60-chi-giet-heo-tho-mat-som-khue-nu-ZmUWAlS4CA9vWkDv
Tiếu hán sủng nông thê: Cái này nương tử hảo cay,Đóa Tịch,"Nguyên sang , Ngôn tình , Cổ đại , HE , Tình cảm , Làm ruộng , Xuyên việt , Ngọt văn",Hoàn thành,1127408,761,12,127,https://wikicv.net/truyen/tieu-han-sung-nong-the-cai-nay-nuong-tu--WMVLFu8h7Cu%7Ea3Gp
Bá đạo tổng tài cầu ôm một cái,Bắc Chi,"Nguyên sang , Ngôn tình , Hiện đại , HE , Tình cảm , Ngọt văn , Hào môn thế gia , Đô thị tình duyên , Duyên trời tác hợp , 1v1",Hoàn thành,1126091,6,1,3,https://wikicv.net/truyen/ba-dao-tong-tai-cau-om-mot-cai-WumdDu8h7GS41cLi
Quỷ đế sủng thê: Độc y nghịch thiên phi,Lưu Li Họa Nhiễm,"Nguyên sang , Ngôn tình , Cổ đại , HE , Tình cảm , Huyền huyễn , Báo thù , Dị thế , Xuyên việt , Ngọt văn , Song khiết 🕊️ , Trạch đấu , Cường cường , Cung đình hầu tước , Giang hồ ân oán , Ngược tra",Hoàn thành,1125690,819,23,130,https://wikicv.net/truyen/quy-de-sung-the-doc-y-nghich-thien-phi-WdEUwu8h7Gb52qAF
Không gian điền viên y phi,Lãnh Thanh Mộc,"Nguyên sang , Ngôn tình , Cổ đại , Hiện đại , Tương lai , HE , Tình cảm , Tiên hiệp , Khoa học viễn tưởng , Huyền huyễn , Dị thế , Tu chân , Xuyên việt , Trọng sinh , Xuyên nhanh , Tùy thân không gian , Tinh tế , Làm giàu , NP , Vị diện , Y thuật , Cung đình hầu tước , Sảng văn , Nhẹ nhàng , Kiếp trước kiếp này",Hoàn thành,1125039,2407,9,234,https://wikicv.net/truyen/khong-gian-dien-vien-y-phi-Xo3BI1S4CBHsayQY
Mang theo kho hàng trọng sinh,Ngã Tẫn Lực Liễu,"Nguyên sang , Ngôn tình , Cận đại , HE , Tình cảm , Trọng sinh , Tùy thân không gian , Làm giàu",Hoàn thành,1124541,2445,40,264,https://wikicv.net/truyen/mang-theo-kho-hang-trong-sinh-Xsy1BVS4CDBXkJm6
Hồng trang chí tôn: Tà Đế nịch sủng tiểu man phi,Mạn Mạn Khinh Chỉ,"Nguyên sang , Ngôn tình , Cổ đại , OE , Tình cảm , Huyền huyễn , Dị thế , Tu chân , Xuyên việt , Tùy thân không gian , Trạch đấu , Thiên chi kiêu tử , Nữ cường , Ngược tra",Chưa xác minh,1124251,2244,28,228,https://wikicv.net/truyen/hong-trang-chi-ton-ta-de-nich-sung-tieu--WjErue8h7Fg_cQmx
Trọng sinh thập niên 50 có không gian,Hồng Thiêu Đậu Hủ Càn,"Nguyên sang , Ngôn tình , Cận đại , HE , Tình cảm , Làm ruộng , Xuyên việt , Ngọt văn , Tùy thân không gian , Làm giàu , Nhẹ nhàng , Thanh thủy văn , Ấm áp , Song xuyên",Hoàn thành,1123712,831,35,203,https://wikicv.net/truyen/trong-sinh-thap-nien-50-co-khong-gian-WjHwYe8h7BGIH5ak
Tận xương ấm hôn,Đại Chu Chu,"Nguyên sang , Ngôn tình , Hiện đại , HE , Tình cảm , Hào môn thế gia , Đô thị tình duyên",Hoàn thành,1122485,1,4,1,https://wikicv.net/truyen/tan-xuong-am-hon-W6TCwVS4CDOSOgA9
"Mau xuyên nghịch tập: Vai ác nam thần, cầu buông tha!",Thâm Lam Thủy Thiển,"Nguyên sang , Ngôn tình , Cổ đại , Hiện đại , Tương lai , HE , Tình cảm , Khoa học viễn tưởng , Huyền huyễn , Ngọt văn , Hệ thống , Song khiết 🕊️ , Xuyên nhanh , Tinh tế , Pháo hôi , Nữ cường , Nghịch tập , 1v1",Hoàn thành,1120698,1995,105,724,https://wikicv.net/truyen/mau-xuyen-nghich-tap-vai-ac-nam-than-cau-WX8BeO8h7H41vNVQ
Thâm tình nữ chủ OOC rồi [ xuyên nhanh ] / Ngược văn nữ chủ nuông chiều hằng ngày / Trà xanh nữ chủ cùng nam xứng ở bên nhau,Cam Mễ Nhi,"Nguyên sang , Ngôn tình , Cổ đại , Hiện đại , HE , Tình cảm , Ngọt văn , Xuyên thư , Hào môn thế gia , Giới giải trí , Vườn trường , Cung đình hầu tước , Nhẹ nhàng , Nhiều CP , Đô thị tình duyên , Ấm áp , Kim bài đề cử 🥇 , Kim Bảng 🏆 , 1v1 , Thị giác nữ chủ , Xuyên thành vai chính",Hoàn thành,1120185,8730,301,2012,https://wikicv.net/truyen/tham-tinh-nu-chu-ooc-roi-xuyen-nhanh-ngu-YivhelS4CDn5RWRl
Kim bài đích nữ: Rắn rết nhị tiểu thư,Cẩm Hồng Loan,"Nguyên sang , Ngôn tình , Cổ đại , HE , Tình cảm , Báo thù , Ngọt văn , Trọng sinh , Hào môn thế gia , Nữ phụ , Trạch đấu , Cung đình hầu tước , Nữ cường , Ngược tra , Nghịch tập",Hoàn thành,1113400,1214,7,128,https://wikicv.net/truyen/kim-bai-dich-nu-ran-ret-nhi-tieu-thu-Wh1WMO8h7GhvbV6p
Điện cạnh đại thần yêu thầm ta,Chiến Thất Thiếu,"Nguyên sang , Ngôn tình , Hiện đại , HE , Tình cảm , Ngọt văn , Song khiết 🕊️ , Vườn trường , Nhẹ nhàng , Đô thị tình duyên , Trò chơi , Cải trang giả dạng , Cận thủy lâu đài , 1v1 , Thị giác nữ chủ",Chưa xác minh,1111959,3830,51,487,https://wikicv.net/truyen/dien-canh-dai-than-yeu-tham-ta-WqjEIO8h7GWrq%7Ei1
Bị đoạt khí vận nguyên phối trọng sinh,Tần Hoàng,"Nguyên sang , Ngôn tình , Hiện đại , HE , Tình cảm , Ngọt văn , Trọng sinh , Xuyên thư , Sảng văn , Nhẹ nhàng , Kim bài đề cử 🥇 , 1v1 , Thị giác nữ chủ , Niên đại văn",Hoàn thành,1105469,5976,156,2120,https://wikicv.net/truyen/bi-doat-khi-van-nguyen-phoi-trong-sinh-YV_uDlS4CD2%7E3nGm
Hoàng gia sủng tức,Thải Điền,"Nguyên sang , Ngôn tình , Cổ đại , HE , Tình cảm , Ngọt văn , Trọng sinh , Hào môn thế gia , Cung đấu , Cung đình hầu tước",Hoàn thành,1102533,1694,26,777,https://wikicv.net/truyen/hoang-gia-sung-tuc-WHTwdTu26yYAo2xT
Xuyên nhanh: Xuyên thành pháo hôi sau nàng táp bạo,Lam Bạch Cách Tử,"Nguyên sang , Ngôn tình , Cổ đại , Hiện đại , Tương lai , HE , Tình cảm , Khoa học viễn tưởng , Mạt thế , Huyền huyễn , Ngọt văn , Hệ thống , Xuyên nhanh , Giới giải trí , Vườn trường , Cung đình hầu tước , Sảng văn , Nhẹ nhàng , Đô thị tình duyên , Pháo hôi , Nữ cường , Ngược tra , Nghịch tập , Vả mặt , 1v1 , Thị giác nữ chủ",Hoàn thành,1100064,6636,157,1387,https://wikicv.net/truyen/xuyen-nhanh-xuyen-thanh-phao-hoi-sau-nan-Ynxa3FS4CDeLL0VX
"Trọng sinh dị năng độc y: Ác ma tiểu thúc, thực sủng ái",Lương Phi Nhi,"Nguyên sang , Ngôn tình , Hiện đại , HE , Tình cảm , Huyền huyễn , Dị năng , Ngọt văn , Trọng sinh , Song khiết 🕊️ , Tùy thân không gian , Hào môn thế gia , Y thuật , Sảng văn , Ngược tra",Hoàn thành,1098566,466,19,39,https://wikicv.net/truyen/trong-sinh-di-nang-doc-y-ac-ma-tieu-thuc-Wz30re8h7FFwgds3
Chồng trước lùng bắt lệnh: Phúc hắc Boss ngốc manh thê,Trình Ninh Tĩnh,"Nguyên sang , Ngôn tình , Hiện đại , HE , Tình cảm , Ngược văn , Đô thị tình duyên",Hoàn thành,1098512,126,2,3,https://wikicv.net/truyen/chong-truoc-lung-bat-lenh-phuc-hac-boss--XUZgzFS4CAbICU4h
Mau xuyên: Công lược hắc hóa nam chủ,Hoa Sinh Tương,"Nguyên sang , Ngôn tình , Cổ đại , Hiện đại , HE , OE , Tình cảm , Khoa học viễn tưởng , Hệ thống , Song khiết 🕊️ , Xuyên nhanh , Nữ cường",Hoàn thành,1096960,2825,50,1406,https://wikicv.net/truyen/mau-xuyen-cong-luoc-hac-hoa-nam-chu-WRQW3%7E8h7Aoyd1FX
Ốm yếu vai ác chăn nuôi chỉ nam,Tiểu Hài Ái Cật Đường,"Nguyên sang , Ngôn tình , Hiện đại , HE , Tình cảm , Ngọt văn , Song khiết 🕊️ , Xuyên thư , Hào môn thế gia , Nữ phụ , Vườn trường , Song hướng yêu thầm , Nhẹ nhàng , Cận thủy lâu đài , Ấm áp , Xuyên thành vai ác , Kim bài đề cử 🥇 , 1v1 , Thị giác nữ chủ , Chữa lành",Hoàn thành,1095487,7100,710,2276,https://wikicv.net/truyen/om-yeu-vai-ac-chan-nuoi-chi-nam-XXUUbFS4CAs%7E2j6a
Tinh tế phát sóng trực tiếp: Nữ thần dùng ăn chỉ nam,Vân Diệp Trường Ca,"Nguyên sang , Ngôn tình , Tương lai , HE , Tình cảm , Khoa học viễn tưởng , Xuyên việt , Dị năng , Song khiết 🕊️ , Mỹ thực , Tinh tế , Làm giàu , Cơ giáp , Vườn trường , Sảng văn , Nhẹ nhàng , Phát sóng trực tiếp , Cổ đại xuyên tươg lai , Nữ cường",Tạm ngưng,1091596,3575,38,388,https://wikicv.net/truyen/tinh-te-phat-song-truc-tiep-nu-than-dung-WdeBo%7E8h7HQZh_j3
Tùy thân không gian nông nữ xoay người ký,Y Muội 1130,"Nguyên sang , Ngôn tình , Cổ đại , HE , Tình cảm , Làm ruộng , Tùy thân không gian , Xuyên thư , Nữ phụ , Cung đình hầu tước",Hoàn thành,1090210,29,15,11,https://wikicv.net/truyen/tuy-than-khong-gian-nong-nu-xoay-nguoi-k-WNxmne8h7DJdsJAQ
Phượng nghịch thiên hạ: Chiến thần sát thủ phi,Khinh Mặc Vũ,"Nguyên sang , Ngôn tình , Cổ đại , HE , Huyền huyễn , Tranh bá , Dị thế , Xuyên việt , Ngọt văn , Sảng văn",Hoàn thành,1087344,1038,12,153,https://wikicv.net/truyen/phuong-nghich-thien-ha-chien-than-sat-th-Wo5hr%7E8h7GgFrkuC
Lưu đày sau ta vị cực nhân thần,Quan Oánh Oánh,"Nguyên sang , Ngôn tình , Cổ đại , HE , Tình cảm , Làm ruộng , Xây dựng , Xuyên việt , Ngọt văn , Mỹ thực , Làm giàu , Hào môn thế gia , Cung đình hầu tước , Sảng văn , Nhẹ nhàng , Duyên trời tác hợp , Nữ cường , Thị giác nữ chủ",Hoàn thành,1086892,7454,176,1349,https://wikicv.net/truyen/luu-day-sau-ta-vi-cuc-nhan-than-Yj0kFlS4CFbq_J2z
(Xuyên nhanh) Đại lão đều yêu ta,Khai Hoa Bất Kết Quả,"Nguyên sang , Ngôn tình , Cổ đại , Cận đại , Hiện đại , HE , Tình cảm , Huyền huyễn , Ngọt văn , Thần tiên yêu quái , Xuyên nhanh , Hào môn thế gia , Giới giải trí , Vườn trường , Dân quốc , Cung đình hầu tước , Đô thị tình duyên , Kim bài đề cử 🥇 , 1v1 , Song xuyên , Thị giác nữ chủ",Hoàn thành,1085602,12572,657,4504,https://wikicv.net/truyen/xuyen-nhanh-dai-lao-deu-yeu-ta-XAvxrEbIjho3LVcG
Nông gia ác phụ,Nam Đảo Anh Đào,"Nguyên sang , Ngôn tình , Cổ đại , HE , Tình cảm , Làm ruộng , Xuyên việt , Ngọt văn , Song khiết 🕊️ , Mỹ thực , Làm giàu , Sảng văn , Kim bài đề cử 🥇 , Kim Bảng 🏆 , Nữ cường , 1v1 , Thị giác nữ chủ , Bình dân sinh hoạt",Hoàn thành,1085065,3480,122,932,https://wikicv.net/truyen/nong-gia-ac-phu-XGq6dFS4CEe4Iwrn
Tu tiên chi nữ xứng thản nhiên,Mộng Duyên Hồ Ngôn,"Nguyên sang , Ngôn tình , Cổ đại , HE , Tiên hiệp , Xuyên thư , Nữ phụ",Hoàn thành,1082433,3420,49,425,https://wikicv.net/truyen/tu-tien-chi-nu-xung-than-nhien-XYDf31S4CCTsrZ57
Mau xuyên nữ phụ: Nam chủ cầu đừng liêu,Ngô Gia Thất Thất,"Nguyên sang , Ngôn tình , Cổ đại , Hiện đại , HE , Tình cảm , Khoa học viễn tưởng , Huyền huyễn , Ngọt văn , Hệ thống , Song khiết 🕊️ , Xuyên nhanh , Nữ phụ , Nhẹ nhàng",Hoàn thành,1080315,3035,59,1257,https://wikicv.net/truyen/mau-xuyen-nu-phu-nam-chu-cau-dung-lieu-WOvpTe8h7EY94nmM
"Hỏi đáp buông xuống, từ phù hoa bị đâm lưng bắt đầu",Phù Hải,"Diễn sinh , Bách hợp , Cận đại , Hiện đại , OE , Tình cảm , Manga anime , Khoa học viễn tưởng , Trò chơi , Thị giác nữ chủ , Honkai",Hoàn thành,52036,68,17,13,https://wikicv.net/truyen/hoi-dap-buong-xuong-tu-phu-hoa-bi-dam-lu-Ydkh7_TaEDAWghJC
Ta thế nhưng xuyên qua thành phù phù!?,Nhất Bôi Cáp Sĩ Kỳ,"Diễn sinh , Bách hợp , Cổ đại , Cận đại , Hiện đại , OE , Tình cảm , Manga anime , Sinh tồn , Xuyên việt , Ma pháp , Nam biến nữ , NP , Thần thoại , Thế giới song song , Thị giác nữ chủ , Fate , Lữ hành",Còn tiếp,52015,1475,10,267,https://wikicv.net/truyen/ta-the-nhung-xuyen-qua-thanh-phu-phu-YslRXGHe7AO02xTr
Ahri kỳ diệu mạo hiểm,Phục Độc Cơ Ái Tương,"Diễn sinh , Bách hợp , Cổ đại , Cận đại , OE , Tình cảm , Manga anime , Thần tiên yêu quái , Nam biến nữ , NP , Thị giác nữ chủ , Liên Minh Huyền Thoại , Xuyên game",Còn tiếp,51971,1429,45,204,https://wikicv.net/truyen/ahri-ky-dieu-mao-hiem-YPVLADu2602_AcH4
"Sư tôn, ta này kịch bản sai rồi ( trọng sinh )",Thời Chước,"Nguyên sang , Bách hợp , Cổ đại , HE , Tình cảm , Tiên hiệp , Tu chân , Trọng sinh , Hệ thống , Xuyên thư , Chủ thụ",Hoàn thành,51956,620,40,188,https://wikicv.net/truyen/su-ton-ta-nay-kich-ban-sai-roi-trong-sin-YCagQFS4CAgmT1zq
Nữ tướng quân cùng tiểu phúc thê,Tửu Tiểu Hi,"Nguyên sang , Bách hợp , Cổ đại , HE , Tình cảm , Ngọt văn , Hào môn thế gia , Trạch đấu , Cưới trước yêu sau , Cung đình hầu tước , Nhẹ nhàng , Cận thủy lâu đài , Ấm áp , Nữ cường , 1v1",Hoàn thành,51915,518,9,84,https://wikicv.net/truyen/nu-tuong-quan-cung-tieu-phuc-the-XGwf1VS4CBkeXuec
"Nữ chủ đại nhân, ta sai rồi ( GL )",Nhạn Quá Ngô Ngân,"Nguyên sang , Bách hợp , Cổ đại , HE , Tình cảm , Xuyên thư , Pháo hôi , 1v1",Hoàn thành,51830,614,15,7,https://wikicv.net/truyen/nu-chu-dai-nhan-ta-sai-roi-gl-Wuhr9e8h7BTpayyi
Đại sư tỷ nàng không có tâm [ xuyên thư ],Dã Toán Tiêu Dao,"Nguyên sang , Bách hợp , Cổ đại , HE , Tình cảm , Tiên hiệp , Ngọt văn , Xuyên thư , Sư đồ , 1v1",Hoàn thành,51803,837,18,462,https://wikicv.net/truyen/dai-su-ty-nang-khong-co-tam-xuyen-thu-XyOgkDu260zta2kk
Nam chủ hậu viện cháy [ xuyên thư ],Thất Thiên Chiết Hí,"Nguyên sang , Bách hợp , Cổ đại , HE , Tình cảm , Xuyên việt , Ngọt văn , Xuyên thư , Chủ công , Nhẹ nhàng",Hoàn thành,51640,735,14,117,https://wikicv.net/truyen/nam-chu-hau-vien-chay-xuyen-thu-X2SJVmHe7HbksFuH
Lão tử chính là Alice!,Nhĩ NP Mãn Liễu Khoái Thượng!,"Diễn sinh , Bách hợp , Hiện đại , HE , Tình cảm , Manga anime , Nam biến nữ , NP , Thần thoại , Vị diện , Vô hạn lưu , Thế giới song song , Thị giác nữ chủ , Fate , Vô địch lưu , Marvel , Cthulhu , Hắc thủ lưu",Hoàn thành,51594,1055,66,109,https://wikicv.net/truyen/lao-tu-chinh-la-alice-YslPDju26224nrNY
Ta thật không phải quan vị ma thuật sư,Lâm Thời Công,"Diễn sinh , Bách hợp , Cổ đại , Hiện đại , SE , Manga anime , Xuyên việt , Ma pháp , Nam biến nữ , Thần thoại , Thăng cấp lưu , Thế giới song song , Thị giác nữ chủ , Triệu hoán lưu , Fate , Xuyên thành vai chính , Gương vỡ không lành , Đa nhân cách",Còn tiếp,51454,407,31,90,https://wikicv.net/truyen/ta-that-khong-phai-quan-vi-ma-thuat-su-YJ94djzLcg8i0wZf
Cái gì! Ngươi muốn ta làm Herrscher of Finality!,Tiếu Nguyệt,"Diễn sinh , Bách hợp , Hiện đại , OE , Manga anime , Khoa học viễn tưởng , Xuyên việt , Ma pháp , Thần tiên yêu quái , Nam biến nữ , Thế giới song song , Thị giác nữ chủ , Lữ hành , Song hệ thống , Honkai",Còn tiếp,51353,480,30,156,https://wikicv.net/truyen/cai-gi-nguoi-muon-ta-lam-herrscher-of-fi-YxH3flS4CEqV5Pne
Mạt thế chi lén đi GL,Tĩnh Hĩ,"Nguyên sang , Bách hợp , Tương lai , HE , Tình cảm , Mạt thế , Tùy thân không gian , Chủ thụ , Sảng văn",Hoàn thành,51316,634,19,378,https://wikicv.net/truyen/mat-the-chi-len-di-gl-XoX6n1S4CG0BbNe3
Xuyên đến tra A tra tấn nữ chủ trước,Hoa Sinh Tô Đường,"Nguyên sang , Bách hợp , Hiện đại , HE , Tình cảm , Xuyên thư , Chủ công , ABO , Nhẹ nhàng , Duyên trời tác hợp",Hoàn thành,51272,616,15,215,https://wikicv.net/truyen/xuyen-den-tra-a-tra-tan-nu-chu-truoc-YXOeWFS4CH%7EzAlIl
Xuyên qua sau ta sao có thể sẽ có nữ nhi,Trường Xúc Thủ Đích Hàm Ngư,"Nguyên sang , Bách hợp , Hiện đại , HE , Tình cảm , Nam biến nữ , NP , Chủ thụ , Nhẹ nhàng",Hoàn thành,51161,1990,19,610,https://wikicv.net/truyen/xuyen-qua-sau-ta-sao-co-the-se-co-nu-nhi-X7TIRlS4CBzeEqMB
Xuyên thư cưới ly hôn sau nữ chủ O,Quất Sắc Nhất Điểm Hồng,"Nguyên sang , Bách hợp , Hiện đại , HE , Tình cảm , Ngọt văn , Niên hạ , Xuyên thư , Chủ công , Hào môn thế gia , ABO",Hoàn thành,51112,762,18,290,https://wikicv.net/truyen/xuyen-thu-cuoi-ly-hon-sau-nu-chu-o-YnZbv1S4CHWZZ7to
"Ta, Shiba Mayuki, là cái muội muội",Touko,"Diễn sinh , Bách hợp , Cận đại , Hiện đại , Tương lai , OE , Tình cảm , Manga anime , Khoa học viễn tưởng , Xuyên việt , Ma pháp , Thị giác nữ chủ , Vô địch lưu",Còn tiếp,51093,438,60,10,https://wikicv.net/truyen/ta-shiba-mayuki-la-cai-muoi-muoi-YWGq8Tu26wPaXxJC
Xuyên thư: Cùng ảnh hậu ẩn hôn sau ta đỏ,Lê Minh Tô Đả Tử,"Nguyên sang , Bách hợp , Hiện đại , HE , Tình cảm , Ngọt văn , Trọng sinh , Hào môn thế gia , Nữ phụ , Giới giải trí , Chủ thụ , Khế ước tình nhân , Nhẹ nhàng , Kiếp trước kiếp này , Đô thị tình duyên , 1v1",Hoàn thành,51058,449,12,298,https://wikicv.net/truyen/xuyen-thu-cung-anh-hau-an-hon-sau-ta-do-Yfn9llS4CCdFLKn0
Xuyên thành luyến ái não tra vai ác,Phương Tiện Diện Quân,"Nguyên sang , Bách hợp , Cổ đại , HE , Tình cảm , Ngọt văn , Trọng sinh , Xuyên thư , Sảng văn , Nhẹ nhàng , Hỗ công , Cải trang giả dạng , Xuyên thành vai ác , 1v1",Hoàn thành,50950,367,7,30,https://wikicv.net/truyen/xuyen-thanh-luyen-ai-nao-tra-vai-ac-ZAIpIVS4CEiiJIa9
Giả Thái Tử thế thân [ xuyên thư ],Lưu Li Tiên Thảo,"Nguyên sang , Bách hợp , Cổ đại , HE , Tình cảm , Xuyên việt , Ngọt văn , Xuyên thư , Chủ công , Nhẹ nhàng , Duyên trời tác hợp",Hoàn thành,50911,731,5,175,https://wikicv.net/truyen/gia-thai-tu-the-than-xuyen-thu-YB%7EY2VS4CDXixj4O
Bạn gái cũ hiểu biết một chút ［ mau xuyên ］,Tiểu Ngô Quân,"Nguyên sang , Bách hợp , Cận đại , Hiện đại , HE , Tình cảm , Khoa học viễn tưởng , Ngọt văn , Xuyên nhanh , Cường cường , Chủ thụ , Duyên trời tác hợp , 1v1",Hoàn thành,50859,775,9,265,https://wikicv.net/truyen/ban-gai-cu-hieu-biet-mot-chut-mau-xuyen-W%7EBh8VS4CCgnDtTl
Cổ đại nữ nhân thật đáng sợ!,Phong Vũ,"Nguyên sang , Bách hợp , Cổ đại , HE , Tình cảm , Võ hiệp , Dị thế , Xuyên việt , Cẩu huyết , NP , Chủ thụ , Nhẹ nhàng , Giang hồ ân oán , Hài hước , Ấm áp , Duyên trời tác hợp",Hoàn thành,50830,197,6,40,https://wikicv.net/truyen/co-dai-nu-nhan-that-dang-so-XNetcVS4CGVgR7em
Phò mã nàng trọng sinh,Hoặc Hứa Hữu Nhất Thiên,"Nguyên sang , Bách hợp , Cổ đại , HE , Tình cảm , Ngọt văn , Trọng sinh , Nhẹ nhàng , Hỗ công , Cải trang giả dạng",Hoàn thành,50712,201,6,70,https://wikicv.net/truyen/pho-ma-nang-trong-sinh-XtQq11S4CFE01FpR
Ta cảm thấy học y cứu không được thế nhân,Ngoạn Phôi Đích Ngoạn Cụ,"Diễn sinh , Bách hợp , Cổ đại , HE , Manga anime , Xuyên việt , Nam biến nữ , Thị giác nữ chủ , Âm Dương Sư",Hoàn thành,50544,1077,32,94,https://wikicv.net/truyen/ta-cam-thay-hoc-y-cuu-khong-duoc-the-nha-XqZsL1S4CDQMqoII
Đảo Loạn Đấu Phá GL Đồng Nghiệp,Long Lang,"Diễn sinh , Bách hợp , Cổ đại , OE , Võ hiệp , Manga anime , Xuyên việt , Xuyên thư , Đấu khí",Hoàn thành,50535,246,47,68,https://wikicv.net/truyen/dao-loan-dau-pha-gl-dong-nghiep-Xg8S8VS4CEi9pV5o
Ta bổn phúc hậu (gl),Tuyệt Ca,"Nguyên sang , Bách hợp , Cổ đại , HE , Tình cảm , Huyền huyễn , Tu chân , Làm giàu , Hào môn thế gia , Ngược văn , Cường cường , Thanh mai trúc mã , Thăng cấp lưu , Thiên chi kiêu tử , Ấm áp",Hoàn thành,50509,232,13,135,https://wikicv.net/truyen/ta-bon-phuc-hau-gl-Wa%7ENUu8h7CFJrCp6
Hậu Cung Cứu Vớt Kế Hoạch,Bắc Thành Mặc Cảnh,"Nguyên sang , Bách hợp , Cổ đại , HE , Tiên hiệp , Tu chân , Hệ thống , Xuyên thư , Nữ phụ , Chủ thụ , Kim bài đề cử 🥇 , Ngược tra , Vả mặt , Bạch nguyệt quang",Hoàn thành,50365,964,14,277,https://wikicv.net/truyen/hau-cung-cuu-vot-ke-hoach-XKxdNju26xRUeVMJ
Quái vật bạn gái,Hữu Tình Khách,"Nguyên sang , Bách hợp , Hiện đại , HE , Tình cảm , Mạt thế , Dị năng , Hỗ công",Hoàn thành,50232,1147,14,426,https://wikicv.net/truyen/quai-vat-ban-gai-X9Gj%7ElS4CCT5g9br
Arknights Yae Sakura,Lâm Đăng one,"Diễn sinh , Bách hợp , Hiện đại , OE , Manga anime , Huyền huyễn , Dị thế , Xuyên việt , Thú nhân , Hệ thống , Vô địch lưu , Xuyên game",Hoàn thành,50161,848,22,360,https://wikicv.net/truyen/arknights-yae-sakura-YCj00Tu26yrsVVv0
Gryffindor bạo lực nữ vu,Kim Thiên Đích Nhân Phẩm Trị Thị:1,"Diễn sinh , Bách hợp , Cận đại , Hiện đại , OE , Manga anime , Khoa học viễn tưởng , Sinh tồn , Ma pháp , Thần tiên yêu quái , Harry Potter , Tây huyễn , Thế giới song song , Thị giác nữ chủ , Vô địch lưu",Hoàn thành,50147,1138,14,84,https://wikicv.net/truyen/gryffindor-bao-luc-nu-vu-Yyi3_UbIjlSfU0G7
Muội khống bách hợp chi lữ,Khinh Vũ Mạn Kiếm,"Diễn sinh , Bách hợp , Cổ đại , Hiện đại , HE , Manga anime , Xuyên việt , Ma pháp , Hệ thống , Nam biến nữ , Vườn trường , Vị diện , Vô hạn lưu , Thăng cấp lưu , Nhẹ nhàng , Hài hước , Thế giới song song , Thị giác nữ chủ , Lữ hành",Tạm ngưng,50106,1152,40,174,https://wikicv.net/truyen/muoi-khong-bach-hop-chi-lu-YLexMTzLckN1CkmR
Một giấc ngủ dậy mạt thế làm sao bây giờ ( GL ),Hạ Chí Bạch Dạ,"Nguyên sang , Bách hợp , Hiện đại , HE , Tình cảm , Mạt thế , Xuyên việt , Trọng sinh , Nhẹ nhàng",Hoàn thành,50077,1450,13,341,https://wikicv.net/truyen/mot-giac-ngu-day-mat-the-lam-sao-bay-gio-WrG%7EV%7E8h7DE00SmN
"Ta, Seele, ở Honkai thế giới quấy rối",Diệu Chi Băng Vũ,"Diễn sinh , Bách hợp , Tương lai , HE , Manga anime , Xuyên việt , Hệ thống , Nam biến nữ , Thăng cấp lưu , Sảng văn , Nhẹ nhàng , Nhiều CP , Trò chơi , Thế giới song song , Thị giác nữ chủ , Vô địch lưu",Hoàn thành,50006,981,32,291,https://wikicv.net/truyen/ta-seele-o-honkai-the-gioi-quay-roi-XugkCTu26yv%7ESPZh
Trọng sinh sau ta cùng bạn gái cũ kết hôn gl,Thị Nguyên Thuần,"Nguyên sang , Bách hợp , Hiện đại , HE , Tình cảm , Trọng sinh , Gương vỡ lại lành , Chủ thụ , Nhẹ nhàng , Kim bài đề cử 🥇 , 1v1 , Song trọng sinh",Hoàn thành,49931,345,7,119,https://wikicv.net/truyen/trong-sinh-sau-ta-cung-ban-gai-cu-ket-ho-XoRV2VS4CEUMG0xp
Tổ truyền một trăm triệu,Bạch Xuyên Giới Tử,"Nguyên sang , Bách hợp , Cổ đại , HE , Tình cảm , Tiên hiệp , Huyền huyễn , Tu chân , Chủ công , Sảng văn , Nhẹ nhàng , Trò chơi , Kim bài đề cử 🥇",Hoàn thành,49904,739,12,196,https://wikicv.net/truyen/to-truyen-mot-tram-trieu-YIE8i1S4CG7V8G_k
"Tối nay, Alice gia nhập săn thú",Cửu Uyên,"Diễn sinh , Bách hợp , Hiện đại , OE , Manga anime , Khoa học viễn tưởng , Phim ảnh , Dị thế , Xuyên việt , Ma pháp , Dị năng , Tinh tế , Cường cường , Thần thoại , Vị diện , Vô hạn lưu , Sảng văn , Phương Tây , Thế giới song song , Nữ cường , Linh dị thần quái , Phim Anh Mỹ , Thị giác nữ chủ , Fate , Trùng tộc , Học bá , Xuyên về thế giới cũ , Gundam , Kỹ thuật lưu , Cao nhân lưu , Chức nghiệp tinh anh , Resident Evil , Kanmusu , Đệ tứ thiên tai , Xuyên game",Hoàn thành,49850,1979,21,483,https://wikicv.net/truyen/toi-nay-alice-gia-nhap-san-thu-XkZNFFS4CBXgkrEH
Đương đại ma đầu biến thành tiểu khả ái ( trọng sinh ),Giang Sừ Táng Hoa,"Nguyên sang , Bách hợp , Cổ đại , HE , Tình cảm , Tiên hiệp , Ngọt văn , Trọng sinh , Niên thượng , Nhẹ nhàng , Dưỡng thành , Duyên trời tác hợp , Song trọng sinh",Hoàn thành,49775,385,18,219,https://wikicv.net/truyen/duong-dai-ma-dau-bien-thanh-tieu-kha-ai--XWp5XTu26zMN6BN2
Ta có bị công lược hệ thống,Lưu Lệ Uông Uông Đầu,"Diễn sinh , Bách hợp , Hiện đại , OE , Tình cảm , Manga anime , Xuyên việt , Hệ thống , Vườn trường , NP , Thế giới song song , Thị giác nữ chủ",Còn tiếp,49752,2461,18,670,https://wikicv.net/truyen/ta-co-bi-cong-luoc-he-thong-Yso6FmHe7BfWMKpW
Nữ chủ O cư nhiên yêu thầm ta [ xuyên thư ],Triều Thanh Mộ Hạnh,"Nguyên sang , Bách hợp , Hiện đại , HE , Tình cảm , Ngọt văn , Xuyên thư , ABO , Giới giải trí Hàn , Pháo hôi , Thị giác nữ chủ",Tạm ngưng,49677,563,23,212,https://wikicv.net/truyen/nu-chu-o-cu-nhien-yeu-tham-ta-xuyen-thu-X_lNS1S4CESZHN5V
Tân hoan,Thảo Tửu Đích Khiếu Hoa Tử,"Nguyên sang , Bách hợp , Hiện đại , HE , Tình cảm , Hỗ công , Cận thủy lâu đài , Duyên trời tác hợp",Hoàn thành,49596,622,9,488,https://wikicv.net/truyen/tan-hoan-XvahHlS4CG8BxVXm
Destiny nhất tiết Valkyrie,Đông Phương Hồng Bạch Chúc,"Diễn sinh , Bách hợp , Hiện đại , OE , Tình cảm , Manga anime , Khoa học viễn tưởng , Sinh tồn , Xuyên việt , Ma pháp , Hệ thống , NP , Thần thoại , Thế giới song song , Thị giác nữ chủ , Chữa lành , Lữ hành , Honkai",Còn tiếp,49577,1360,38,242,https://wikicv.net/truyen/destiny-nhat-tiet-valkyrie-YsofHfTaEF%7EQ4LPR
Ta cùng vai ác đua công trạng! [ xuyên nhanh ],Đồ Đồ Họa Họa,"Nguyên sang , Bách hợp , Cổ đại , Hiện đại , HE , Tình cảm , Ngọt văn , Xuyên nhanh , Sảng văn , Nhẹ nhàng , Hỗ công",Hoàn thành,49482,2087,15,338,https://wikicv.net/truyen/ta-cung-vai-ac-dua-cong-trang-xuyen-nhan-Zaao7Tu26wwgo25m
Đấu la: Thiên Nhận Tuyết nghịch tập,Tần Công Tử Lương Phủ,"Diễn sinh , Bách hợp , Cổ đại , OE , Huyền huyễn , Xuyên việt , Nghịch tập , 1v1 , Thị giác nữ chủ , Đấu La đại lục",Chưa xác minh,49393,1012,12,133,https://wikicv.net/truyen/dau-la-thien-nhan-tuyet-nghich-tap-Ym3w_lS4CGf8sD9T
Xuyên qua chi tiểu sinh sống,Đại Mộng Tri Phù Sinh,"Nguyên sang , Bách hợp , Cổ đại , HE , Tình cảm , Nữ biến nam , Nhẹ nhàng , Bình dân sinh hoạt",Hoàn thành,49331,876,6,198,https://wikicv.net/truyen/xuyen-qua-chi-tieu-sinh-song-ZL3qOFS4CFifwgft
Tân tiếu ngạo chi đương Đông Phương bạch gặp gỡ Đông Phương giáo chủ gl,Tiểu Gia Thị Đông Phương Bạch,"Diễn sinh , Bách hợp , Cổ đại , HE , Tình cảm , Võ hiệp , Xuyên việt , Chủ công , 1v1 , Thị giác nữ chủ",Hoàn thành,49318,302,3,117,https://wikicv.net/truyen/tan-tieu-ngao-chi-duong-dong-phuong-bach-WzLp8e8h7GqVZZdo
Ta cùng nam chủ đoạt nữ nhân,Nhất Tịch Phong Nguyệt,"Nguyên sang , Bách hợp , Cổ đại , HE , Tình cảm , Hệ thống , Xuyên thư , Cường cường , Cung đình hầu tước , Sảng văn , Hỗ công , Cải trang giả dạng , 1v1",Hoàn thành,49313,411,40,199,https://wikicv.net/truyen/ta-cung-nam-chu-doat-nu-nhan-Ye%7ElxFS4CGm1Kcpa
Hufflepuff vĩnh không tăng ca,Lappy,"Diễn sinh , Bách hợp , Cận đại , OE , Tình cảm , Manga anime , Ma pháp , Harry Potter , Duyên trời tác hợp , Thế giới song song , Thị giác nữ chủ , Chậm nhiệt",Còn tiếp,49305,989,28,294,https://wikicv.net/truyen/hufflepuff-vinh-khong-tang-ca-YmOK2ju263fyugJQ
Xuyên qua chi đi ra thế ngoại gl,Phương Tiện Diện Quân,"Nguyên sang , Bách hợp , Cổ đại , HE , Tình cảm , Xuyên việt , Hệ thống , Chủ công , Thăng cấp lưu , Sảng văn , Tiểu bạch văn",Hoàn thành,49126,976,5,340,https://wikicv.net/truyen/xuyen-qua-chi-di-ra-the-ngoai-gl-Xm9xJzzLclgUbDlt
Xuyên nhanh chi vả mặt tra nam hộ chuyên nghiệp,Loạn Lăng Không,"Nguyên sang , Bách hợp , Cổ đại , Cận đại , Hiện đại , HE , Tình cảm , Báo thù , Xuyên việt , Ngọt văn , Hệ thống , Xuyên nhanh , Chủ công , Sảng văn , Nữ cường , Ngược tra , Vả mặt",Hoàn thành,48691,200,22,38,https://wikicv.net/truyen/xuyen-nhanh-chi-va-mat-tra-nam-ho-chuyen-XIyvR1S4CD7jMPVn
Song hậu,Minh Dã,"Nguyên sang , Bách hợp , Cổ đại , HE , Tình cảm , Cung đình hầu tước , Nhẹ nhàng , Thiên chi kiêu tử",Hoàn thành,48662,75,6,73,https://wikicv.net/truyen/song-hau-Xw_HBFS4CETAO3Mb
"Bị cấm tái sau, ta trở thành ngựa đua nương huấn luyện viên",Cygames Thiên Hạ Đệ Nhất,"Diễn sinh , Bách hợp , Hiện đại , OE , Tình cảm , Manga anime , Xuyên việt , Dị năng , Hệ thống , Thị giác nữ chủ , Lữ hành",Còn tiếp,48586,687,18,80,https://wikicv.net/truyen/bi-cam-tai-sau-ta-tro-thanh-ngua-dua-nuo-Y4re1mHe7A7PvrQh
Ta cũng xứng kiếm tiền?,Tài Bất Thị Y Khả,"Nguyên sang , Bách hợp , Hiện đại , OE , Tình cảm , Hệ thống , Làm giàu , Nam biến nữ , Sảng văn , Thế giới song song , Thị giác nữ chủ",Hoàn thành,48356,870,52,84,https://wikicv.net/truyen/ta-cung-xung-kiem-tien-YgTKJTu2610Jwcrk
Đương nữ xứng tay cầm kịch bản,Nhiệt Đáo Hôn Quyết,"Nguyên sang , Bách hợp , Hiện đại , HE , Tình cảm , Ngọt văn , Hào môn thế gia , Nữ phụ , Niên thượng , Chủ thụ , Nhẹ nhàng , Đô thị tình duyên , Cận thủy lâu đài , Ấm áp , Duyên trời tác hợp , 1v1 , Chức nghiệp tinh anh",Hoàn thành,48220,1419,22,465,https://wikicv.net/truyen/duong-nu-xung-tay-cam-kich-ban-X9iXIlS4CFiwO_mX
"Ta, Takamachi Nanoha, Starlight Breaker  máy phát xạ",Hàm Ngư 404,"Diễn sinh , Bách hợp , Hiện đại , HE , Manga anime , Xuyên việt , Ma pháp , Hệ thống , Nam biến nữ , NP , Vị diện , Vô hạn lưu , Thăng cấp lưu , Nhẹ nhàng , Hài hước , Duyên trời tác hợp , Thế giới song song , Thị giác nữ chủ , Vô địch lưu , Xuyên thành vai chính , Lữ hành",Hoàn thành,48110,1060,35,38,https://wikicv.net/truyen/ta-takamachi-nanoha-starlight-breaker-ma-YPUCvEbIjmi6Fye6
"Ta, Tokisaki Kurumi, là cái dạo chơi",Thiếu Nữ Luyến Thượng Tỷ Tỷ,"Nguyên sang , Bách hợp , Hiện đại , OE , Manga anime , Xuyên việt , Thị giác nữ chủ",Hoàn thành,47963,1215,24,77,https://wikicv.net/truyen/ta-tokisaki-kurumi-la-cai-dao-choi-XA_Rzzu26ztCAS2C
Nhược A nàng chỉ nghĩ sống đến cuối cùng,Nam Đằng Hữu Chi,"Nguyên sang , Bách hợp , Hiện đại , HE , Tình cảm , Ngọt văn , Xuyên thư , ABO , Giới giải trí , Chủ thụ , Khế ước tình nhân , Nhẹ nhàng",Hoàn thành,47928,247,26,83,https://wikicv.net/truyen/nhuoc-a-nang-chi-nghi-song-den-cuoi-cung-YWrwhVS4CHtz5jw%7E
Nhập ma,Hữu Tình Khách,"Nguyên sang , Bách hợp , Cổ đại , HE , Tình cảm , Tiên hiệp , Tu chân , Xuyên việt , Hỗ công , Kim bài đề cử 🥇 , 1v1",Hoàn thành,47871,688,8,224,https://wikicv.net/truyen/nhap-ma-X3MmnzzLcmYkR%7EoT
Mỹ cường thảm đại lão có đối tượng sau [ xuyên nhanh ],Thiên Mịch Hà,"Nguyên sang , Bách hợp , Cổ đại , Hiện đại , HE , Tình cảm , Ngọt văn , Xuyên nhanh , Nhẹ nhàng , Hỗ công , Thiên chi kiêu tử",Hoàn thành,47847,940,15,333,https://wikicv.net/truyen/my-cuong-tham-dai-lao-co-doi-tuong-sau-x-YUof2lS4CAy5aJ46
Hệ thống muốn ta cứu vớt ác độc nữ xứng,Nhất Chỉ Xú Ô Nha,"Nguyên sang , Bách hợp , Hiện đại , HE , Tình cảm , Hệ thống , Xuyên nhanh , Xuyên thư , Nữ phụ , Nhẹ nhàng , Hỗ công , Duyên trời tác hợp",Hoàn thành,47713,748,21,182,https://wikicv.net/truyen/he-thong-muon-ta-cuu-vot-ac-doc-nu-xung-YfLMY1S4CDONQL_F
Luyến ngươi nghiện [ giới giải trí ],Nghịch Thiêm,"Nguyên sang , Bách hợp , Hiện đại , HE , Tình cảm , Ngọt văn , Giới giải trí , Chủ thụ , Nhẹ nhàng , Kim bài đề cử 🥇",Hoàn thành,47712,560,6,172,https://wikicv.net/truyen/luyen-nguoi-nghien-gioi-giai-tri-W6SySVS4CHjcUaay
Chủ bá tiểu tỷ tỷ có mấy cái quỷ quái bạn gái a?,Tả Thủ Nhất Chỉ Cơ,"Nguyên sang , Bách hợp , Hiện đại , HE , OE , Tình cảm , Xuyên việt , Hệ thống , Chủ công , Nam biến nữ , NP , Thăng cấp lưu , Sảng văn , Nhẹ nhàng , Hài hước , Phát sóng trực tiếp , Đô thị tình duyên , Linh dị thần quái , Thị giác nữ chủ",Hoàn thành,47696,1223,20,278,https://wikicv.net/truyen/chu-ba-tieu-ty-ty-co-may-cai-quy-quai-ba-YYFUXju26xzspPkd
Võng du chi gian thương truyền kỳ,me Thị Tiểu Lang,"Nguyên sang , Bách hợp , Tương lai , HE , Tình cảm , Làm ruộng , Võng du , Thăng cấp lưu",Hoàn thành,47640,1638,13,277,https://wikicv.net/truyen/vong-du-chi-gian-thuong-truyen-ky-X2jWuFS4CAr3Oc5j
"Ảnh hậu tiểu kiều thê, tại tuyến giả vờ mất trí nhớ",Lương Bì Tựu Diện Bao,"Nguyên sang , Bách hợp , Hiện đại , HE , Tình cảm , Kinh dị , Xuyên thư , Hào môn thế gia , Cẩu huyết , Giới giải trí , Cưới trước yêu sau , Chủ thụ , Đô thị tình duyên , 1v1",Hoàn thành,47600,647,21,235,https://wikicv.net/truyen/anh-hau-tieu-kieu-the-tai-tuyen-gia-vo-m-XwLV9ju262HOamQN
Bắt cóc nam chủ bạch nguyệt quang [ xuyên thư ],Nghiên Trung Ý,"Nguyên sang , Bách hợp , Hiện đại , HE , Tình cảm , Ngọt văn , Xuyên thư , Chủ công , Sảng văn , Kim bài đề cử 🥇 , Vả mặt",Hoàn thành,47582,590,4,119,https://wikicv.net/truyen/bat-coc-nam-chu-bach-nguyet-quang-xuyen--Xlz7z1S4CFyMVQmf
Ảnh hậu ẩn hôn,Văn Nhã Ai Cập Miêu,"Nguyên sang , Bách hợp , Hiện đại , HE , Tình cảm , Giới giải trí , Cường cường , Hỗ công , Đô thị tình duyên , Cận thủy lâu đài , Kim bài đề cử 🥇",Hoàn thành,47576,308,1,5,https://wikicv.net/truyen/anh-hau-an-hon-XyoUsVS4CF4WZum%7E
Honkai thế giới chi K424,Hy,"Diễn sinh , Bách hợp , Hiện đại , HE , Manga anime , Xuyên việt , Nam biến nữ , Thăng cấp lưu , Nhẹ nhàng , Nhiều CP , Dưỡng thành , Thế giới song song , Thị giác nữ chủ",Tạm ngưng,47553,330,19,100,https://wikicv.net/truyen/honkai-the-gioi-chi-k424-X0cDBEbIjm_l8si7
Ta ở dị thế giới sắm vai manga anime nhân vật,Mặc Nhiễm Đích Bất Hủ Tiểu Thảo,"Diễn sinh , Bách hợp , Hiện đại , OE , Manga anime , Huyền huyễn , Xuyên việt , Nam biến nữ , Tây huyễn , Thị giác nữ chủ , Genshin",Còn tiếp,47466,522,42,403,https://wikicv.net/truyen/ta-o-di-the-gioi-sam-vai-manga-anime-nha-Y14CJEbIjgyXLJUX
"Phu nhân, ngươi hôm nay đã thích ta sao ( GL )",Đông Phương Độ,"Nguyên sang , Bách hợp , Cận đại , Hiện đại , HE , Tình cảm , Ngọt văn , Cường cường , Song hướng yêu thầm , Hỗ công , Kim bài đề cử 🥇 , 1v1",Hoàn thành,47443,70,1,21,https://wikicv.net/truyen/phu-nhan-nguoi-hom-nay-da-thich-ta-sao-g-W4jWrFS4CHY2Vrqm
Luận Cảm Hóa Đối Phương Một Trăm Loại Phương Pháp,Khuynh Nguyệt Lưu Li,"Nguyên sang , Bách hợp , Cổ đại , Cận đại , Hiện đại , HE , Tình cảm , Khoa học viễn tưởng , Xuyên việt , Ngọt văn , Hệ thống , Xuyên nhanh , Chủ thụ , Sảng văn , Kim bài đề cử 🥇",Hoàn thành,47427,380,10,222,https://wikicv.net/truyen/luan-cam-hoa-doi-phuong-mot-tram-loai-ph-WmWHK%7E8h7FvvSJQ5
Bị tra lúc sau,Giang Nhất Thủy,"Nguyên sang , Bách hợp , Hiện đại , HE , Tình cảm , Ngọt văn , Niên hạ , Chủ công , Giới giải trí , Nhẹ nhàng , Đô thị tình duyên",Hoàn thành,47421,786,10,223,https://wikicv.net/truyen/bi-tra-luc-sau-X68xpVS4CAq_9DFr
Thiên vị/ Ảnh hậu là tra quá ta tiền nhiệm,Thời Thiên Từ,"Nguyên sang , Bách hợp , Hiện đại , HE , Tình cảm , Gương vỡ lại lành , Giới giải trí , Cường cường , Nhẹ nhàng , Hỗ công , Chế phục tình duyên , 1v1",Hoàn thành,47345,712,5,220,https://wikicv.net/truyen/thien-vi-anh-hau-la-tra-qua-ta-tien-nhie-X0EwOVS4CHX9Q6%7Ej
Ngọt đến cuối cùng cái gì cần có đều có ( xuyên nhanh ),Ngung Ngung,"Nguyên sang , Bách hợp , Cổ đại , Hiện đại , HE , Tình cảm , Ngọt văn , Hệ thống , Xuyên nhanh , Chủ công , Nhẹ nhàng , Vả mặt , 1v1",Hoàn thành,47330,609,18,305,https://wikicv.net/truyen/ngot-den-cuoi-cung-cai-gi-can-co-deu-co--YB%7E2xFS4CDXixlKY
hp Frances Obuskini gl ( toàn viên ooc ),Trí Ngã Đích Não Động Quân,"Diễn sinh , Bách hợp , Cận đại , Hiện đại , HE , Huyền huyễn , Ma pháp , Harry Potter , Hỗ công , Tây huyễn , Thị giác nữ chủ",Hoàn thành,47204,160,1,53,https://wikicv.net/truyen/hp-frances-obuskini-gl-toan-vien-ooc-XLv4RFS4CBJYuiSg
Thiên cổ đệ nhất tướng,Chanh Trấp Cảm Tạ,"Nguyên sang , Bách hợp , Cổ đại , HE , Tình cảm , Quan trường , Xuyên việt , Ngọt văn , Hệ thống , Song khiết 🕊️ , Cường cường , Cung đình hầu tước , Hỗ công , Kiếp trước kiếp này , Cận thủy lâu đài , Duyên trời tác hợp , 1v1",Hoàn thành,47118,896,10,172,https://wikicv.net/truyen/thien-co-de-nhat-tuong-W5ef51S4CAeVqqu%7E
Lão bà của ta siêu hung ( xuyên nhanh ),Bát Bộ Liên Tâm,"Nguyên sang , Bách hợp , Cổ đại , Hiện đại , HE , Tình cảm , Ngọt văn , Hệ thống , Xuyên nhanh , Chủ công , Sảng văn , Nhẹ nhàng",Hoàn thành,47100,212,9,30,https://wikicv.net/truyen/lao-ba-cua-ta-sieu-hung-xuyen-nhanh-XwWen2He7Bx9hB5X
Bệnh mỹ nhân sư tôn ngàn tầng kịch bản,Thực Lộc Khách,"Nguyên sang , Bách hợp , Cổ đại , HE , Tình cảm , Tiên hiệp , Tu chân , Nhẹ nhàng , Hỗ công , Cận thủy lâu đài , Duyên trời tác hợp",Hoàn thành,47049,853,33,294,https://wikicv.net/truyen/benh-my-nhan-su-ton-ngan-tang-kich-ban-Ym9x6VS4CHwMLk1_
Phu nhân mỗi ngày đều muốn hại ta,Thiên Vũ Thành,"Nguyên sang , Bách hợp , Cổ đại , HE , Tình cảm , Làm ruộng , Hệ thống , Xuyên thư , ABO , Hoan hỉ oan gia , Nhẹ nhàng , Hỗ công , Bình dân sinh hoạt",Hoàn thành,47016,2054,11,864,https://wikicv.net/truyen/phu-nhan-moi-ngay-deu-muon-hai-ta-Z_5w8VS4CHsB0_GU
Đế quốc nữ xứng thăng chức nhớ gl,Ất Thuần,"Nguyên sang , Bách hợp , Tương lai , HE , Tình cảm , Trọng sinh , Xuyên thư , Sinh con , Tinh tế , Chủ thụ , Nhẹ nhàng , 1v1",Hoàn thành,47013,597,3,185,https://wikicv.net/truyen/de-quoc-nu-xung-thang-chuc-nho-gl-WfnwS%7E8h7AhAAlxS
Đệ nhất gian thần [ trọng sinh ],Phương Tiện Diện Quân,"Nguyên sang , Bách hợp , Cổ đại , HE , Tình cảm , Báo thù , Trọng sinh , Hào môn thế gia , Cung đình hầu tước , Cải trang giả dạng , Ngược tra",Hoàn thành,46970,263,10,120,https://wikicv.net/truyen/de-nhat-gian-than-trong-sinh-WUaFBu8h7D38QxPE
Này ác độc nữ xứng ta không làm nữa,Khương Trầm Dạng,"Nguyên sang , Bách hợp , Hiện đại , HE , Tình cảm , Ngọt văn , Chủ công , Hào môn thế gia , Giới giải trí , Sảng văn , Kim bài đề cử 🥇",Hoàn thành,46928,712,10,193,https://wikicv.net/truyen/nay-ac-doc-nu-xung-ta-khong-lam-nua-YK3MfjzLcnUNE02y
Tiểu bạch hoa tìm đường chết ký [ Xuyên nhanh ],Đào Hoa Thiên Thiên,"Nguyên sang , Bách hợp , Cổ đại , HE , Tình cảm , Ngọt văn , Hệ thống , Xuyên nhanh , Chủ thụ , Kiếp trước kiếp này , 1v1",Hoàn thành,46920,261,29,155,https://wikicv.net/truyen/tieu-bach-hoa-tim-duong-chet-ky-xuyen-nh-WvEsB%7E8h7DcnB6pL
Xuyên thư sau yêu đỉnh lưu ảnh hậu,Ái Cật Điềm Kết,"Nguyên sang , Bách hợp , Hiện đại , HE , Tình cảm , Ngọt văn , Xuyên thư , Chủ công , Hào môn thế gia , Giới giải trí , Nhẹ nhàng",Hoàn thành,46865,1109,7,157,https://wikicv.net/truyen/xuyen-thu-sau-yeu-dinh-luu-anh-hau-ZYt1XFS4CHoJApKl
Xuyên thư: Cùng nữ xứng cp bạo hồng giới giải trí,Ái Cật Điềm Kết,"Nguyên sang , Bách hợp , Hiện đại , HE , Tình cảm , Ngọt văn , Xuyên thư , Chủ công , Hào môn thế gia , Nữ phụ , Gương vỡ lại lành , Giới giải trí , Nhẹ nhàng , Đô thị tình duyên , 1v1 , Thị giác nữ chủ",Hoàn thành,46862,593,23,162,https://wikicv.net/truyen/xuyen-thu-cung-nu-xung-cp-bao-hong-gioi--YcaV_FS4CGiD%7Elhj
Shinigami-chan tới mất mặt,Tả Tác Thực Vật Độc Tác Địch Áo Đát,"Diễn sinh , Bách hợp , Hiện đại , HE , Manga anime , Phim ảnh , Xuyên việt , Dị năng , Hệ thống , Nam biến nữ , Vườn trường , Vị diện , Thăng cấp lưu , Nhẹ nhàng , Nhiều CP , Hài hước , Hitman Reborn , Duyên trời tác hợp , Thế giới song song , Thị giác nữ chủ , Fate , Vô địch lưu , Sát thủ , Trạch nữ , Đệ tứ thiên tai",Hoàn thành,46771,1703,23,357,https://wikicv.net/truyen/shinigami-chan-toi-mat-mat-YGFfmzzLchQGO%7EHU
Hắc liên hoa vai ác chỉ nghĩ có được ta,Hải Diêm Tạp Mạn Quất,"Nguyên sang , Bách hợp , Tương lai , HE , Tình cảm , Ngọt văn , Song khiết 🕊️ , Xuyên thư , Chủ công , ABO , Giới giải trí , 1v1",Hoàn thành,46737,593,14,172,https://wikicv.net/truyen/hac-lien-hoa-vai-ac-chi-nghi-co-duoc-ta-Yxwg3lS4CESfmwfd
Cưỡi con lừa hồi 60 niên đại,Nguyệt Luân Hư Vô,"Nguyên sang , Bách hợp , Cận đại , Hiện đại , HE , Tình cảm , Làm ruộng , Trọng sinh , Tùy thân không gian , Chủ công , Cải trang giả dạng",Hoàn thành,46673,434,4,145,https://wikicv.net/truyen/cuoi-con-lua-hoi-60-nien-dai-WkjwOe8h7CyrrMKL
Nữ pháo hôi bao lì xì đàn ( xuyên nhanh ),Đại Bảo Gia Nhị Bảo,"Nguyên sang , Bách hợp , Hiện đại , HE , Tình cảm , Xuyên nhanh , Xuyên thư , Nhẹ nhàng , Hỗ công , Đô thị tình duyên , Kim bài đề cử 🥇 , Nghịch tập",Hoàn thành,46655,1030,15,375,https://wikicv.net/truyen/nu-phao-hoi-bao-li-xi-dan-xuyen-nhanh-XnH3mTzLcjOtMj5x
Khai cục huyết tinh tình yêu! Fans nói ta có bệnh,Bổn Chỉ Giới,"Nguyên sang , Bách hợp , Hiện đại , HE , SE , Tình cảm , Xuyên việt , Hệ thống , Giới giải trí , Nhiều CP , Hài hước , Phát sóng trực tiếp , Thị giác nữ chủ",Hoàn thành,46648,1963,42,431,https://wikicv.net/truyen/khai-cuc-huyet-tinh-tinh-yeu-fans-noi-ta-ZMdTATu26y5RmjWb
Conan thế giới giả người qua đường thủ tục,Uy Nghiêm Mãn Mãn Đích Ba Tư Miêu,"Diễn sinh , Bách hợp , Hiện đại , OE , Tình cảm , Trinh thám , Manga anime , Nhẹ nhàng , Thị giác nữ chủ , Conan",Tạm ngưng,46613,732,23,92,https://wikicv.net/truyen/conan-the-gioi-gia-nguoi-qua-duong-thu-t-YfH8fju263YlHnpJ
Naruto chi lang khuyển,Miêu Khiếu Đích Sư Tử,"Diễn sinh , Bách hợp , Cổ đại , HE , Manga anime , Naruto",Hoàn thành,46561,620,3,195,https://wikicv.net/truyen/naruto-chi-lang-khuyen-Wv98f%7E8h7DOqB63B
Yukinoshita bạn học tuyệt đối yêu thầm ta,Phù Yêu,"Diễn sinh , Bách hợp , Hiện đại , HE , Manga anime , Hệ thống , Vườn trường , NP , Nhẹ nhàng , Hài hước , Duyên trời tác hợp , Thị giác nữ chủ , Vạn nhân mê",Hoàn thành,46549,2181,69,685,https://wikicv.net/truyen/yukinoshita-ban-hoc-tuyet-doi-yeu-tham-t-YIwODUbIji4t3lFL
"Honkai thế giới, ta khát vọng cứu rỗi",Vĩnh Dạ Mê Ly,"Diễn sinh , Bách hợp , Hiện đại , OE , Tình cảm , Manga anime , Khoa học viễn tưởng , Ma pháp , Thần thoại , Kiếp trước kiếp này , Duyên trời tác hợp , Thế giới song song , Tương ái tương sát , Thị giác nữ chủ , Chữa lành , Honkai",Hoàn thành,46493,503,53,30,https://wikicv.net/truyen/honkai-the-gioi-ta-khat-vong-cuu-roi-Yph7kfTaEDUayX9S
Tay mới pháo hôi tại tuyến bắt cóc nữ chủ [ xuyên nhanh ],Lai Cá Thượng Thượng Thiêm,"Nguyên sang , Bách hợp , Hiện đại , HE , Tình cảm , Ngọt văn , Xuyên nhanh , Chủ công , Duyên trời tác hợp",Hoàn thành,46464,635,21,249,https://wikicv.net/truyen/tay-moi-phao-hoi-tai-tuyen-bat-coc-nu-ch-aMVzRlS4CG7oZfmv
Pháo hôi điên phê mỹ nhân thức tỉnh rồi [ xuyên nhanh ],Nhân Gian Điềm Chanh,"Nguyên sang , Bách hợp , Cổ đại , Hiện đại , Tương lai , HE , Tình cảm , Xuyên nhanh , Chủ công , Sảng văn , Pháo hôi , Vả mặt , Điên phê , Hỏa táng tràng , Chính kịch",Hoàn thành,46314,754,38,143,https://wikicv.net/truyen/phao-hoi-dien-phe-my-nhan-thuc-tinh-roi--aJ1%7E41S4CHX%7EhSDN
Bá Đạo Hoàng Tỷ Yêu Ta!,Mặc Nhiễm Tiêu Phi,"Nguyên sang , Bách hợp , Cổ đại , HE , Tình cảm , Xuyên việt , Sinh con , Cung đấu , Niên thượng , Chủ thụ , Cung đình hầu tước , Nữ cường , Cường thủ hào đoạt",Hoàn thành,46242,195,10,35,https://wikicv.net/truyen/ba-dao-hoang-ty-yeu-ta-Xed%7E8lS4CFU4JZFX
Ta tra quá đối tượng đều cố chấp [ xuyên nhanh ],Quỳnh Cửu Khiêm,"Nguyên sang , Bách hợp , Cổ đại , Hiện đại , SE , OE , Tình cảm , Huyền huyễn , Báo thù , Hệ thống , Xuyên nhanh , Chủ thụ , Sảng văn , Ngược tra",Hoàn thành,46238,74,19,20,https://wikicv.net/truyen/ta-tra-qua-doi-tuong-deu-co-chap-xuyen-n-X4cPKUbIjkPrMNGO
"Arknights bắt chước khí, chúng ta chỉ là bằng hữu đúng không?",Thủ Hộ Thế Giới Đích Mỹ Hảo,"Diễn sinh , Bách hợp , Cận đại , OE , Tình cảm , Manga anime , Sinh tồn , Xuyên việt , Ma pháp , Hệ thống , Thần tiên yêu quái , Nam biến nữ , NP , Thế giới song song , Thị giác nữ chủ , Chữa lành , Lữ hành",Hoàn thành,46122,828,42,178,https://wikicv.net/truyen/arknights-bat-chuoc-khi-chung-ta-chi-la--Y57CfjzLchlqLFdZ
Tra A không tra [ xuyên nhanh ],Thử Hòa Cao Ca,"Nguyên sang , Bách hợp , Hiện đại , HE , Tình cảm , Ngọt văn , Hệ thống , Xuyên nhanh , Xuyên thư , Chủ công , ABO",Hoàn thành,45924,1576,18,303,https://wikicv.net/truyen/tra-a-khong-tra-xuyen-nhanh-Ys0z9VS4CBLRv4gk
Đồ long thất bại biến thành Long tộc công chúa thực buồn cười sao?,mika Đích Thụy Sĩ Quyển,"Nguyên sang , Bách hợp , Cổ đại , OE , Tình cảm , Huyền huyễn , Dị thế , Ma pháp , Nam biến nữ , Thị giác nữ chủ , Lữ hành",Còn tiếp,45840,816,12,293,https://wikicv.net/truyen/do-long-that-bai-bien-thanh-long-toc-con-Y6hX2FS4CEV_OcO8
"Ta, Guizhong, ngủ say ngàn năm bị Hu Tao đào ra tới",Chỉ Miêu,"Diễn sinh , Bách hợp , Cổ đại , OE , Tình cảm , Manga anime , Xuyên việt , Ma pháp , Hệ thống , Thần tiên yêu quái , Nam biến nữ , Sảng văn , Thế giới song song , Thị giác nữ chủ , Genshin",Hoàn thành,45806,533,16,57,https://wikicv.net/truyen/ta-guizhong-ngu-say-ngan-nam-bi-hu-tao-d-Yj6_gTzLcjTkVxDW
Cứu vớt nữ nhị kế hoạch toàn diện thất bại,Phong Thính Lan,"Nguyên sang , Bách hợp , Hiện đại , HE , OE , Tình cảm , Xuyên việt , Hệ thống , Phong thủy , Chủ công , ABO , Giới giải trí , Cải trang giả dạng , Linh dị thần quái , 1v1 , Chữa lành",Hoàn thành,45628,985,28,324,https://wikicv.net/truyen/cuu-vot-nu-nhi-ke-hoach-toan-dien-that-b-YqDDJTu26xDYqUVd
Thật kỳ không nghĩ biến cá mặn,Giang Du,"Diễn sinh , Bách hợp , Hiện đại , OE , Tình cảm , Manga anime , Khoa học viễn tưởng , Ma pháp , NP , Thần thoại , Thanh mai trúc mã , Kiếp trước kiếp này , Duyên trời tác hợp , Thế giới song song , Thị giác nữ chủ , Lữ hành , Genshin , Honkai",Tạm ngưng,45600,328,21,90,https://wikicv.net/truyen/that-ky-khong-nghi-bien-ca-man-YlCkVTu260MdKD_f
"Nữ chủ, thỉnh buông tha bạch nguyệt quang [ xuyên nhanh ]",Mộc Tử Tinh,"Nguyên sang , Bách hợp , Cổ đại , Hiện đại , HE , Tình cảm , Xuyên việt , Ngọt văn , Hệ thống , Xuyên nhanh",Hoàn thành,45594,424,10,176,https://wikicv.net/truyen/nu-chu-thinh-buong-tha-bach-nguyet-quang-XKcc51S4CDk1mDKd
Conan thế giới đại kiếm,Miêu Khiếu Đích Sư Tử,"Diễn sinh , Bách hợp , Cận đại , Hiện đại , OE , Manga anime , Chủ công",Hoàn thành,45539,491,7,121,https://wikicv.net/truyen/conan-the-gioi-dai-kiem-WwDZOe8h7E_eLeB1
Chitanda siêu yêu cầu cao độ trọng sinh công lược,Cáp Sĩ Kỳ Khuẩn,"Diễn sinh , Bách hợp , Hiện đại , OE , Manga anime , Báo thù , Xuyên việt , Nam biến nữ , Hào môn thế gia , Vườn trường",Tạm ngưng,45519,658,33,93,https://wikicv.net/truyen/chitanda-sieu-yeu-cau-cao-do-trong-sinh--YBVemzzLciX5ze_b
Này cẩu huyết kịch bản các ngươi chính mình diễn đi,Tô Mộng Kỳ,"Nguyên sang , Bách hợp , Cổ đại , HE , Tình cảm , Tiên hiệp , Tu chân , Ngọt văn , Chủ công , Nhẹ nhàng , Kiếp trước kiếp này",Hoàn thành,45461,593,36,146,https://wikicv.net/truyen/nay-cau-huyet-kich-ban-cac-nguoi-chinh-m-YLu3TFS4CC_lEp3T
"Ta, Artoria, băng thanh ngọc khiết",Quá Nhất Thiên Toán Nhất Thiên,"Diễn sinh , Bách hợp , Cổ đại , Cận đại , Hiện đại , OE , Tình cảm , Manga anime , Xuyên việt , Ma pháp , Nam biến nữ , NP , Thần thoại , Thanh mai trúc mã , Thăng cấp lưu , Chủ thụ , Duyên trời tác hợp , Thế giới song song , Thị giác nữ chủ , Fate , Đế vương , Lữ hành",Hoàn thành,45451,257,19,100,https://wikicv.net/truyen/ta-artoria-bang-thanh-ngoc-khiet-YkGNVTu26zWrl6xo
Ly hôn sau bắt đầu yêu đương GL,Giang Sừ Táng Hoa,"Nguyên sang , Bách hợp , Cận đại , Hiện đại , HE , Tình cảm , Ngọt văn , Sinh con , Chủ công , Cẩu huyết , Gương vỡ lại lành , Nhẹ nhàng , 1v1",Hoàn thành,45424,211,16,109,https://wikicv.net/truyen/ly-hon-sau-bat-dau-yeu-duong-gl-YQsOolS4CGJ4w939
Ta dựa dán dán kiếm mệnh [ xuyên nhanh ],Điều Hí Quân Lâm Thiên Hạ,"Nguyên sang , Bách hợp , Cổ đại , Hiện đại , HE , Tình cảm , Ngọt văn , Hệ thống , Song khiết 🕊️ , Xuyên nhanh , Vị diện , Chủ thụ , 1v1",Hoàn thành,45404,1536,1,334,https://wikicv.net/truyen/ta-dua-dan-dan-kiem-menh-xuyen-nhanh-Zx3fdlS4CF7FOceV
Câu cá câu đến thế giới mạnh nhất,Lam Bạch Miêu,"Nguyên sang , Bách hợp , Cổ đại , HE , Huyền huyễn , Sinh tồn , Dị thế , Xuyên việt , Nam biến nữ , Thăng cấp lưu , Thị giác nữ chủ , Lữ hành",Hoàn thành,45325,843,14,59,https://wikicv.net/truyen/cau-ca-cau-den-the-gioi-manh-nhat-Y_zuWju26zeL5QFU
Vô hạn Long Thần tìm không trở về yên tĩnh,Ngốc Mao Thần,"Diễn sinh , Bách hợp , Cổ đại , Cận đại , Hiện đại , OE , Tình cảm , Manga anime , Xuyên việt , Vô hạn lưu , Thị giác nữ chủ",Hoàn thành,45323,883,51,102,https://wikicv.net/truyen/vo-han-long-than-tim-khong-tro-ve-yen-ti-YhIQwfTaEDZ9Giil
không thể diễn tả phao phao,Du Duyệt Đích Linh Đang,"Diễn sinh , Bách hợp , Cổ đại , Hiện đại , HE , Manga anime , Xuyên việt , Ma pháp , Thần tiên yêu quái , Thần thoại , Vị diện , Vô hạn lưu , Nhẹ nhàng , Nhiều CP , Hài hước , Ấm áp , Thế giới song song , Linh dị thần quái , Thị giác nữ chủ , Vô địch lưu",Hoàn thành,45302,683,27,165,https://wikicv.net/truyen/khong-the-dien-ta-phao-phao-YB1GYzzLchXKJ627
Xuyên thành quận chúa gia pháo hôi tiểu nha hoàn,Chanh Trấp Cảm Tạ,"Nguyên sang , Bách hợp , Cổ đại , HE , Tình cảm , Ngọt văn , Xuyên thư , Chủ thụ , Cung đình hầu tước , Nhẹ nhàng",Hoàn thành,45284,792,12,302,https://wikicv.net/truyen/xuyen-thanh-quan-chua-gia-phao-hoi-tieu--X2Tg8DzLcm4iNV7z
Ta thật không phải loli,Mạt Thế Tam Tàng,"Nguyên sang , Bách hợp , Hiện đại , OE , Tình cảm , Huyền huyễn , Nam biến nữ , Phát sóng trực tiếp",Chưa xác minh,45260,252,11,80,https://wikicv.net/truyen/ta-that-khong-phai-loli-WX2xnO8h7DyMNQPo
Rốt cuộc là ai thức tỉnh rồi ( xuyên nhanh ),Ngung Ngung,"Nguyên sang , Bách hợp , Cổ đại , Hiện đại , HE , Tình cảm , Báo thù , Trọng sinh , Xuyên nhanh , Chủ công , Ngược tra",Hoàn thành,45260,1794,26,511,https://wikicv.net/truyen/rot-cuoc-la-ai-thuc-tinh-roi-xuyen-nhanh-Z0v%7EdFS4CAPtuCjD
Hoàn mỹ tình nhân,Na Đoan Mễ Lương,"Nguyên sang , Bách hợp , Tương lai , HE , Tình cảm , Ngọt văn , Chủ thụ , Khế ước tình nhân , Nhẹ nhàng , Duyên trời tác hợp",Hoàn thành,45204,1106,6,242,https://wikicv.net/truyen/hoan-my-tinh-nhan-X7f2jlS4CAfrwqZP
Triệu hoán sinh tồn,L Tứ X Tịch Y,"Nguyên sang , Bách hợp , Tương lai , HE , Tình cảm , Mạt thế , Trọng sinh , Hệ thống , Chủ công , Cường cường",Hoàn thành,45203,573,17,285,https://wikicv.net/truyen/trieu-hoan-sinh-ton-XmhxHFS4CAtpfiD1
Ta cấp nữ chủ quản ao cá,Trung Biên,"Nguyên sang , Bách hợp , Hiện đại , HE , Tình cảm , Xuyên thư , Chủ công , Nhẹ nhàng , Đô thị tình duyên",Hoàn thành,45165,811,13,278,https://wikicv.net/truyen/ta-cap-nu-chu-quan-ao-ca-YB2k3VS4CE92svcH
Xuyên thành du mục nữ thủ lĩnh,Lưu Li Tiên Thảo,"Nguyên sang , Bách hợp , Cổ đại , HE , Tình cảm , Xuyên việt , Ngọt văn , Chủ công , Sảng văn , Nhẹ nhàng",Hoàn thành,45038,684,10,199,https://wikicv.net/truyen/xuyen-thanh-du-muc-nu-thu-linh-ZDWIQvTaEAf1vY88
"Ta, Arthur vương, Saber Alter",Thương Chi Cảnh Giới,"Diễn sinh , Bách hợp , Cổ đại , Cận đại , Hiện đại , OE , Tình cảm , Manga anime , Khoa học viễn tưởng , Xuyên việt , Thị giác nữ chủ , Fate",Tạm ngưng,45016,1261,34,255,https://wikicv.net/truyen/ta-arthur-vuong-saber-alter-YNA_fkbIjj1oxb0a
Vai ác trầm mê làm ruộng sau [ xuyên nhanh ],Phương Tiện Diện Quân,"Nguyên sang , Bách hợp , Hiện đại , HE , OE , Tình cảm , Làm ruộng , Xuyên việt , Ngọt văn , Hệ thống , Xuyên nhanh , Chủ công , Sảng văn , Nhẹ nhàng , Kim bài đề cử 🥇 , 1v1 , Song xuyên , Chậm nhiệt",Hoàn thành,44863,255,15,121,https://wikicv.net/truyen/vai-ac-tram-me-lam-ruong-sau-xuyen-nhanh-YEL461S4CDFkUj0P
Xuyên thành hào môn bạch liên hoa [ xuyên thư ],Lưu Sử Sở Vận,"Nguyên sang , Bách hợp , Hiện đại , HE , Tình cảm , Ngọt văn , Xuyên thư , Nữ phụ , Giới giải trí , Chủ thụ , Nhẹ nhàng",Hoàn thành,44755,294,21,114,https://wikicv.net/truyen/xuyen-thanh-hao-mon-bach-lien-hoa-xuyen--XpbOPVS4CBld2Rlj
Biến thành hồ nương ta bị chân long Thánh Nữ bắt được,Hồ Bạch,"Nguyên sang , Bách hợp , Cổ đại , HE , Tình cảm , Huyền huyễn , Xuyên việt , Hệ thống , Nam biến nữ , Thăng cấp lưu , Tây huyễn",Còn tiếp,44734,752,18,170,https://wikicv.net/truyen/bien-thanh-ho-nuong-ta-bi-chan-long-than-XnrNJkbIjmUOSbUU
Hảo mộng thành song [ xuyên thư ],Yên Ba Điếu Nguyệt,"Nguyên sang , Bách hợp , Hiện đại , HE , Tình cảm , Ngọt văn , Hệ thống , Niên hạ , Xuyên thư , Giới giải trí , Chủ thụ , Sảng văn , Nhẹ nhàng , 1v1",Hoàn thành,44723,404,14,89,https://wikicv.net/truyen/hao-mong-thanh-song-xuyen-thu-XpgfrlS4CHbt%7EUZ4
Người trong thiên hạ đều hâm mộ ta,Lưu Li Tiên Thảo,"Nguyên sang , Bách hợp , Cổ đại , HE , Tình cảm , Hoan hỉ oan gia , Cải trang giả dạng , Duyên trời tác hợp",Hoàn thành,44700,209,4,96,https://wikicv.net/truyen/nguoi-trong-thien-ha-deu-ham-mo-ta-W3mph1S4CAgmNhbT
Trở thành nữ chủ ác độc vợ trước,Vấn Tây Lai Ý,"Nguyên sang , Bách hợp , Hiện đại , HE , Tình cảm , Ngọt văn , Giới giải trí , Sảng văn , Nhẹ nhàng , Hỗ công , Đô thị tình duyên , 1v1",Hoàn thành,44697,418,9,180,https://wikicv.net/truyen/tro-thanh-nu-chu-ac-doc-vo-truoc-XweAHVS4CHkRAJb0
Sơn Thần trời giáng kiều thê,Lũ Ngọc Tài Băng,"Nguyên sang , Bách hợp , Cổ đại , HE , Tình cảm , Làm ruộng , Hồng hoang , Nhẹ nhàng , Hỗ công , Bình dân sinh hoạt",Hoàn thành,44645,747,22,310,https://wikicv.net/truyen/son-than-troi-giang-kieu-the-XxnGC1S4CHeyb2yX
Xuyên thư nữ xứng sủng thê hằng ngày,Sư Lang,"Nguyên sang , Bách hợp , Hiện đại , HE , Tình cảm , Xuyên thư",Hoàn thành,44569,86,3,31,https://wikicv.net/truyen/xuyen-thu-nu-xung-sung-the-hang-ngay-XFRIDlS4CH5U8gTO
Ở phía trước nhậm trên đầu phi ngựa [ trọng sinh ],Giang Mộ Vô Trần,"Nguyên sang , Bách hợp , Hiện đại , HE , Tình cảm , Ngọt văn , Trọng sinh , Niên hạ , Chủ công , Giới giải trí",Hoàn thành,44564,687,21,197,https://wikicv.net/truyen/o-phia-truoc-nham-tren-dau-phi-ngua-tron-XrPd7Tu26zkCKK8A
Bàn tay vàng ta đổi chủ nhân! [ xuyên nhanh ],Đồ Đồ Họa Họa,"Diễn sinh , Bách hợp , Cổ đại , Hiện đại , HE , Tình cảm , Hệ thống , Xuyên nhanh , Sảng văn , Nhẹ nhàng , Hỗ công , Cận thủy lâu đài , Nghịch tập",Hoàn thành,44537,937,32,164,https://wikicv.net/truyen/ban-tay-vang-ta-doi-chu-nhan-xuyen-nhanh-ZX5RjFS4CDV3us1d
Đưa Ngươi Một Đóa Hắc Liên Hoa,Tảng đá khuẩn,"Nguyên sang , Bách hợp , Cổ đại , Hiện đại , HE , OE , Tình cảm , Tiên hiệp , Hệ thống , Xuyên nhanh , Nữ phụ , Cường cường , Chủ thụ , Kim bài đề cử 🥇",Hoàn thành,44443,657,44,308,https://wikicv.net/truyen/dua-nguoi-mot-doa-hac-lien-hoa-W8gFXFS4CHYYZH5p
Nữ xứng nàng xinh đẹp như hoa [ xuyên nhanh ],Úc Úc Thông Thông,"Nguyên sang , Bách hợp , Cổ đại , Hiện đại , HE , Tình cảm , Ngọt văn , Hệ thống , Xuyên nhanh , Chủ thụ , Nhẹ nhàng , Vả mặt",Hoàn thành,44371,1075,5,334,https://wikicv.net/truyen/nu-xung-nang-xinh-dep-nhu-hoa-xuyen-nhan-X7f_aVS4CAfrwqdc
Dùng sa điêu cảm hóa vai ác [ xuyên nhanh ],Lâm Gian Nhất Nha Chi,"Nguyên sang , Bách hợp , Tương lai , HE , Tình cảm , Ngọt văn , Hệ thống , Xuyên nhanh , Chủ công , 1v1",Hoàn thành,44317,670,41,407,https://wikicv.net/truyen/dung-sa-dieu-cam-hoa-vai-ac-xuyen-nhanh-YVxUC1S4CDrRhGQ1
Phi nguyệt nữ thần Irina,Hoa Nhạ Trần,"Nguyên sang , Bách hợp , Cổ đại , HE , Trinh thám , Huyền huyễn , Huyền học , Dị thế , Xuyên việt , Ma pháp , Ngọt văn , Hệ thống , Phá án , Nam biến nữ , Thăng cấp lưu , Sảng văn , Nhẹ nhàng , Nhiều CP , Hài hước , Tây huyễn , Cải trang giả dạng , Ấm áp , Phương Tây , Thị giác nữ chủ , Áo choàng lưu",Hoàn thành,44232,88,5,70,https://wikicv.net/truyen/phi-nguyet-nu-than-irina-X2lwg1S4CCKr9jpP
Nói tốt tình địch đâu,Sao Phạn Giang Nam,"Nguyên sang , Bách hợp , Hiện đại , HE , Tình cảm , Ngọt văn , Đô thị tình duyên , 1v1",Hoàn thành,44230,286,12,123,https://wikicv.net/truyen/noi-tot-tinh-dich-dau-WyXwO%7E8h7GTjswD1
Phu nhân không đứng đắn,Hiểu Bạo,"Nguyên sang , Bách hợp , Cổ đại , HE , Tình cảm , Niên hạ , Ngược văn , Hoan hỉ oan gia",Hoàn thành,44208,18,1,13,https://wikicv.net/truyen/phu-nhan-khong-dung-dan-XuL8RFS4CD6r42YM
Cùng tình địch ở cổ đại làm ruộng làm xây dựng,Đại Miêu Truy Nguyệt,"Nguyên sang , Bách hợp , Cổ đại , HE , Tình cảm , Làm ruộng , Xây dựng , Xuyên việt , Chủ công , Sảng văn , Nhẹ nhàng",Hoàn thành,44092,401,11,230,https://wikicv.net/truyen/cung-tinh-dich-o-co-dai-lam-ruong-lam-xa-ZYUcnPTaEHzqF4ZR
Xuyên nhanh: Cố chấp mỹ nhân bạch nguyệt quang,Dương Mai Băng Trà,"Nguyên sang , Bách hợp , Hiện đại , HE , Tình cảm , Ngọt văn , Xuyên nhanh , Hào môn thế gia , Thanh mai trúc mã , Song hướng yêu thầm , Niên thượng , Chủ thụ , Nhẹ nhàng , Kiếp trước kiếp này , Đô thị tình duyên , Duyên trời tác hợp , 1v1 , Bạch nguyệt quang",Hoàn thành,44067,1074,26,262,https://wikicv.net/truyen/xuyen-nhanh-co-chap-my-nhan-bach-nguyet--YgD8eFS4CGj2xckC
Tru Tiên khải · duyên,Tàng Nặc Vu Nhân,"Diễn sinh , Bách hợp , Cổ đại , HE , Tình cảm , Tiên hiệp , Tu chân , Cường cường",Hoàn thành,44034,961,6,197,https://wikicv.net/truyen/tru-tien-khai-duyen-XJI%7ENlS4CC_0fQ1P
Trọng sinh quốc gia dân nữ thần ［ giới giải trí ］,Thanh Lâu,"Nguyên sang , Bách hợp , Hiện đại , HE , Tình cảm , Giới giải trí",Hoàn thành,43999,422,6,39,https://wikicv.net/truyen/trong-sinh-quoc-gia-dan-nu-than-gioi-gia-WVxWMu8h7H1ZYeT1
Ta giết heo dưỡng ngươi a,Hà Vi Phong Nguyệt,"Nguyên sang , Bách hợp , Cổ đại , HE , Tình cảm , Làm ruộng , Ngọt văn , Xuyên thư , Chủ công , Nữ phụ , Niên thượng , Cưới trước yêu sau , Pháo hôi , 1v1",Hoàn thành,43922,423,9,174,https://wikicv.net/truyen/ta-giet-heo-duong-nguoi-a-aEz52FS4CFDZS19c
Vương phi của Tinh Linh Vương,Hoa Mộc Bạch,"Nguyên sang , Bách hợp , Tương lai , HE , Tình cảm , Khoa học viễn tưởng , Võng du , Xuyên việt , Trọng sinh , Tinh tế , Cơ giáp , Chủ công , Trò chơi , Ngân bài đề cử 🥈",Tạm ngưng,43908,292,11,135,https://wikicv.net/truyen/vuong-phi-cua-tinh-linh-vuong-WOdlf%7E8h7CEyqhER
Hồng y cao ngất,Nhất Thiên Bát Bôi Thủy,"Nguyên sang , Bách hợp , Cổ đại , HE , Tình cảm , Tu chân , Trọng sinh , Chủ thụ , Cung đình hầu tước , Sảng văn , Nhẹ nhàng , Hài hước",Hoàn thành,43902,1300,22,481,https://wikicv.net/truyen/hong-y-cao-ngat-Xe5MiDu262dm9v4m
Ngàn người luật giả bản thân chi thấy,Mộ Ải Trầm Trầm,"Diễn sinh , Bách hợp , Cổ đại , Hiện đại , HE , Tình cảm , Manga anime , Sinh tồn , Xuyên việt , Ma pháp , Thần tiên yêu quái , Thăng cấp lưu , Xuyên thành vai ác , Thế giới song song , Thị giác nữ chủ , Lữ hành , Genshin , Honkai",Hoàn thành,43800,1243,35,458,https://wikicv.net/truyen/ngan-nguoi-luat-gia-ban-than-chi-thay-ZAQKzDzLcjUyzR_x
Cấm khi dễ thoại bản nữ chủ,Hà Vi Phong Nguyệt,"Nguyên sang , Bách hợp , Cổ đại , HE , Tình cảm , Song khiết 🕊️ , Xuyên thư , Chủ công , Nhẹ nhàng , Cận thủy lâu đài , Nữ cường",Hoàn thành,43794,753,13,310,https://wikicv.net/truyen/cam-khi-de-thoai-ban-nu-chu-ZPWgxDu2622EnyLK
Phật hệ luyện đan sư dưỡng đồ chỉ nam ( GL ),Nộn Thái Đầu,"Nguyên sang , Bách hợp , Cổ đại , HE , Tình cảm , Xuyên việt , Ngọt văn , Xuyên thư , Chủ thụ , Nhẹ nhàng",Hoàn thành,43791,1261,2,357,https://wikicv.net/truyen/phat-he-luyen-dan-su-duong-do-chi-nam-gl-Xl5yj0bIjjyOPguu
Xuyên thành vai ác nữ tướng,Lưu Li Tiên Thảo,"Nguyên sang , Bách hợp , Cổ đại , HE , Tình cảm , Xuyên việt , Ngọt văn , Chủ công , Sảng văn , Nhẹ nhàng",Hoàn thành,43780,1153,14,198,https://wikicv.net/truyen/xuyen-thanh-vai-ac-nu-tuong-YpRMUVS4CGtJHbek
Biến thành ma pháp thiếu nữ ta không có khả năng biến không quay về,Khiếu Ngã Thần Linh Đại Nhân,"Nguyên sang , Bách hợp , Hiện đại , OE , Tình cảm , Manga anime , Sinh tồn , Xuyên việt , Ma pháp , Nam biến nữ , Thần thoại , Thế giới song song , Thị giác nữ chủ , Lữ hành",Còn tiếp,43767,1409,30,97,https://wikicv.net/truyen/bien-thanh-ma-phap-thieu-nu-ta-khong-co--YveKemHe7CxHgbut
Khế ước Phò mã,Bút Phong Túng Hoành,"Nguyên sang , Bách hợp , Cổ đại , HE , Tình cảm , Cải trang giả dạng , 1v1",Hoàn thành,43680,175,5,48,https://wikicv.net/truyen/khe-uoc-pho-ma-XL6SBlS4CFb3bmqL
Nữ nông phu cùng tiểu kiều nương,Hồng Thiêu Quý Ngư,"Nguyên sang , Bách hợp , Cổ đại , HE , Tình cảm , Làm ruộng , Ngọt văn , Tùy thân không gian , Nhẹ nhàng , Hỗ công , 1v1",Hoàn thành,43630,228,18,193,https://wikicv.net/truyen/nu-nong-phu-cung-tieu-kieu-nuong-XdAUYzu262UTEU4u
Bỏ tiên,Mộc Phong Khinh Niên,"Nguyên sang , Bách hợp , Cổ đại , HE , Tình cảm , Tiên hiệp , Tu chân , Cường cường , Hỗ công , Song trọng sinh",Hoàn thành,43608,401,16,80,https://wikicv.net/truyen/bo-tien-YF0p4lS4CEskrrzz
Phân lâu tất hợp [ giới giải trí ],Ngư Sương,"Nguyên sang , Bách hợp , Cận đại , Hiện đại , HE , Tình cảm , Gương vỡ lại lành , Giới giải trí , Nhẹ nhàng , Hỗ công , 1v1",Hoàn thành,43589,108,4,92,https://wikicv.net/truyen/phan-lau-tat-hop-gioi-giai-tri-XWIQm1S4CCbbVimK
Đồng học không làm yêu [ trọng sinh ],Thời Vi Nguyệt Thượng,"Nguyên sang , Bách hợp , Hiện đại , HE , Tình cảm , Trọng sinh , Hỗ công , Đô thị tình duyên , Ấm áp , Duyên trời tác hợp , 1v1",Hoàn thành,43574,281,2,53,https://wikicv.net/truyen/dong-hoc-khong-lam-yeu-trong-sinh-XkVRSVS4CCAa7cL_
Ở vai ác trong lòng ngực đánh cái lăn,Trì Hân,"Nguyên sang , Bách hợp , Cổ đại , HE , Tình cảm , Huyền huyễn , Xuyên thư , Chủ thụ , Sảng văn , Nhẹ nhàng , Tây huyễn",Hoàn thành,43511,2005,15,370,https://wikicv.net/truyen/o-vai-ac-trong-long-nguc-danh-cai-lan-ZXs581S4CBs6AGPK
Ốm yếu vạn nhân mê [ xuyên nhanh ],Nhân Gian Điềm Chanh,"Nguyên sang , Bách hợp , Cổ đại , Hiện đại , HE , Tình cảm , Hệ thống , Xuyên nhanh , Chủ thụ , Sảng văn , Tương ái tương sát , 1v1",Hoàn thành,43388,523,11,205,https://wikicv.net/truyen/om-yeu-van-nhan-me-xuyen-nhanh-YCJ4FWHe7AQXjDlk
Ngốc Phò mã,Vô Tình Vô Thác,"Nguyên sang , Bách hợp , Cổ đại , HE , Tình cảm , Cung đình hầu tước",Hoàn thành,43379,14,0,2,https://wikicv.net/truyen/ngoc-pho-ma-WMkxRO8h7HFN%7E6wb
Cách sơn hải,Lưu Diên Trường Ngưng,"Nguyên sang , Bách hợp , Cổ đại , HE , Tình cảm , Võ hiệp , Trọng sinh , Song khiết 🕊️ , Hỗ công , Cải trang giả dạng , Cận thủy lâu đài",Hoàn thành,43370,1245,5,251,https://wikicv.net/truyen/cach-son-hai-X2cDDVS4CBNz6q1o
Vương phi hôm nay xuất quỹ sao,Ý Thanh,"Nguyên sang , Bách hợp , Cổ đại , HE , Tình cảm , Dị thế , Xuyên việt , Ngọt văn , Song khiết 🕊️ , Cung đấu , Niên thượng , Cưới trước yêu sau , Chủ thụ , Cung đình hầu tước , Nhẹ nhàng , Cải trang giả dạng , Cận thủy lâu đài , Duyên trời tác hợp , 1v1",Hoàn thành,43312,919,12,188,https://wikicv.net/truyen/vuong-phi-hom-nay-xuat-quy-sao-XwShjju263W3uSWV
Vai ác nữ xứng ta không nghĩ đương [ xuyên nhanh ],Nhị Lục Lật,"Nguyên sang , Bách hợp , Hiện đại , HE , Tình cảm , Ngọt văn , Hệ thống , Xuyên nhanh , Nhẹ nhàng , Hỗ công",Hoàn thành,43256,1593,11,139,https://wikicv.net/truyen/vai-ac-nu-xung-ta-khong-nghi-duong-xuyen-Y4mYrVS4CBl1tEsc
Nhân gian tham niệm,Ngư Sương,"Nguyên sang , Bách hợp , Hiện đại , HE , Tình cảm , Ngọt văn , Nhẹ nhàng , Hỗ công , Đô thị tình duyên , Duyên trời tác hợp , 1v1 , Thị giác nữ chủ , Mất trí nhớ",Hoàn thành,43220,624,5,438,https://wikicv.net/truyen/nhan-gian-tham-niem-Yn4AhFS4CE8en7C9
Ta ở Luân Đôn làm ma nữ,Vân Kiến Nguyệt,"Nguyên sang , Bách hợp , Hiện đại , OE , Tình cảm , Huyền huyễn , Thị giác nữ chủ , Cthulhu , Chữa lành",Hoàn thành,43179,1815,38,391,https://wikicv.net/truyen/ta-o-luan-don-lam-ma-nu-YlLvzPTaEHEyc%7EJ5
Ở Tu La tràng cứu vớt ngược văn nữ chủ [ xuyên nhanh ],Linh Chu,"Nguyên sang , Bách hợp , Cổ đại , Hiện đại , HE , Tình cảm , Ngọt văn , Xuyên nhanh , Xuyên thư , Cường cường , Nhẹ nhàng , Hỗ công , 1v1",Hoàn thành,43178,552,23,172,https://wikicv.net/truyen/o-tu-la-trang-cuu-vot-nguoc-van-nu-chu-x-Xxb26lS4CFNwAi7j
Trọng sinh sai rồi,Trường Không Hạo Nguyệt Thời,"Nguyên sang , Bách hợp , Hiện đại , HE , Tình cảm , Mạt thế , Xuyên việt , Dị năng , Ngọt văn , Trọng sinh , Hệ thống , Nữ phụ , Chủ thụ , Nhẹ nhàng , 1v1",Hoàn thành,43154,678,9,164,https://wikicv.net/truyen/trong-sinh-sai-roi-XmXN5lS4CDftQrBN
Vai ác lại mềm lại dính người [ xuyên thư ],Tiểu Bàn Tử Phách Đỗ Tử,"Nguyên sang , Bách hợp , Cổ đại , HE , Tình cảm , Tu chân , Ngọt văn , Xuyên thư , Cường cường , Nhẹ nhàng , Hỗ công , 1v1",Hoàn thành,43115,741,8,121,https://wikicv.net/truyen/vai-ac-lai-mem-lai-dinh-nguoi-xuyen-thu-XyKbHzu26wWlUx7I
Ngươi thích chính là cái nào ta [ xuyên nhanh ],Đồ Đồ Họa Họa,"Nguyên sang , Bách hợp , Cổ đại , Hiện đại , HE , Tình cảm , Ngọt văn , Hệ thống , Xuyên nhanh , Nhẹ nhàng , Hỗ công",Hoàn thành,43079,949,23,261,https://wikicv.net/truyen/nguoi-thich-chinh-la-cai-nao-ta-xuyen-nh-YFXfxmHe7BaHMt%7EU
Chính đạo ánh sáng đã hạ tuyến,Minh Tiểu Thập,"Nguyên sang , Bách hợp , Cổ đại , HE , Tình cảm , Tiên hiệp , Huyền huyễn , Báo thù , Tu chân , Niên hạ , Chủ công , Cường cường , Ngược tra",Hoàn thành,43046,772,36,357,https://wikicv.net/truyen/chinh-dao-anh-sang-da-ha-tuyen-YtdG_lS4CGvcXdut
Hoang dại nhân sinh người thắng [ đấu phá thương khung ],Nhị Điểm Tựu Thả Ca Thả Hành,"Diễn sinh , Bách hợp , Cổ đại , HE , Tình cảm , Làm ruộng , Xuyên việt , Xuyên thư , Nhẹ nhàng , Thiên chi kiêu tử",Chưa xác minh,43016,543,19,162,https://wikicv.net/truyen/hoang-dai-nhan-sinh-nguoi-thang-dau-pha--Xz8odVS4CCB5x75z
Xuyên thư sau ta bẻ cong nữ chủ O,Linh Chu,"Nguyên sang , Bách hợp , Hiện đại , HE , Tình cảm , Ngọt văn , Xuyên thư , ABO , Giới giải trí , Nhẹ nhàng , Đô thị tình duyên , 1v1",Hoàn thành,42953,278,15,102,https://wikicv.net/truyen/xuyen-thu-sau-ta-be-cong-nu-chu-o-YMPF21S4CDIiP8D7
Dâu tây vị A không nghĩ luyến ái,Lương Bì Tựu Diện Bao,"Nguyên sang , Bách hợp , Hiện đại , HE , Tình cảm , Ngọt văn , Xuyên thư , ABO , Vườn trường , Nhẹ nhàng",Hoàn thành,42950,728,28,324,https://wikicv.net/truyen/dau-tay-vi-a-khong-nghi-luyen-ai-X6bUslS4CG678pHK
Nhân sinh nếu chỉ như sơ kiến,Diệp Sáp,"Nguyên sang , Bách hợp , Hiện đại , HE , Tình cảm , Kinh thương , Cẩu huyết , Ngược văn , Kim bài đề cử 🥇 , Vả mặt , Song trọng sinh",Hoàn thành,42947,328,10,117,https://wikicv.net/truyen/nhan-sinh-neu-chi-nhu-so-kien-X2WzmVS4CCJFJRYn
Bạo tẩu long nữ,Mộ Vũ Tử,"Nguyên sang , Bách hợp , Cổ đại , HE , Tình cảm , Tiên hiệp , Huyền huyễn , Tu chân , Trọng sinh , Thăng cấp lưu , Hỗ công",Hoàn thành,42917,1342,15,317,https://wikicv.net/truyen/bao-tau-long-nu-YK2gWFS4CC9BqLvW
Sirin xuyên qua cứu rỗi chi lữ,Tuyết Nguyệt Hàn Phong Chủ,"Diễn sinh , Bách hợp , Hiện đại , OE , Manga anime , Khoa học viễn tưởng , Xuyên việt , Ma pháp , Hệ thống , Nam biến nữ , Thần thoại , Vô hạn lưu , Thị giác nữ chủ , Fate , Honkai",Hoàn thành,42873,43,17,28,https://wikicv.net/truyen/sirin-xuyen-qua-cuu-roi-chi-lu-Yi7WKju26xRHollr
Xuyên thư: Ta thật không phải cái gì tra A,Tiểu Lục Long,"Nguyên sang , Bách hợp , Hiện đại , HE , Tình cảm , Ngọt văn , Xuyên thư , ABO , Sảng văn , Nhẹ nhàng , Đô thị tình duyên , 1v1 , Thị giác nữ chủ",Hoàn thành,42868,1295,14,470,https://wikicv.net/truyen/xuyen-thu-ta-that-khong-phai-cai-gi-tra--Yav7NFS4CASU9Xu9
"Biến thành mỹ thiếu nữ sau, các bạn cùng phòng không thích hợp!",Tam Thất Lộc,"Nguyên sang , Bách hợp , Hiện đại , HE , Tình cảm , Hệ thống , Nam biến nữ , NP , Chủ thụ , Đô thị tình duyên",Hoàn thành,42811,430,13,86,https://wikicv.net/truyen/bien-thanh-my-thieu-nu-sau-cac-ban-cung--ZDwJtlS4CD0bjowt
Saki tương Shokuhou chăn nuôi kế hoạch,Lưu Li Tương,"Diễn sinh , Bách hợp , Hiện đại , OE , Tình cảm , Manga anime , Dị thế , Xuyên việt , Thần tiên yêu quái , Nam biến nữ , 1v1 , Thị giác nữ chủ",Hoàn thành,42739,813,52,93,https://wikicv.net/truyen/saki-tuong-shokuhou-chan-nuoi-ke-hoach-YTSCWTzLcnAUbUdz
Tại hậu cung văn đương cá mặn [ xuyên thư ],Vấn Tây Lai Ý,"Nguyên sang , Bách hợp , Cổ đại , HE , Tình cảm , Tiên hiệp , Làm ruộng , Tu chân , Xuyên thư , Thăng cấp lưu , Sảng văn , Hỗ công",Hoàn thành,42720,879,15,416,https://wikicv.net/truyen/tai-hau-cung-van-duong-ca-man-xuyen-thu-YhiJalS4CCUAw%7E9o
Tham ăn xà mục tiêu là cắn nuốt sao trời,Trường Giả Quyển Trục,"Diễn sinh , Bách hợp , Cổ đại , Hiện đại , HE , Manga anime , Nhiều CP",Còn tiếp,42620,1278,16,447,https://wikicv.net/truyen/tham-an-xa-muc-tieu-la-can-nuot-sao-troi-X_OfxUbIjgeclPM5
Đào hôn lúc sau,Huyền Tiên,"Nguyên sang , Bách hợp , Hiện đại , HE , Tình cảm , Hào môn thế gia , Nhẹ nhàng , Hỗ công , Cận thủy lâu đài , Duyên trời tác hợp",Hoàn thành,42613,160,7,60,https://wikicv.net/truyen/dao-hon-luc-sau-XuV9KlS4CBPu9fZq
"Điện hạ, ngươi trộm ta tâm",Khinh Hoan Khinh Ái,"Nguyên sang , Bách hợp , Cổ đại , HE , Tình cảm , Ngọt văn , Sinh con , Nhẹ nhàng , Hỗ công , Cải trang giả dạng , Duyên trời tác hợp , 1v1",Hoàn thành,42594,299,0,70,https://wikicv.net/truyen/dien-ha-nguoi-trom-ta-tam-XYsq0lS4CAcIqDcg
"Xuyên thành A, ôm đi miêu miêu ảnh hậu",Khuynh Miên Ca,"Nguyên sang , Bách hợp , Hiện đại , HE , Tình cảm , Ngọt văn , Xuyên thư , Chủ công , ABO , Giới giải trí , Niên thượng , Nhẹ nhàng , Đô thị tình duyên , Duyên trời tác hợp",Hoàn thành,42506,760,3,72,https://wikicv.net/truyen/xuyen-thanh-a-om-di-mieu-mieu-anh-hau-ZDQ7XfTaEH2OYosR
Pháo hôi bạch nguyệt quang cứu vớt kế hoạch [ xuyên nhanh ],Phế Khí Tinh Cầu,"Nguyên sang , Bách hợp , Hiện đại , HE , Tình cảm , Báo thù , Ngọt văn , Xuyên nhanh , Chủ công , Pháo hôi , Ngược tra , Vả mặt , 1v1 , Bạch nguyệt quang",Hoàn thành,42481,771,6,89,https://wikicv.net/truyen/phao-hoi-bach-nguyet-quang-cuu-vot-ke-ho-YeGBYlS4CHAiYe_5
Nữ chủ có độc [ xuyên nhanh ],Nhất Khúc Phó Niên Hoa,"Nguyên sang , Bách hợp , Cổ đại , Hiện đại , HE , Tình cảm , Hệ thống , Xuyên nhanh , Nữ biến nam , Chủ thụ , Duyên trời tác hợp",Hoàn thành,42474,562,11,207,https://wikicv.net/truyen/nu-chu-co-doc-xuyen-nhanh-X9SlUDzLchem3MLy
"Nữ chủ vừa khóc, thua hết cả bàn cờ",Đậu Biện Lạt Tương,"Nguyên sang , Bách hợp , Cổ đại , Hiện đại , HE , Tình cảm , Hệ thống , Xuyên nhanh , Xuyên thư , Chủ công , Nữ phụ , Nhẹ nhàng",Hoàn thành,42441,619,10,133,https://wikicv.net/truyen/nu-chu-vua-khoc-thua-het-ca-ban-co-X%7EcYsFS4CEnNQMd1
"Ta, Noelle, lấy lý phục người!",Ám Hương Phù Động,"Diễn sinh , Bách hợp , Cổ đại , Cận đại , OE , Tình cảm , Manga anime , Xuyên việt , Nam biến nữ , NP , Thị giác nữ chủ , Vô địch lưu , Xuyên game , Genshin",Tạm ngưng,42429,769,21,81,https://wikicv.net/truyen/ta-noelle-lay-ly-phuc-nguoi-YOk2y_TaEBfZg_4N
Dị giới chi thần tiến hóa lữ,Kiều Trị Á,"Nguyên sang , Bách hợp , Cổ đại , Cận đại , HE , Tình cảm , Huyền huyễn , Dị thế , Xuyên việt , Ma pháp , Trọng sinh , Thần tiên yêu quái , Cẩu huyết , Chủ thụ , Nhẹ nhàng , Hài hước , Thiên chi kiêu tử , Ấm áp , Duyên trời tác hợp , Thế giới song song",Hoàn thành,42402,445,6,84,https://wikicv.net/truyen/di-gioi-chi-than-tien-hoa-lu-XFAVcVS4CAXVFdin
Ta cùng nữ chủ luyến ái,Trạch Nữ Nhất Chi Hoa.,"Nguyên sang , Bách hợp , Hiện đại , HE , Tình cảm , Ngọt văn , Trọng sinh , Chủ công , Hào môn thế gia , Nhẹ nhàng , Cận thủy lâu đài",Hoàn thành,42358,308,4,168,https://wikicv.net/truyen/ta-cung-nu-chu-luyen-ai-XifS11S4CCoAHkGi
Xuyên thư sau ta rốt cuộc có O,Thị Ngư Trú,"Nguyên sang , Bách hợp , Hiện đại , HE , Tình cảm , Ngọt văn , Xuyên thư , Chủ công , Hào môn thế gia , ABO , Giới giải trí , Nhẹ nhàng , Đô thị tình duyên , 1v1 , Thị giác nữ chủ",Hoàn thành,42164,636,5,60,https://wikicv.net/truyen/xuyen-thu-sau-ta-rot-cuoc-co-o-YcJhlVS4CHhy26fe
Nguyện kỳ lâu an,Thập Ngô Lưỡng,"Nguyên sang , Bách hợp , Cổ đại , HE , Tình cảm , Xuyên việt , Chủ công , Hoan hỉ oan gia , Nhẹ nhàng , Cải trang giả dạng , Bình dân sinh hoạt",Hoàn thành,42134,262,4,101,https://wikicv.net/truyen/nguyen-ky-lau-an-X4hwElS4CDCkbhpq
Tổng tài lão bà là tùy tay kéo đến,Mặc Tự Vi Đình,"Nguyên sang , Bách hợp , Hiện đại , HE , Tình cảm , Ngọt văn , Trọng sinh , Xuyên thư , Giới giải trí , Chủ thụ , Sảng văn , Nhẹ nhàng , 1v1",Hoàn thành,42067,301,6,49,https://wikicv.net/truyen/tong-tai-lao-ba-la-tuy-tay-keo-den-XY%7EMGlS4CGE2Vhrp
Chỉ đổ thừa vai ác quá mạo mỹ [ xuyên nhanh ],Dư Ngư,"Nguyên sang , Bách hợp , Hiện đại , HE , Tình cảm , Xuyên nhanh , Nhẹ nhàng , Linh dị thần quái",Hoàn thành,42063,1239,39,274,https://wikicv.net/truyen/chi-do-thua-vai-ac-qua-mao-my-xuyen-nhan-YOsrCVS4CEnlbEVK
Xuyên thành ác độc nữ xứng mang cầu chạy,Mộ Vũ Hề Hề,"Nguyên sang , Bách hợp , Hiện đại , HE , Tình cảm , Song khiết 🕊️ , Xuyên thư , Sinh con , Nữ phụ , Giới giải trí , Sảng văn , Nhẹ nhàng , Hỗ công",Hoàn thành,42051,243,8,85,https://wikicv.net/truyen/xuyen-thanh-ac-doc-nu-xung-mang-cau-chay-XuDuu0bIjkUoGayY
Đương vạn nhân mê Omega xuyên đến hiện thế,Yêu Dữ Chiết,"Nguyên sang , Bách hợp , Hiện đại , HE , Tình cảm , Xuyên việt , Ngọt văn , ABO , Giới giải trí , Chủ thụ , Nhẹ nhàng , Đô thị tình duyên , Duyên trời tác hợp , 1v1",Hoàn thành,42015,350,13,109,https://wikicv.net/truyen/duong-van-nhan-me-omega-xuyen-den-hien-t-YJMO01S4CHLgYsJe
Pokemon từ Galar bắt đầu,Ngự Nguyệt s,"Diễn sinh , Bách hợp , Hiện đại , HE , Manga anime , Xuyên việt , Pokemon , 1v1 , Thị giác nữ chủ , Lữ hành",Hoàn thành,42001,824,12,339,https://wikicv.net/truyen/pokemon-tu-galar-bat-dau-YNywOzu26wgJgtJW
Đế tướng hai khuynh quốc,Liễm Chu,"Nguyên sang , Bách hợp , Cổ đại , HE , Tình cảm , Ngọt văn , Chủ thụ , Cung đình hầu tước , Sảng văn , Nhẹ nhàng",Hoàn thành,41999,328,2,87,https://wikicv.net/truyen/de-tuong-hai-khuynh-quoc-Xvr8xGHe7Albt%7EXu
Trọng sinh nữ học bá,Mê Thất Chi Đồ,"Nguyên sang , Bách hợp , Hiện đại , HE , Tình cảm , Ngọt văn , Trọng sinh , Nam biến nữ , Nhẹ nhàng , Thị giác nữ chủ",Hoàn thành,41959,279,6,64,https://wikicv.net/truyen/trong-sinh-nu-hoc-ba-XGqL6FS4CCYbaYzp
Nữ xứng khó làm gl [ xuyên nhanh ],Chiết Hoa Đẳng Nhĩ,"Nguyên sang , Bách hợp , Cổ đại , Hiện đại , Tương lai , HE , Tình cảm , Mạt thế , Tu chân , Hệ thống , Xuyên nhanh , Tinh tế , Nữ phụ , Vườn trường , Chủ thụ , Nhẹ nhàng",Hoàn thành,41931,300,6,26,https://wikicv.net/truyen/nu-xung-kho-lam-gl-xuyen-nhanh-Xm3QBlS4CDLR2gge
Biến thân nguyên thần nhân vật ta vô hạn luân hồi,Sơ Hạ Vị Tần,"Diễn sinh , Bách hợp , Cổ đại , Cận đại , Hiện đại , OE , Tình cảm , Manga anime , Làm ruộng , Sinh tồn , Xuyên việt , Ma pháp , Hệ thống , Thần tiên yêu quái , Nam biến nữ , Vô hạn lưu , Thăng cấp lưu , Thế giới song song , Thị giác nữ chủ , Lữ hành , Genshin",Tạm ngưng,41930,876,32,113,https://wikicv.net/truyen/bien-than-nguyen-than-nhan-vat-ta-vo-han-ZBq%7EHlS4CEPGrX6H
"Fire Keeper, gia nhập group chat",Bạch Bách Lan ~ Vô Ưu,"Diễn sinh , Bách hợp , Cổ đại , Cận đại , OE , Tình cảm , Manga anime , Sinh tồn , Xuyên việt , Ma pháp , Thần tiên yêu quái , Vô hạn lưu , Thế giới song song , Thị giác nữ chủ , Fate , Lữ hành , Group chat , Genshin , Honkai",Tạm ngưng,41892,1998,35,323,https://wikicv.net/truyen/fire-keeper-gia-nhap-group-chat-Ysps7FS4CEIkvLMH
"Ta là thiên mã, không phải ngựa đua nương a",Lạc Thư,"Diễn sinh , Bách hợp , Hiện đại , OE , Tình cảm , Manga anime , Sinh tồn , Xuyên việt , Ma pháp , Dị năng , Nam biến nữ , Vườn trường , Thần thoại , Thế giới song song , Thị giác nữ chủ , Vô địch lưu , Chữa lành , Lữ hành",Tạm ngưng,41842,426,17,160,https://wikicv.net/truyen/ta-la-thien-ma-khong-phai-ngua-dua-nuong-Y0RbrDu260pxvPCy
Xuyên thành giới giải trí trong sách trà xanh A,Xuy Vân Thảo,"Nguyên sang , Bách hợp , Hiện đại , HE , Tình cảm , Ngọt văn , Niên hạ , Xuyên thư , Chủ công , ABO , Giới giải trí , Sảng văn , Nhẹ nhàng",Hoàn thành,41793,388,7,138,https://wikicv.net/truyen/xuyen-thanh-gioi-giai-tri-trong-sach-tra-Yuqt_VS4CBMH2tbB
"Ta, Kewin, dung hợp chiến sĩ, Thần Châu tiên nhân",Ricardo,"Diễn sinh , Bách hợp , Hiện đại , OE , Tình cảm , Manga anime , Khoa học viễn tưởng , Thị giác nữ chủ , Xuyên game , Honkai",Còn tiếp,41775,1138,36,752,https://wikicv.net/truyen/ta-kewin-dung-hop-chien-si-than-chau-tie-YPO1E_TaEA_8zcVw
Từ nhập môn đến tinh thông khai hoang sinh hoạt,Thái Dương Khuẩn,"Nguyên sang , Bách hợp , Cổ đại , HE , Tình cảm , Làm ruộng , Xuyên việt , Mỹ thực , Hỗ công , Kim Bảng 🏆 , 1v1 , Nguyên thủy",Hoàn thành,41756,1522,13,348,https://wikicv.net/truyen/tu-nhap-mon-den-tinh-thong-khai-hoang-si-YvNlblS4CFOzJ%7E72
Ta không nghĩ bị công lược a ( toàn bổn ),Trường Xúc Thủ Đích Hàm Ngư,"Nguyên sang , Bách hợp , Hiện đại , HE , Manga anime , Nam biến nữ , NP , Nhiều CP",Hoàn thành,41737,1252,21,470,https://wikicv.net/truyen/ta-khong-nghi-bi-cong-luoc-a-toan-bon-YEhASEbIji7svYFv
Nữ thứ vương,Vu Hoan,"Nguyên sang , Bách hợp , Cổ đại , HE , Tình cảm , Niên hạ , Chủ công , Cường cường , Cung đình hầu tước , Cải trang giả dạng",Hoàn thành,41736,195,7,86,https://wikicv.net/truyen/nu-thu-vuong-XyUelkbIjnXxQrgG
Phong thuỷ tra án sư,Công Thụ Kiêm Bị Tiểu Hùng Bảo,"Nguyên sang , Bách hợp , Hiện đại , HE , Tình cảm , Phong thủy , Cường cường , Hỗ công , Kim bài đề cử 🥇 , Linh dị thần quái",Hoàn thành,41700,580,12,278,https://wikicv.net/truyen/phong-thuy-tra-an-su-XlobTWHe7Fichnyf
Xuyên thành tra A sau lão bà chính là không ly hôn,Tiểu Bàn Tử Phách Đỗ Tử,"Nguyên sang , Bách hợp , Tương lai , HE , Tình cảm , Khoa học viễn tưởng , Ngọt văn , Chủ công , ABO , Cường cường , Đô thị tình duyên , 1v1",Hoàn thành,41559,653,11,256,https://wikicv.net/truyen/xuyen-thanh-tra-a-sau-lao-ba-chinh-la-kh-YqK151S4CHUVNRi3
Biến thân quốc dân nữ thần,Bán Bộ Thâm Uyên,"Nguyên sang , Bách hợp , Hiện đại , HE , Tình cảm , Khoa học viễn tưởng , Huyền huyễn , Xuyên việt , Trọng sinh , Làm giàu , Nam biến nữ , Cẩu huyết , Giới giải trí , Vườn trường , Nhẹ nhàng , Hài hước , Phát sóng trực tiếp , Ấm áp , Thế giới song song",Chưa xác minh,41524,324,6,8,https://wikicv.net/truyen/bien-than-quoc-dan-nu-than-WT_Ra%7E8h7CaQGwFx
Vai ác nữ chủ hắc hóa như thế nào phá (GL),Bất Quyển Mao,"Nguyên sang , Bách hợp , Cổ đại , HE , Tình cảm , Huyền huyễn , Xuyên việt , Chủ công , Ngược văn , Trạch đấu , Chủ thụ , Cung đình hầu tước , Tương ái tương sát , 1v1",Hoàn thành,41446,68,1,7,https://wikicv.net/truyen/vai-ac-nu-chu-hac-hoa-nhu-the-nao-pha-gl-WepH6e8h7DK2Ttj2
Tháo xuống mắt kính ta khuynh quốc khuynh thành,Miêu Nãi,"Nguyên sang , Bách hợp , Hiện đại , OE , Tình cảm , Xuyên việt , Ma pháp , Giới giải trí , NP , Duyên trời tác hợp , Thế giới song song , Thị giác nữ chủ , Vạn nhân mê",Hoàn thành,41306,1047,42,248,https://wikicv.net/truyen/thao-xuong-mat-kinh-ta-khuynh-quoc-khuyn-YlpoxPTaEEEZzjLr
Cùng ảnh hậu lóe hôn sau,Kivey Đồ Sinh,"Nguyên sang , Bách hợp , Hiện đại , HE , Tình cảm , Ngọt văn , Giới giải trí , Cường cường , Nhẹ nhàng , Hỗ công",Hoàn thành,41253,575,11,230,https://wikicv.net/truyen/cung-anh-hau-loe-hon-sau-XnnEPzu26wVZrSFo
Mạt thế cầu sinh chính xác phương pháp,Lũ Ngọc Tài Băng,"Nguyên sang , Bách hợp , Hiện đại , HE , Tình cảm , Mạt thế , Dị năng , Ngọt văn , Trọng sinh , Chủ thụ , Nhẹ nhàng , Duyên trời tác hợp , Ngược tra , 1v1",Hoàn thành,41248,1199,22,320,https://wikicv.net/truyen/mat-the-cau-sinh-chinh-xac-phuong-phap-YNn%7E41S4CGBw1EXe
Phân hoá thành A sau đánh dấu tình địch,Nhân Gian Điềm Chanh,"Nguyên sang , Bách hợp , Hiện đại , HE , Tình cảm , Ngọt văn , Chủ công , ABO , Nhẹ nhàng",Hoàn thành,41224,481,8,144,https://wikicv.net/truyen/phan-hoa-thanh-a-sau-danh-dau-tinh-dich-YlUho1S4CEXacdT4
Xuyên qua chi công chúa hoài ta bảo bảo,Tinh Tiểu Tiên,"Nguyên sang , Bách hợp , Cổ đại , HE ,
                     , Dị thế , Xuyên việt , Ma pháp , Ngọt văn , Sinh con , Chủ công , Nhẹ nhàng , Tây huyễn , Vả mặt",Hoàn thành,41205,707,5,56,https://wikicv.net/truyen/xuyen-qua-chi-cong-chua-hoai-ta-bao-bao-YDf2cFS4CEpOCH1w
Ác độc nữ xứng không nghĩ làm,Tiểu Ngô Quân,"Nguyên sang , Bách hợp , Hiện đại , HE , Tình cảm , Ngọt văn , Hệ thống , Nữ phụ , Giới giải trí , Chủ thụ , Duyên trời tác hợp , 1v1",Hoàn thành,41201,450,9,206,https://wikicv.net/truyen/ac-doc-nu-xung-khong-nghi-lam-YIHzI1S4CHQSdxNq
Mỗi ngày đều ở giúp vợ trước thoát đơn,Vô Đức Vô Năng,"Nguyên sang , Bách hợp , Hiện đại , HE , Tình cảm , Song khiết 🕊️ , Xuyên thư , Chủ công , Nữ phụ , Gương vỡ lại lành , Hoan hỉ oan gia , Nhẹ nhàng , Kim bài đề cử 🥇 , 1v1",Hoàn thành,41087,170,3,19,https://wikicv.net/truyen/moi-ngay-deu-o-giup-vo-truoc-thoat-don-YFYWuDzLci4d0rvY
Nàng Alpha,Loạn Khúc,"Nguyên sang , Bách hợp , Tương lai , HE , Tình cảm , Khoa học viễn tưởng , Xuyên việt , Trọng sinh , ABO , Nhẹ nhàng , Hỗ công",Hoàn thành,41050,677,27,275,https://wikicv.net/truyen/nang-alpha-YN6vMVS4CFbptMLR
Ta ở Honkai 3 lõm vực sâu,Thời Không Thánh Đại,"Diễn sinh , Bách hợp , Hiện đại , OE , Manga anime , Nam biến nữ , Hài hước , Thị giác nữ chủ , Xuyên game , Honkai",Còn tiếp,40988,598,14,330,https://wikicv.net/truyen/ta-o-honkai-3-lom-vuc-sau-Y%7ECzCFS4CDACXOeE
Cái đuôi nhỏ của ngươi,Tiêu Thủy Huyền Khả,"Nguyên sang , Bách hợp , Hiện đại , HE , Tình cảm , Ngọt văn , Hào môn thế gia , Sảng văn , Nhẹ nhàng , Hỗ công , 1v1",Hoàn thành,40947,591,7,360,https://wikicv.net/truyen/cai-duoi-nho-cua-nguoi-XcWMK1S4CBQutmB3
"Chính đạo nữ tu ái làm nũng, Ma tộc nữ đế rất cao ngạo",Nhất Chỉ Tiểu Hoa Đóa,"Nguyên sang , Bách hợp , Cổ đại , HE , Tiên hiệp , Huyền huyễn , Tu chân , Hệ thống , Xuyên thư , Thăng cấp lưu , Chủ thụ , 1v1 , Vô địch lưu , Ngự thú , Phúc hắc",Hoàn thành,40935,1436,21,284,https://wikicv.net/truyen/chinh-dao-nu-tu-ai-lam-nung-ma-toc-nu-de-ZbJAzVS4CDPadU_L
"Ô ô, mỹ nữ các tỷ tỷ, cầu buông tha!",Minh Dạ Huyền,"Nguyên sang , Bách hợp , Hiện đại , HE , Tình cảm , NP , Nhẹ nhàng , Hài hước , Đô thị tình duyên , Cận thủy lâu đài , Ấm áp , Duyên trời tác hợp , Trâu già gặm cỏ non , Thị giác nữ chủ",Hoàn thành,40902,506,14,90,https://wikicv.net/truyen/o-o-my-nu-cac-ty-ty-cau-buong-tha-XPs05FS4CB0W0KWe
Mơ ước đã lâu,Thảo Tửu Đích Khiếu Hoa Tử,"Nguyên sang , Bách hợp , Hiện đại , HE , Tình cảm , Gương vỡ lại lành , Thanh mai trúc mã , Hoan hỉ oan gia , Hỗ công , 1v1",Hoàn thành,40871,515,8,275,https://wikicv.net/truyen/mo-uoc-da-lau-Xe8C5lS4CC6Osqqe
Bị nam chủ bạch nguyệt quang liêu cong ( xuyên thư ),Thạch Lựu Thỏ,"Nguyên sang , Bách hợp , Hiện đại , HE , Tình cảm , Ngọt văn , Xuyên thư , Giới giải trí , Song hướng yêu thầm , Chủ thụ , Nhẹ nhàng , Đô thị tình duyên , 1v1",Hoàn thành,40866,497,15,314,https://wikicv.net/truyen/bi-nam-chu-bach-nguyet-quang-lieu-cong-x-X2qMCVS4CGZ1FvpD
Nữ tôn thế giới dưỡng tức phụ gl,Phiên Phiên Lạc Diệp,"Nguyên sang , Bách hợp , Cổ đại , HE , Tình cảm , Xuyên việt , Ngọt văn , Tùy thân không gian , Chủ công , Sảng văn , Nhẹ nhàng",Hoàn thành,40828,523,0,134,https://wikicv.net/truyen/nu-ton-the-gioi-duong-tuc-phu-gl-XrbErkbIjg4_Te%7E6
"Ta, Nero, phục hưng Rome",Bất Bàn Quất Miêu,"Diễn sinh , Bách hợp , Cổ đại , OE , Tình cảm , Manga anime , Làm ruộng , Xuyên việt , Ma pháp , Hệ thống , Chủ công , NP , Thần thoại , Thăng cấp lưu , Sảng văn , Thiên chi kiêu tử , Duyên trời tác hợp , Thế giới song song , Thị giác nữ chủ , Fate , Xuyên thành vai chính",Hoàn thành,40806,1196,18,190,https://wikicv.net/truyen/ta-nero-phuc-hung-rome-YrW4nVS4CGUFvC%7ED
Vương gia cùng thần thiếp sinh cái tiểu quận chúa đi,Thư Sướng,"Nguyên sang , Bách hợp , Cổ đại , HE , Tình cảm , Sinh con , Hoan hỉ oan gia , Chủ thụ , Kim bài đề cử 🥇 , 1v1 , Song trọng sinh",Hoàn thành,40725,99,12,19,https://wikicv.net/truyen/vuong-gia-cung-than-thiep-sinh-cai-tieu--YX_2rju263BWa4GM
Sư tôn nàng chỉ nghĩ làm cá mặn,Đường Hồ Lô Lưỡng Nguyên Nhất Xuyến,"Nguyên sang , Bách hợp , Cổ đại , HE , Tình cảm , Tiên hiệp , Tu chân , Xuyên việt , Hỗ công , Cận thủy lâu đài",Hoàn thành,40714,957,12,271,https://wikicv.net/truyen/su-ton-nang-chi-nghi-lam-ca-man-YOrs0lS4CCmWZW7N
"Cởi giáp về quê sau, bị chiêu tế",Phương Tiện Diện Quân,"Nguyên sang , Bách hợp , Cổ đại , HE , Tình cảm , Làm ruộng , Xuyên việt , Hệ thống , Sảng văn , Hỗ công , 1v1",Hoàn thành,40703,557,10,90,https://wikicv.net/truyen/coi-giap-ve-que-sau-bi-chieu-te-ZaqaMFS4CCoOT3fz
Xuyên thành điên kiều ảnh hậu tàn tật A,Phúc Tạp Phúc Phúc,"Nguyên sang , Bách hợp , Hiện đại , HE , Tình cảm , Ngọt văn , Xuyên thư , Chủ công , ABO , Giới giải trí",Hoàn thành,40615,264,6,67,https://wikicv.net/truyen/xuyen-thanh-dien-kieu-anh-hau-tan-tat-a-ZX3LiFS4CDV3uszQ
"Ta, Ryougi Shiki, quan vị thích khách",Quang Ám Đích Loa Toàn,"Diễn sinh , Bách hợp , Cổ đại , Cận đại , Hiện đại , OE , Manga anime , Xuyên việt , Ma pháp , Thần tiên yêu quái , Thị giác nữ chủ , Fate , Vô địch lưu",Hoàn thành,40596,743,17,203,https://wikicv.net/truyen/ta-ryougi-shiki-quan-vi-thich-khach-YhYPXPTaEBktzA6f
Xuyên thành ảnh hậu đương bà mối [ xuyên thư ],Lý Ngũ Tuế,"Nguyên sang , Bách hợp , Hiện đại , HE , Tình cảm , Ngọt văn , Xuyên nhanh , Xuyên thư , Chủ công , Giới giải trí , Sảng văn , Nhẹ nhàng , 1v1",Hoàn thành,40531,364,2,50,https://wikicv.net/truyen/xuyen-thanh-anh-hau-duong-ba-moi-xuyen-t-XsC32jzLck5i%7E2PS
Nghiệt ái,Hướng Triều,"Nguyên sang , Bách hợp , Hiện đại , HE , Tình cảm , Trọng sinh , Song khiết 🕊️ , Chủ công , Gương vỡ lại lành , Nhẹ nhàng",Hoàn thành,40485,231,7,56,https://wikicv.net/truyen/nghiet-ai-XwseQlS4CFo1Sod0
"Ta, Ryougi Shiki, vĩ vị Kiếm Thánh, với Kimetsu no Yaiba",Hạ Tuyết Đông Hoa,"Diễn sinh , Bách hợp , Cổ đại , Hiện đại , HE , Manga anime , Huyền huyễn , Xuyên việt , Ma pháp , Nam biến nữ , Linh dị thần quái , Fate , Kimetsu no Yaiba",Hoàn thành,40480,682,19,166,https://wikicv.net/truyen/ta-ryougi-shiki-vi-vi-kiem-thanh-voi-kim-YDvmfzu26yfHWT4P
Thanh lãnh đại sư tỷ tổng liêu ta,Tam Thông Thất Bạch,"Nguyên sang , Bách hợp , Cổ đại , HE , Tình cảm , Ngọt văn , Xuyên thư , Thăng cấp lưu , Hỗ công , Linh dị thần quái",Hoàn thành,40432,204,18,85,https://wikicv.net/truyen/thanh-lanh-dai-su-ty-tong-lieu-ta-ZYt93FS4CHoJApK0
Đấu La chi Tri Nhạc,Kiến Thâm Thâm Thâm Thâm,"Diễn sinh , Bách hợp , Tương lai , HE , Tình cảm , Huyền huyễn , Ngọt văn , Trọng sinh , Hỗ công , Duyên trời tác hợp , Tương ái tương sát",Hoàn thành,40417,729,4,71,https://wikicv.net/truyen/dau-la-chi-tri-nhac-Yg5kllS4CAagHDEY
Hoài thượng Alpha nữ quân hài tử,Vân Đóa Đường,"Nguyên sang , Bách hợp , Tương lai , HE , Tình cảm , Xuyên việt , Ngọt văn , Sinh con , Tinh tế , ABO , Chủ thụ , Sảng văn , 1v1",Hoàn thành,40415,550,14,214,https://wikicv.net/truyen/hoai-thuong-alpha-nu-quan-hai-tu-YIieiVS4CEwVmu16
Đoạt xá nữ ma đầu ta đồ nhi thế nhưng tất cả đều là chính phái,Ngã Cật Nịnh Mông Nha,"Nguyên sang , Bách hợp , Cổ đại , OE , Tình cảm , Tiên hiệp , Nam biến nữ , NP , Thị giác nữ chủ , Vô địch lưu",Còn tiếp,40386,1159,21,152,https://wikicv.net/truyen/doat-xa-nu-ma-dau-ta-do-nhi-the-nhung-ta-YfT6NWHe7GGqx2Wv
Trọng sinh sau cưới ốm yếu Hoàng Hậu,Du Phù,"Nguyên sang , Bách hợp , Cổ đại , HE , Tình cảm , Song khiết 🕊️ , Chủ công , Cung đình hầu tước , Sảng văn , Nhẹ nhàng , Cải trang giả dạng , Kim bài đề cử 🥇 , Nghịch tập",Hoàn thành,40368,209,5,118,https://wikicv.net/truyen/trong-sinh-sau-cuoi-om-yeu-hoang-hau-YXdAfVS4CCWzD0r7
Nữ thần rạng rỡ United States,Hạt Vĩ Sư,"Nguyên sang , Bách hợp , Cận đại , Hiện đại , OE , Khoa học viễn tưởng , Trọng sinh , Hệ thống , Nam biến nữ",Hoàn thành,40363,723,8,26,https://wikicv.net/truyen/nu-than-rang-ro-united-states-WG2O_nCVfCRqmnmb
Ta ở cổ đại làm ruộng truy thê nhật tử,Môn Tiền Thanh Sơn Đa Vũ Mị,"Nguyên sang , Bách hợp , Cổ đại , HE , Tình cảm , Làm ruộng , Ngọt văn , Chủ công , Nhẹ nhàng , Cải trang giả dạng",Hoàn thành,40306,292,4,100,https://wikicv.net/truyen/ta-o-co-dai-lam-ruong-truy-the-nhat-tu-XpxXEEbIjjm2lAA9
Xuyên thành vai ác tiền vị hôn thê [ xuyên thư ],Ngu Nhị Lưỡng,"Nguyên sang , Bách hợp , Cổ đại , HE , Tình cảm , Tiên hiệp , Tu chân , Ngọt văn , Xuyên thư , Chủ thụ",Hoàn thành,40305,868,6,187,https://wikicv.net/truyen/xuyen-thanh-vai-ac-tien-vi-hon-the-xuyen-Xx2t6VS4CCNS8NgS
Mãn cấp đại lão trọng sinh về sau,Du Côn,"Nguyên sang , Bách hợp , Cổ đại , HE , Tình cảm , Tiên hiệp , Tu chân , Trọng sinh , Xuyên thư , Cường cường , Hỗ công",Hoàn thành,40234,326,13,177,https://wikicv.net/truyen/man-cap-dai-lao-trong-sinh-ve-sau-XZWMt1S4CGOcEmlu
Ngụy trang thâm tình ( xuyên thư ),Bính Cáp Cáp,"Nguyên sang , Bách hợp , Cận đại , Hiện đại , HE , Tình cảm , Hệ thống , Xuyên thư , Hào môn thế gia , Nữ phụ , Gương vỡ lại lành , Cường cường , Sảng văn , Nhẹ nhàng , Hỗ công , Đô thị tình duyên , Hải vương",Hoàn thành,40228,449,22,261,https://wikicv.net/truyen/nguy-trang-tham-tinh-xuyen-thu-YP856lS4CBFbAVaf
Xuyên thành nữ chủ pháo hôi nương tử,Lý Trọng,"Nguyên sang , Bách hợp , Cổ đại , HE , Tình cảm , Hệ thống , Chủ công , Sảng văn , Hài hước , Cải trang giả dạng , Vả mặt , Chậm nhiệt",Hoàn thành,40197,495,14,117,https://wikicv.net/truyen/xuyen-thanh-nu-chu-phao-hoi-nuong-tu-YKmNYlS4CCaV36pb
365 loại yêu cầu cao độ cách sống,Mạc Nhiên Phiêu,"Nguyên sang , Bách hợp , Hiện đại , HE , Tình cảm , Trinh thám , Niên hạ , Chủ thụ , Kim bài đề cử 🥇 , Tương ái tương sát , 1v1",Hoàn thành,40176,1295,14,365,https://wikicv.net/truyen/365-loai-yeu-cau-cao-do-cach-song-XtxB5Tu26wffK%7Ekd
Đại lão xuyên thành cơm mềm tra A sau,Ngọc Lâu Cửu Trọng,"Nguyên sang , Bách hợp , Tương lai , HE , Tình cảm , Ngọt văn , Xuyên thư , Chủ công , ABO , Nhẹ nhàng , Nghịch tập , Vả mặt",Hoàn thành,40149,401,8,154,https://wikicv.net/truyen/dai-lao-xuyen-thanh-com-mem-tra-a-sau-YwPIl_TaEE26JrWu
Nàng sẽ ôn nhu ái nhân [ trọng sinh ],Hựu Thu,"Nguyên sang , Bách hợp , Hiện đại , HE , Tình cảm , Trọng sinh , Hào môn thế gia , Giới giải trí , Chủ thụ , Đô thị tình duyên",Hoàn thành,40123,941,19,537,https://wikicv.net/truyen/nang-se-on-nhu-ai-nhan-trong-sinh-XxhrolS4CGvFxnd7
Cấm động tâm,Cảnh Ngô,"Nguyên sang , Bách hợp , Hiện đại , HE , Tình cảm , Nhẹ nhàng , Hỗ công , Đô thị tình duyên , Cận thủy lâu đài , Kim bài đề cử 🥇",Hoàn thành,40061,95,4,14,https://wikicv.net/truyen/cam-dong-tam-YAz6xVS4CEna1mG3
Đấu la: Phệ hồn nhện hoàng,mdx Tiên Trà,"Diễn sinh , Bách hợp , Cổ đại , OE , Manga anime , Huyền huyễn , Nam biến nữ , Main là động vật , Thị giác nữ chủ , Đấu La đại lục",Chưa xác minh,40035,372,19,56,https://wikicv.net/truyen/dau-la-phe-hon-nhen-hoang-ZSimCFS4CFcTNgUe
Ngự thần cơ,La Tương Thần,"Nguyên sang , Bách hợp , Cổ đại , OE , Tình cảm , Huyền huyễn , Thần tiên yêu quái , Nam biến nữ , Thị giác nữ chủ",Còn tiếp,40021,2099,29,422,https://wikicv.net/truyen/ngu-than-co-YqSdzfTaEB887Ka5
Bạn gái bệnh kiều [ xuyên thư ],Đào Bảo Tiểu Viên,"Nguyên sang , Bách hợp , Hiện đại , HE , Tình cảm , Ngọt văn , Trọng sinh , Xuyên thư , Nữ phụ , Chủ thụ , Nhẹ nhàng",Hoàn thành,39935,510,11,152,https://wikicv.net/truyen/ban-gai-benh-kieu-xuyen-thu-YCoqIlS4CDRm1oKG
Nghe nói ngươi còn ái nàng,Diệp Sáp,"Nguyên sang , Bách hợp , Hiện đại , HE , Tình cảm , Chủ công , Gương vỡ lại lành , Nhẹ nhàng , Nghịch tập",Hoàn thành,39865,153,10,72,https://wikicv.net/truyen/nghe-noi-nguoi-con-ai-nang-X6GOFFS4CEYXZbKy
Biến thân mỹ thiếu nữ chi Thanh Hà Long Vương,Mại Hỏa Sài Đích Tiểu Nam Hài,"Nguyên sang , Bách hợp , Cổ đại , HE , Tình cảm , Huyền huyễn , Sinh tồn , Tu chân , Xuyên việt , Thần tiên yêu quái , Nam biến nữ , Thăng cấp lưu , Thiên chi kiêu tử , Thị giác nữ chủ , Lữ hành",Hoàn thành,39805,176,12,38,https://wikicv.net/truyen/bien-than-my-thieu-nu-chi-thanh-ha-long--Y2kU9PTaEHGWD2or
Lão bà mỗi ngày đều ở giả nghèo,Kiến Kình Lạc,"Nguyên sang , Bách hợp , Hiện đại , HE , Tình cảm , Ngọt văn , Hào môn thế gia , Giới giải trí , Hỗ công , Hài hước , Đô thị tình duyên , Phương Tây , 1v1",Hoàn thành,39711,443,21,207,https://wikicv.net/truyen/lao-ba-moi-ngay-deu-o-gia-ngheo-X7BbKVS4CFE93w4P
Vì nhiệt huyết tổng mạn thế giới dâng lên cơ bắp thiếu nữ,Đả Liễu Cá Mã Khắc Bôi,"Diễn sinh , Bách hợp , Hiện đại , HE , Manga anime , Xuyên việt , Dị năng , Nam biến nữ , Thi đấu cạnh kỹ , Vườn trường , Thăng cấp lưu , Nhẹ nhàng , Nhiều CP , Hoàng tử Tennis , Thế giới song song , Thị giác nữ chủ , Kuroko no basket , Kỹ thuật lưu",Hoàn thành,39686,1165,18,136,https://wikicv.net/truyen/vi-nhiet-huyet-tong-man-the-gioi-dang-le-YGFaAFS4CAN8fTfm
70 niên đại ôn thần biến phúc tinh,Nguyệt Luân Hư Vô,"Nguyên sang , Bách hợp , Hiện đại , HE , Tình cảm , Làm ruộng , Xuyên việt , Tùy thân không gian , Chủ công , Nhẹ nhàng",Hoàn thành,39668,867,10,233,https://wikicv.net/truyen/70-nien-dai-on-than-bien-phuc-tinh-XODcWkbIjl9Eck48
Xuyên thành tổng tài đỉnh lưu thế thân,Thất Thương Tế,"Nguyên sang , Bách hợp , Hiện đại , HE , Tình cảm , Xuyên thư , Hào môn thế gia , Cẩu huyết , Nữ phụ , Giới giải trí , Nhẹ nhàng , Thế thân",Hoàn thành,39615,296,35,65,https://wikicv.net/truyen/xuyen-thanh-tong-tai-dinh-luu-the-than-XzR30lS4CEflEXYF
Cấm tới gần,Diệp Sáp,"Nguyên sang , Bách hợp , Hiện đại , HE , Tình cảm , Cường cường , Hỗ công , Đô thị tình duyên , Duyên trời tác hợp , Tương ái tương sát",Hoàn thành,39606,208,12,46,https://wikicv.net/truyen/cam-toi-gan-YN9tFlS4CFczsGws
Cuồng A thu liễm sau có thê có nữ,Cảnh Tiểu Lục,"Nguyên sang , Bách hợp , Hiện đại , HE , Tình cảm , Niên hạ , Xuyên thư , Sinh con , Chủ công , ABO , Nhẹ nhàng",Hoàn thành,39416,398,8,47,https://wikicv.net/truyen/cuong-a-thu-liem-sau-co-the-co-nu-YwECZkbIjiU_g8F0
Ở Già Thiên biến thành nữ yêu những cái đó năm,Bách Ảnh Hợp Nhị Hào,"Diễn sinh , Bách hợp , Cổ đại , HE , Huyền huyễn , Xuyên việt , Chủ công , Nam biến nữ , NP , Main là động vật",Tạm ngưng,39353,862,10,33,https://wikicv.net/truyen/o-gia-thien-bien-thanh-nu-yeu-nhung-cai--Ybg%7Ej1S4CGi3BAdM
"Ta, Nhật Bản nữ cảnh",Ngự Bản 00000,"Diễn sinh , Bách hợp , Hiện đại , HE , Manga anime , Huyền học , Quan trường , Ma pháp , Dị năng , Hệ thống , Phá án , Cường cường , NP , Thần thoại , Vị diện , Thăng cấp lưu , Sảng văn , Nhẹ nhàng , Nhiều CP , Nữ cường , Tương ái tương sát , Thị giác nữ chủ , Triệu hoán lưu , Fate , Điệp viên , Sát thủ , Học bá",Hoàn thành,39329,604,21,50,https://wikicv.net/truyen/ta-nhat-ban-nu-canh-X0tpkDu26yqZj95j
Huyền học đại sư xuyên thành tra A sau cùng ảnh hậu HE,Tử Phi Ngư Phi Tử,"Nguyên sang , Bách hợp , Hiện đại , HE , Tình cảm , Huyền học , Ngọt văn , Xuyên thư , ABO , Giới giải trí , Nhẹ nhàng , Hỗ công , 1v1",Hoàn thành,39310,369,14,68,https://wikicv.net/truyen/huyen-hoc-dai-su-xuyen-thanh-tra-a-sau-c-YrZfilS4CESEQxkz
Có bản lĩnh ngươi lần này đừng quải gl [ xuyên nhanh ],Lộc Dậu Trạch,"Nguyên sang , Bách hợp , Cổ đại , Hiện đại , Tương lai , HE , Tình cảm , Xuyên việt , Ngọt văn , Xuyên nhanh , Chủ công , Nhẹ nhàng , Kim bài đề cử 🥇",Hoàn thành,39255,425,17,93,https://wikicv.net/truyen/co-ban-linh-nguoi-lan-nay-dung-quai-gl-x-X%7EAYWFS4CFKQgDQc
Nữ Xứng Bi Thống Muốn Chết,Diệp Y,"Nguyên sang , Bách hợp , Cổ đại , HE , OE , Tình cảm , Dị thế , Xuyên việt , Ma pháp , Xuyên thư , ABO , Cường cường , Vị diện , Đấu khí , Chủ thụ , Tây huyễn , Thiên chi kiêu tử , Phương Tây , Xuyên thành vai ác , Tương ái tương sát , 1v1 , Thị giác nữ chủ",Hoàn thành,39190,200,1,26,https://wikicv.net/truyen/nu-xung-bi-thong-muon-chet-WR%7EwM%7E8h7C9XjCPG
Vai ác hôm nay uống thuốc đi sao ( xuyên nhanh ),Nam Hòa Hòa Nhất,"Nguyên sang , Bách hợp , Cổ đại , Hiện đại , HE , Tình cảm , Báo thù , Ngọt văn , Song khiết 🕊️ , Xuyên nhanh , Nhẹ nhàng , Hỗ công , Ngược tra",Hoàn thành,39189,827,11,154,https://wikicv.net/truyen/vai-ac-hom-nay-uong-thuoc-di-sao-xuyen-n-YIUxtGHe7Ab2C9aK
Bị bắt gả cho thù địch về sau [ Xuyên nhanh ],Sơn Tra Nhi,"Nguyên sang , Bách hợp , Cận đại , Hiện đại , HE , Tình cảm , Huyền huyễn , Xuyên việt , Ngọt văn , Hệ thống , Xuyên nhanh , Cưới trước yêu sau , Chủ thụ , 1v1",Hoàn thành,39156,648,16,202,https://wikicv.net/truyen/bi-bat-ga-cho-thu-dich-ve-sau-xuyen-nhan-XLLmn1S4CF2Wau4%7E
Xuyên thư chi phù mộng tam sinh,Thời Vi Nguyệt Thượng,"Nguyên sang , Bách hợp , Cổ đại , HE , Tiên hiệp , Tu chân , Trọng sinh",Hoàn thành,39073,639,6,247,https://wikicv.net/truyen/xuyen-thu-chi-phu-mong-tam-sinh-W4i96lS4CHY2Vrn0
Quận chúa muốn sủng thê,Liễm Chu,"Nguyên sang , Bách hợp , Cổ đại , HE , Tình cảm , Võ hiệp , Ngọt văn , Chủ công , Trạch đấu , Cung đình hầu tước , Sảng văn",Hoàn thành,39019,338,9,131,https://wikicv.net/truyen/quan-chua-muon-sung-the-XGFTKVS4CGaMpgwR
Trọng sinh thành nữ thần tra công bạn gái,Đào Bảo Tiểu Viên,"Nguyên sang , Bách hợp , Hiện đại , HE , Tình cảm , Ngọt văn , Trọng sinh , Chủ công , Giới giải trí , Nhẹ nhàng",Hoàn thành,38966,214,1,69,https://wikicv.net/truyen/trong-sinh-thanh-nu-than-tra-cong-ban-ga-X%7ESJijzLcm96pyyS
Không cẩn thận hoài thủ trưởng hài tử,Thị Nguyên Thuần,"Nguyên sang , Bách hợp , Hiện đại , HE , Tình cảm , Ngọt văn , Sinh con , Hào môn thế gia , Chủ thụ , Cận thủy lâu đài , Kim bài đề cử 🥇 , 1v1",Hoàn thành,38953,499,3,83,https://wikicv.net/truyen/khong-can-than-hoai-thu-truong-hai-tu-XdAOnlS4CHGenXs5
Đá quý thương nhân cùng kim cương tiểu thư,Nhập Nhập Nha,"Nguyên sang , Bách hợp , Hiện đại , HE , Tình cảm , Ngọt văn , Cường cường , Nhẹ nhàng , Đô thị tình duyên",Hoàn thành,38935,278,4,111,https://wikicv.net/truyen/da-quy-thuong-nhan-cung-kim-cuong-tieu-t-XyUWYFS4CDdD92Ts
Tình Địch Ngươi Làm Gì,Đào Hoa Thiên Thiên,"Nguyên sang , Bách hợp , Cổ đại , Hiện đại , Tương lai , HE , Tình cảm , Tiên hiệp , Khoa học viễn tưởng , Xuyên nhanh , Chủ thụ",Hoàn thành,38904,121,20,70,https://wikicv.net/truyen/tinh-dich-nguoi-lam-gi-W8Ab8kbIjix71CnT
Cưới Vương phi đưa ngôi vị hoàng đế [ trọng sinh ],Nhân Phong Nhứ,"Nguyên sang , Bách hợp , Cổ đại , HE , Tình cảm , Ngọt văn , Trọng sinh , Cung đình hầu tước , Nhẹ nhàng , Hỗ công , Kiếp trước kiếp này , Cải trang giả dạng , 1v1 , Song trọng sinh",Hoàn thành,38902,317,3,164,https://wikicv.net/truyen/cuoi-vuong-phi-dua-ngoi-vi-hoang-de-tron-XcDbolS4CF%7Exbb%7EC
Xuyên thư chi nữ chủ sẽ cắn người,Hàn Vũ Tử Hiết,"Nguyên sang , Bách hợp , Cổ đại , HE , Tình cảm , Tiên hiệp , Huyền huyễn , Tu chân , Xuyên việt , Ngọt văn , Trọng sinh , Xuyên thư , Nữ phụ , Cường cường , Niên thượng , Sảng văn , Nhẹ nhàng , Hỗ công , Kiếp trước kiếp này , Hài hước , Xuyên thành vai ác , Thế giới song song , 1v1 , Thị giác nữ chủ , Mất trí nhớ",Hoàn thành,38899,239,7,93,https://wikicv.net/truyen/xuyen-thu-chi-nu-chu-se-can-nguoi-XF7T00bIjiK4Fiaw
"Ta, vai ác nữ chủ, quyết chí tự cường",Lục Nguyệt Đích Tuyết,"Nguyên sang , Bách hợp , Cổ đại , OE , Tiên hiệp , Dị thế , Tu chân , Xuyên việt , Nam biến nữ",Còn tiếp,38899,709,14,94,https://wikicv.net/truyen/ta-vai-ac-nu-chu-quyet-chi-tu-cuong-YUXqNjzLcnvRhLub
Hôn hôn buồn ngủ [ giới giải trí ],Tiểu Tiểu Tiểu Tiểu Ô Quy,"Nguyên sang , Bách hợp , Cận đại , Hiện đại , HE , Tình cảm , Ngọt văn , Giới giải trí , Cưới trước yêu sau , Hỗ công , Kim bài đề cử 🥇 , 1v1",Hoàn thành,38866,603,4,288,https://wikicv.net/truyen/hon-hon-buon-ngu-gioi-giai-tri-W%7EnDm1S4CDF8MJv7
,Ẩn danh,,Đang cập nhật,0,0,0,0,https://wikicv.net/truyen/nu-chu-cau-buong-tha-Wfk8gO8h7HJdmmXA
Dị giới bên nhau,Lai Lộ Đương Quy Đồ,"Nguyên sang , Bách hợp , Cổ đại , HE , Tình cảm , Tiên hiệp , Huyền huyễn , Dị thế , Niên thượng , Nhẹ nhàng",Hoàn thành,38705,256,52,83,https://wikicv.net/truyen/di-gioi-ben-nhau-W%7E%7EhelS4CHmHgyEu
Cầu xin ngươi ly hôn đi,Bạch Nhật Quỳ,"Nguyên sang , Bách hợp , Hiện đại , HE , Tình cảm , Song khiết 🕊️ , Hào môn thế gia , Cẩu huyết , Gương vỡ lại lành , Chủ thụ , Khế ước tình nhân , Duyên trời tác hợp",Hoàn thành,38693,213,13,52,https://wikicv.net/truyen/cau-xin-nguoi-ly-hon-di-Xywo3TzLckPzTan4
Trang A thất bại bị đối thủ một mất một còn đánh dấu,Nghịch Thiêm,"Nguyên sang , Bách hợp , Hiện đại , HE , Tình cảm , Ngọt văn , Sinh con , ABO , Giới giải trí , Chủ thụ , Nhẹ nhàng",Hoàn thành,38676,586,10,147,https://wikicv.net/truyen/trang-a-that-bai-bi-doi-thu-mot-mat-mot--YEHTaFS4CFHO5g47
"Ta ma nữ danh hiệu càng nhiều, năng lực càng nhiều",AC Phong Diệp,"Nguyên sang , Bách hợp , Cổ đại , Cận đại , OE , Tình cảm , Huyền huyễn , Sinh tồn , Dị thế , Xuyên việt , Ma pháp , Hệ thống , Nam biến nữ , Thăng cấp lưu , Sảng văn , Giả heo ăn hổ , Thị giác nữ chủ , Lữ hành",Còn tiếp,38640,684,7,57,https://wikicv.net/truyen/ta-ma-nu-danh-hieu-cang-nhieu-nang-luc-c-Y28YUVS4CCpsjxzJ
Nàng muốn cùng ta ly hôn,Phong Nhận Tác Thư,"Nguyên sang , Bách hợp , Hiện đại , HE , Tình cảm , Trọng sinh , Gương vỡ lại lành , Giới giải trí , Nhẹ nhàng , Hỗ công , Đô thị tình duyên",Hoàn thành,38572,78,2,28,https://wikicv.net/truyen/nang-muon-cung-ta-ly-hon-W2RFVFS4CFCReQw3
"Ảnh hậu lạnh nhạt vô tình, chỉ biết chuyển tiền",Hạ Hữu Tín,"Nguyên sang , Bách hợp , Hiện đại , HE , Tình cảm , Ngọt văn , Xuyên thư , Chủ công , Giới giải trí , 1v1",Hoàn thành,38553,427,4,62,https://wikicv.net/truyen/anh-hau-lanh-nhat-vo-tinh-chi-biet-chuye-ZkHF6lS4CDb_WAFl
Xuyên thành ác độc nữ xứng sau ta quải nữ chủ,Tố Tố Tố,"Nguyên sang , Bách hợp , Hiện đại , HE , Tình cảm , Xuyên việt , Xuyên thư , Sảng văn , Nhẹ nhàng , Tương ái tương sát",Hoàn thành,38532,306,3,186,https://wikicv.net/truyen/xuyen-thanh-ac-doc-nu-xung-sau-ta-quai-n-XlypIjzLchZxjq1O
Vì ái ăn vạ ngươi ( GL ),Tiểu Bạch NO1,"Nguyên sang , Bách hợp , Hiện đại , HE , Tình cảm , Hào môn thế gia , Hoan hỉ oan gia , Sảng văn , Nhẹ nhàng , Đô thị tình duyên , Tiểu bạch văn",Hoàn thành,38516,71,1,36,https://wikicv.net/truyen/vi-ai-an-va-nguoi-gl-WiqUme8h7DV3WdoU
Cứu vớt lớn tuổi thừa nữ [ Mau xuyên ],Phù Tư,"Nguyên sang , Bách hợp , Cổ đại , Cận đại , Hiện đại , HE , Tình cảm , Ngọt văn , Hệ thống , Xuyên nhanh , Nhẹ nhàng , Hỗ công , 1v1",Hoàn thành,38515,585,8,145,https://wikicv.net/truyen/cuu-vot-lon-tuoi-thua-nu-mau-xuyen-XweC4jzLcjW3gqxm
"Nàng sơn, nàng hải",Phù Hoa,"Nguyên sang , Bách hợp , Hiện đại , HE , Tình cảm , Vườn trường , Chủ thụ , Nhẹ nhàng , Cận thủy lâu đài , Ấm áp , Kim bài đề cử 🥇 , Kim Bảng 🏆 , 1v1",Hoàn thành,38474,831,87,408,https://wikicv.net/truyen/nang-son-nang-hai-XggXLFS4CDENLsQ1
Đấu La đại lục 1 xích diều buông xuống,Nhạn Diệc Vô Ngân,"Diễn sinh , Bách hợp , Cổ đại , Cận đại , OE , Tình cảm , Manga anime , Xuyên việt , Thị giác nữ chủ , Đấu La đại lục",Hoàn thành,38451,266,30,96,https://wikicv.net/truyen/dau-la-dai-luc-1-xich-dieu-buong-xuong-YK6IT1S4CBgDV20i
Ta Omega là cái ớt cay nhỏ,Nhàn Cửu Thất,"Nguyên sang , Bách hợp , Tương lai , HE , Tình cảm , Làm ruộng , Tùy thân không gian , Sinh con , Chủ công , ABO",Hoàn thành,38437,404,5,46,https://wikicv.net/truyen/ta-omega-la-cai-ot-cay-nho-YnUGD2He7GVqHXLI
Câm điếc thiếu nữ,Ngưng Thị Hắc Ám,"Nguyên sang , Bách hợp , Cận đại , Hiện đại , HE , Tình cảm , Huyền huyễn , Nam biến nữ , 1v1 , Thị giác nữ chủ",Hoàn thành,38408,345,6,59,https://wikicv.net/truyen/cam-diec-thieu-nu-XiXMhVS4CDswOnqh
Công lược nam chủ bạch nguyệt quang [ xuyên nhanh ],Phong Thỏ Tử,"Nguyên sang , Bách hợp , Cổ đại , Hiện đại , HE , Tình cảm , Ngọt văn , Xuyên nhanh , Xuyên thư , Nhẹ nhàng , Hỗ công",Hoàn thành,38368,622,29,309,https://wikicv.net/truyen/cong-luoc-nam-chu-bach-nguyet-quang-xuye-XeyGIDzLcmxNWzF2
Từ biến thành nữ cao trung bắt đầu Chủ Thần không gian hành trình,Nhất Điểm Dã Bất Thục Luyện,"Diễn sinh , Bách hợp , Hiện đại , HE , Manga anime , Xuyên việt , Ma pháp , Hệ thống , Nam biến nữ , Vườn trường , NP , Vị diện , Vô hạn lưu , Thăng cấp lưu , Sảng văn , Nhẹ nhàng , Nhiều CP , Thế giới song song , Thị giác nữ chủ , Fate , Vô địch lưu",Hoàn thành,38360,255,26,95,https://wikicv.net/truyen/tu-bien-thanh-nu-cao-trung-bat-dau-chu-t-XuhXQ1S4CFEe8QFc
Ta dựa trà xanh thông đồng nữ chủ [ xuyên nhanh ],Tắc Thảo Vãn Thanh,"Nguyên sang , Bách hợp , Hiện đại , HE , Tình cảm , Xuyên việt , Hệ thống , Song khiết 🕊️ , Xuyên nhanh , Chủ thụ , Nhẹ nhàng , 1v1",Hoàn thành,38338,741,32,194,https://wikicv.net/truyen/ta-dua-tra-xanh-thong-dong-nu-chu-xuyen--YJrOS1S4CAzKbPmk
Xuyên qua tiếu ngạo chi nắm tay Đông Phương GL,Noãn Dương Khanh Trần,"Diễn sinh , Bách hợp , Cổ đại , HE , Võ hiệp , Huyền huyễn , Xuyên việt , Xuyên thư , Nhẹ nhàng",Hoàn thành,38335,379,3,87,https://wikicv.net/truyen/xuyen-qua-tieu-ngao-chi-nam-tay-dong-phu-WznH7%7E8h7GWkMxju
Nữ tướng quân truy thê lộ,Tả Mộc Trà Trà Quân,"Nguyên sang , Bách hợp , Cổ đại , HE , Tình cảm , Xuyên việt , Chủ công , Nữ cường",Hoàn thành,38310,458,10,263,https://wikicv.net/truyen/nu-tuong-quan-truy-the-lo-WzG6fO8h7CcI8R0p
Đánh dấu nữ chủ sau pháo hôi thành hào môn chuế A,Thập Nguyệt Chiêu Chiêu,"Nguyên sang , Bách hợp , Hiện đại , HE , Tình cảm , Ngọt văn , Chủ công , Hào môn thế gia , ABO , Cưới trước yêu sau , Khế ước tình nhân , Nhẹ nhàng",Hoàn thành,38260,564,9,122,https://wikicv.net/truyen/danh-dau-nu-chu-sau-phao-hoi-thanh-hao-m-ZXyRzlS4CHQCdWif
Trưởng công chúa kim an,Hà Vi Đạo,"Nguyên sang , Bách hợp , Cổ đại , HE , Tình cảm , Xuyên thư , Cung đình hầu tước , Cải trang giả dạng , 1v1 , Giả heo ăn hổ , Xuyên thành vai chính",Hoàn thành,38251,275,24,178,https://wikicv.net/truyen/truong-cong-chua-kim-an-X3JMRlS4CA37Uh6r
Một thích cách giả thiếu nữ vô hạn chi lữ,Thổ Thượng Đích Đảo Dân,"Diễn sinh , Bách hợp , Cận đại , Hiện đại , HE , Manga anime , Xuyên việt , Dị năng , Hệ thống , Tinh tế , Cơ giáp , Nam biến nữ , Vị diện , Vô hạn lưu , Thăng cấp lưu , Hài hước , Tây huyễn , Duyên trời tác hợp , Thế giới song song , Thị giác nữ chủ , Fate , Xuyên thành vai chính , Marvel , Gundam , Chữa lành , Lữ hành , Tokyo Ghoul , Xuyên game",Hoàn thành,38242,948,25,124,https://wikicv.net/truyen/mot-thich-cach-gia-thieu-nu-vo-han-chi-l-YPUHDFS4CCT_805Z
Lòng dạ hiểm độc mỹ thực quán,Thiên Mịch Hà,"Nguyên sang , Bách hợp , Hiện đại , HE , Tình cảm , Ngọt văn , Mỹ thực , Nhẹ nhàng , Hỗ công",Hoàn thành,38236,1081,9,196,https://wikicv.net/truyen/long-da-hiem-doc-my-thuc-quan-X2evokbIjiwMcvS6
Nữ chủ nàng lại liêu lại sủng [ xuyên nhanh ],Mã Lưu Tử,"Nguyên sang , Bách hợp , Cổ đại , Hiện đại , HE , Tình cảm , Xuyên nhanh , Xuyên thư , Chủ thụ , Nhẹ nhàng",Hoàn thành,38225,484,8,118,https://wikicv.net/truyen/nu-chu-nang-lai-lieu-lai-sung-xuyen-nhan-Xk_kBVS4CCdsC12A
Tỉnh ngủ tướng phủ thiên kim,Cảnh Tiểu Lục,"Nguyên sang , Bách hợp , Cổ đại , HE , Tình cảm , Ngọt văn , Trọng sinh , Niên hạ , Duyên trời tác hợp",Hoàn thành,38223,233,0,24,https://wikicv.net/truyen/tinh-ngu-tuong-phu-thien-kim-W1mLT1S4CBRxQwNF
Hồ ly tinh bị công ký GL [Xuyên nhanh],Bạch Nhật Hi,"Nguyên sang , Bách hợp , Cổ đại , HE , Tình cảm , Huyền huyễn , Tu chân , Ngọt văn , Hệ thống , Thần tiên yêu quái , Xuyên nhanh , Xuyên thư , Nhẹ nhàng , Hỗ công",Hoàn thành,38216,600,12,218,https://wikicv.net/truyen/ho-ly-tinh-bi-cong-ky-gl-xuyen-nhanh-XRYiHju26yjYkdGi
[ Võ động càn khôn ] cầm luyến,Mộc Lân Hề Ngẫu,"Diễn sinh , Bách hợp , Cổ đại , HE , Huyền huyễn , Xuyên việt , Ngọt văn , Sinh con , Cường cường , Chủ thụ , Kiếp trước kiếp này , Ấm áp , 1v1 , Thị giác nữ chủ",Hoàn thành,38140,290,57,159,https://wikicv.net/truyen/vo-dong-can-khon-cam-luyen-YEN5r1S4CB7iDBG8
Cung khuynh hiện đại thiên,Minh Dã,"Nguyên sang , Bách hợp , Hiện đại , HE , Tình cảm , Ngọt văn , Niên hạ , Hỗ công , Kiếp trước kiếp này , Đô thị tình duyên , 1v1",Hoàn thành,38009,18,10,18,https://wikicv.net/truyen/cung-khuynh-hien-dai-thien-YAdghlS4CAG7rG9b
Bán thâm tình ( xuyên nhanh ),Ngung Ngung,"Nguyên sang , Bách hợp , Tương lai , HE , Tình cảm , Hệ thống , Xuyên nhanh , Chủ công , 1v1",Hoàn thành,37926,863,14,306,https://wikicv.net/truyen/ban-tham-tinh-xuyen-nhanh-ZEglMDu26w0vZbe1
Xuyên thư trưởng thành công chúa phò mã chuế A,Phúc Hữu Hạnh Xuyên,"Nguyên sang , Bách hợp , Cổ đại , HE , Tình cảm , Xuyên thư , Chủ công , ABO , Cung đình hầu tước",Hoàn thành,37924,315,10,8,https://wikicv.net/truyen/xuyen-thu-truong-thanh-cong-chua-pho-ma--aCzHw1S4CCIUAw0d
"Biến thân song bào thai nữ tinh, vì giải trí dâng lên nội cuốn",Ngọc Thỏ Đảo Dược,"Nguyên sang , Bách hợp , Hiện đại , OE , Tình cảm , Xuyên việt , Nam biến nữ , NP , Sảng văn , Thế giới song song , Thị giác nữ chủ",Còn tiếp,37891,628,17,25,https://wikicv.net/truyen/bien-than-song-bao-thai-nu-tinh-vi-giai--Y95zhDzLcgR74eD2
Nguyên lai ta là mị mị dương,Du Duyệt Đích Linh Đang,"Diễn sinh , Bách hợp , Cổ đại , Cận đại , Hiện đại , OE ,
                     , Ma pháp , Thần thoại , Vô hạn lưu , Tây huyễn , Thế giới song song , Thị giác nữ chủ , Cthulhu , Lữ hành",Hoàn thành,37869,1178,19,138,https://wikicv.net/truyen/nguyen-lai-ta-la-mi-mi-duong-YfLKd1S4CB2mRUbG
"Đại tướng quân, ngươi lại vô lại gl",Tiểu Gia Thị Phong Tử,"Nguyên sang , Bách hợp , Cổ đại , HE , Võ hiệp , Sinh con , Chủ công , Cải trang giả dạng",Hoàn thành,37820,80,1,8,https://wikicv.net/truyen/dai-tuong-quan-nguoi-lai-vo-lai-gl-W4vSbFS4CF0pRIyb
Ác độc nữ xứng có biến miêu hệ thống sau [ giới giải trí ],Tiếu Lam,"Nguyên sang , Bách hợp , Hiện đại , HE , Tình cảm , Ngọt văn , Hệ thống , Hào môn thế gia , Giới giải trí , Chủ thụ , Nhẹ nhàng , Ngân bài đề cử 🥈 , Main là động vật",Hoàn thành,37816,1046,20,363,https://wikicv.net/truyen/ac-doc-nu-xung-co-bien-mieu-he-thong-sau-Xj%7EYlVS4CGTSQrdB
"Người ở Honkai, khai cục sắm vai Raiden Shogun",Hương Thái Bất Kháp Bạch Thái,"Diễn sinh , Bách hợp , Hiện đại , OE , Tình cảm , Manga anime , Khoa học viễn tưởng , Sinh tồn , Xuyên việt , Ma pháp , Hệ thống , Thần thoại , Thế giới song song , Thị giác nữ chủ , Chữa lành , Lữ hành , Genshin , Honkai",Tạm ngưng,37699,761,28,119,https://wikicv.net/truyen/nguoi-o-honkai-khai-cuc-sam-vai-raiden-s-Yyi1mfTaEFP%7E0jkH
Điện quang ảo ảnh,Nhất Trản Dạ Đăng,"Nguyên sang , Bách hợp , Hiện đại , HE , Tình cảm , Giới giải trí , Đô thị tình duyên",Hoàn thành,37686,55,5,32,https://wikicv.net/truyen/dien-quang-ao-anh-Xlcoh1S4CHHcdRUS
Ta đem lão bà đua hảo [ vô hạn lưu ],Tô Tửu,"Nguyên sang , Bách hợp , Tương lai , HE , Tình cảm , Ngọt văn , Chủ công , Thanh mai trúc mã , Vô hạn lưu , Sảng văn , Nhẹ nhàng",Hoàn thành,37679,1097,50,302,https://wikicv.net/truyen/ta-dem-lao-ba-dua-hao-vo-han-luu-YNwMyFS4CC0WQ2v2
Từ lãnh cung công chúa đến trường sinh bất lão,Bất Ái Cật Hàm Thái,"Nguyên sang , Bách hợp , Cổ đại , OE , Tình cảm , Huyền huyễn , Sinh tồn , Xuyên việt , Hệ thống , Thần tiên yêu quái , Thăng cấp lưu , Kiếp trước kiếp này , Thiên chi kiêu tử , Duyên trời tác hợp , 1v1 , Thị giác nữ chủ , Vô địch lưu , Xuyên thành vai chính , Chậm nhiệt , Lữ hành",Hoàn thành,37547,542,26,52,https://wikicv.net/truyen/tu-lanh-cung-cong-chua-den-truong-sinh-b-YtSoVzzLch7RxA5t
Ở nguyên thủy bộ lạc đương thủ lĩnh ( xây dựng ),Đại Miêu Truy Nguyệt,"Nguyên sang , Bách hợp , Cổ đại , HE , Tình cảm , Làm ruộng , Xây dựng , Xuyên việt , Mỹ thực , Hỗ công , Kim Bảng 🏆 , 1v1 , Nguyên thủy",Hoàn thành,37495,794,14,292,https://wikicv.net/truyen/o-nguyen-thuy-bo-lac-duong-thu-linh-xay--YtT2l1S4CB__dEOE
Pháo hôi tiền nhiệm trọng sinh sau,Lộc Ương Ương,"Nguyên sang , Bách hợp , Cổ đại , HE , Tình cảm , Ngọt văn , Trọng sinh , Hệ thống , Xuyên nhanh , Xuyên thư , Chủ công , Nhẹ nhàng",Hoàn thành,37479,139,3,68,https://wikicv.net/truyen/phao-hoi-tien-nhiem-trong-sinh-sau-Xlyc%7ETu2620Mu%7EZK
Mạnh nhất vô bại ngựa đua nương truyền thuyết,Linh Y,"Diễn sinh , Bách hợp , Hiện đại , HE , Tình cảm , Manga anime , Xuyên việt , Hệ thống , Nam biến nữ , NP , Thế giới song song , Thị giác nữ chủ , Lữ hành",Hoàn thành,37477,225,33,130,https://wikicv.net/truyen/manh-nhat-vo-bai-ngua-dua-nuong-truyen-t-YzsbfDu26zGbiHjH
Vạn nhân mê Alpha không nghĩ nghịch tập [ xuyên nhanh ],Qua Vân Tê,"Nguyên sang , Bách hợp , Tương lai , HE , Tình cảm , Ngọt văn , Hệ thống , Xuyên nhanh , Xuyên thư , Chủ công , Nhẹ nhàng , Nghịch tập , 1v1",Chưa xác minh,37457,991,18,318,https://wikicv.net/truyen/van-nhan-me-alpha-khong-nghi-nghich-tap--Yxv8YVS4CESgh%7EXf
Ở cổ đại truy thê nhật tử,Hoặc Hứa Hữu Nhất Thiên,"Nguyên sang , Bách hợp , Cổ đại , HE , Tình cảm , Xuyên việt , Ngọt văn , Sinh con , Chủ công , ABO , Nhẹ nhàng , Cải trang giả dạng",Hoàn thành,37320,431,3,9,https://wikicv.net/truyen/o-co-dai-truy-the-nhat-tu-ZYunSlS4CDIyePck
Mạnh nhất vai ác cứu vớt kế hoạch [ vô hạn ],Linh Chu,"Nguyên sang , Bách hợp , Hiện đại , HE , Tình cảm , Xuyên thư , Nữ phụ , Vô hạn lưu , Hỗ công , Duyên trời tác hợp",Hoàn thành,37316,1151,18,110,https://wikicv.net/truyen/manh-nhat-vai-ac-cuu-vot-ke-hoach-vo-han-YBvKqVS4CETAAwn1
Cùng nàng từ diễn thành thật,Thanh Thang Xuyến Hương Thái,"Nguyên sang , Bách hợp , Hiện đại , HE , Tình cảm , Hào môn thế gia , Đô thị tình duyên",Hoàn thành,37243,259,0,137,https://wikicv.net/truyen/cung-nang-tu-dien-thanh-that-W2Z4BlS4CB_E6Ahy
Cứu vớt ác độc nữ xứng [GL],A Hắc Hắc Hắc,"Nguyên sang , Bách hợp , Cổ đại , Hiện đại , HE , Tình cảm , Mạt thế , Tu chân , Hệ thống , Xuyên nhanh , Cẩu huyết , Giới giải trí , Chủ thụ , Nhẹ nhàng , Tây huyễn , Tiểu bạch văn , 1v1",Hoàn thành,37205,266,50,167,https://wikicv.net/truyen/cuu-vot-ac-doc-nu-xung-gl-XjBdPVS4CDvQXfuA
Ngư long phù,Tuyệt Ca,"Nguyên sang , Bách hợp , Cổ đại , Hiện đại , HE , Tình cảm , Trinh thám , Huyền huyễn , Hài hước , Linh dị thần quái",Hoàn thành,37202,502,12,112,https://wikicv.net/truyen/ngu-long-phu-WuGmhO8h7H8TKc9V
Xuyên thư: Cấp trên là mạt thế mỹ nhân vai chính thụ,Kim Dạ Vô Miên,"Nguyên sang , Bách hợp , Hiện đại , HE , Tình cảm , Khoa học viễn tưởng , Mạt thế , Dị năng , Xuyên thư , Chủ công , Hoan hỉ oan gia , Nhẹ nhàng , Đô thị tình duyên , 1v1 , Thị giác nữ chủ",Chưa xác minh,37156,685,33,302,https://wikicv.net/truyen/xuyen-thu-cap-tren-la-mat-the-my-nhan-va-YfOZsFS4CE1eNp3v
Bạch nguyệt quang chuyên chúc Alpha ( giới giải trí ),Ứng Đắc Tiêu Hạ Lộc,"Nguyên sang , Bách hợp , Hiện đại , HE , Tình cảm , Niên hạ , ABO , Giới giải trí , Cận thủy lâu đài",Hoàn thành,37132,486,11,173,https://wikicv.net/truyen/bach-nguyet-quang-chuyen-chuc-alpha-gioi-YB5Y0FS4CET3oaMW
Pháo hôi cùng bạch nguyệt quang ( mau xuyên gl ),Qua Vân Tê,"Nguyên sang , Bách hợp , Cận đại , Hiện đại , HE , Tình cảm , Xuyên nhanh , Chủ công , Nghịch tập",Hoàn thành,37124,546,1,96,https://wikicv.net/truyen/phao-hoi-cung-bach-nguyet-quang-mau-xuye-XukCJVS4CDY6foYh
Trưởng công chúa hảo chán ghét!,Triêm Hoa Công Tử,"Nguyên sang , Bách hợp , Cổ đại , HE , Tình cảm , Hoan hỉ oan gia , Cung đình hầu tước , Nhẹ nhàng , Hỗ công , Duyên trời tác hợp",Hoàn thành,37094,153,3,73,https://wikicv.net/truyen/truong-cong-chua-hao-chan-ghet-Xof74DzLcg6r4K8N
Mị ma đương tự mình cố gắng,Phong Tuyết Thiên Niên Đăng,"Nguyên sang , Bách hợp , Cổ đại , OE , Tình cảm , Sinh tồn , Dị thế , Xuyên việt , Ma pháp , Hệ thống , Thần tiên yêu quái , Nam biến nữ , Thăng cấp lưu , Thị giác nữ chủ , Lữ hành",Còn tiếp,37090,1700,36,198,https://wikicv.net/truyen/mi-ma-duong-tu-minh-co-gang-Y5G7mDu261Pgiw76
Tâm sự ngọt nhất của toàn thế giới,Tinh Đường,"Nguyên sang , Bách hợp , Hiện đại , HE , Tình cảm , Ngọt văn , Y thuật , Chủ thụ , Đô thị tình duyên , Kim bài đề cử 🥇",Hoàn thành,37048,126,9,85,https://wikicv.net/truyen/tam-su-ngot-nhat-cua-toan-the-gioi-W2fumVS4CBk8svB0
Nhất phái chi trưởng già mà không đứng đắn!,Trạm Lam Công Phòng,"Nguyên sang , Bách hợp , Cổ đại , Hiện đại , HE , Tình cảm , Võ hiệp , Tiên hiệp , Xuyên việt , Nam biến nữ , Thị giác nữ chủ",Hoàn thành,37033,492,18,185,https://wikicv.net/truyen/nhat-phai-chi-truong-gia-ma-khong-dung-d-YDjcoju262sDo9bX
[ Xuyên nhanh ] bạch liên hoa hắc hóa ký lục gl,Túc Yên,"Nguyên sang , Bách hợp , Hiện đại , HE , Tình cảm , Xuyên nhanh",Hoàn thành,36988,619,7,156,https://wikicv.net/truyen/xuyen-nhanh-bach-lien-hoa-hac-hoa-ky-luc-WGztE3CVfF%7Erg6uB
"Sư tôn, cái đuôi cho ta sờ sờ [ xuyên thư ]",Tiếu Lam,"Nguyên sang , Bách hợp , Cổ đại , HE , Tình cảm , Tiên hiệp , Tu chân , Ngọt văn , Hệ thống , Xuyên thư , Nhẹ nhàng",Hoàn thành,36977,660,8,152,https://wikicv.net/truyen/su-ton-cai-duoi-cho-ta-so-so-xuyen-thu-YXRfp1S4CBEy3vvl
Xuyên nhanh chi mỹ nhân chế tạo hệ thống [GL],Triêm Hoa Công Tử,"Nguyên sang , Bách hợp , Cổ đại , Hiện đại , HE , OE , Tình cảm , Hệ thống , Xuyên nhanh , Hào môn thế gia , Giới giải trí , Vườn trường , Nhẹ nhàng , Hỗ công , Đô thị tình duyên , Nữ cường , Vả mặt , 1v1",Hoàn thành,36882,369,8,79,https://wikicv.net/truyen/xuyen-nhanh-chi-my-nhan-che-tao-he-thong-W0nbQe8h7D5hwd2T
Xuyên thư sau mở ra đơn giản hình thức,Thủy Nguyệt Thanh Phong,"Nguyên sang , Bách hợp , Cổ đại , HE , Tình cảm , Xuyên việt , Ngọt văn , Xuyên thư , Cường cường , Pháo hôi , Thị giác nữ chủ",Hoàn thành,36802,411,11,58,https://wikicv.net/truyen/xuyen-thu-sau-mo-ra-don-gian-hinh-thuc-X8ub8FS4CGSNdVqz
Đấu la chi cong trăng rằm lượng hạ ninh vinh vinh,Nhất Tường Nguyệt,"Diễn sinh , Bách hợp , Cổ đại , HE , Tình cảm , Dị thế , Xuyên việt , Trọng sinh , Đấu La đại lục",Hoàn thành,36775,682,8,97,https://wikicv.net/truyen/dau-la-chi-cong-trang-ram-luong-ha-ninh--Y38FqVS4CGRguqb%7E
Nữ chủ luôn là thật hương [ xuyên nhanh ],Bát Lưỡng Bạch Tửu,"Nguyên sang , Bách hợp , Cổ đại , Hiện đại , HE , Tình cảm , Ngọt văn , Hệ thống , Xuyên nhanh , Nữ phụ , Niên thượng , Chủ thụ , Nhẹ nhàng , Kiếp trước kiếp này , Duyên trời tác hợp , 1v1",Hoàn thành,36653,136,17,72,https://wikicv.net/truyen/nu-chu-luon-la-that-huong-xuyen-nhanh-YZlr6lS4CHV3TdOJ
hp Eudora · Clemente gl ( toàn viên ooc ),Trí Ngã Đích Não Động Quân,"Diễn sinh , Bách hợp , Hiện đại , HE ,
                     , Harry Potter , Tây huyễn",Hoàn thành,36610,661,3,98,https://wikicv.net/truyen/hp-eudora-clemente-gl-toan-vien-ooc-Wvfyq%7E8h7E2OWFOy
Đối với thế giới này ta có biết một chút [ xuyên nhanh ],Hiểu Mộng Trí Huyễn Sinh,"Nguyên sang , Bách hợp , Cổ đại , HE , Tình cảm , Huyền huyễn , Xuyên việt , Ngọt văn , Xuyên nhanh , Xuyên thư , Nữ phụ , ABO , Vô hạn lưu , Thăng cấp lưu , Sảng văn , Hỗ công , Kim bài đề cử 🥇 , 1v1",Hoàn thành,36610,254,4,142,https://wikicv.net/truyen/doi-voi-the-gioi-nay-ta-co-biet-mot-chut-X1Cj7FS4CCxyDccO
Một giấc ngủ dậy ta có oa [ giới giải trí ],Tư Kính Cừ,"Nguyên sang , Bách hợp , Hiện đại , HE , Tình cảm , Ngọt văn , Trọng sinh , Sinh con , Gương vỡ lại lành , Giới giải trí , Nhẹ nhàng , Hài hước , Đô thị tình duyên , Nghịch tập , 1v1",Hoàn thành,36603,280,8,101,https://wikicv.net/truyen/mot-giac-ngu-day-ta-co-oa-gioi-giai-tri-W92K6VS4CFJg%7EkQx
Ác độc nữ xứng đều bị nàng khí khóc [ xuyên nhanh ],Bất Bàn Đa Cật Điểm,"Nguyên sang , Bách hợp , Cổ đại , Hiện đại , HE , Tình cảm , Ngọt văn , Hệ thống , Xuyên nhanh , Chủ công , Sảng văn , Nhẹ nhàng , 1v1",Hoàn thành,36587,273,10,132,https://wikicv.net/truyen/ac-doc-nu-xung-deu-bi-nang-khi-khoc-xuye-Xz4Q1lS4CFdtJd2_
Băng sơn Đại sư tỷ bị ta ấm hóa,Túy Đản Điêu Cừu,"Nguyên sang , Bách hợp , Cổ đại , HE , Tình cảm , Võ hiệp , Xuyên việt , Ngọt văn , Chủ công , Cường cường , Nhẹ nhàng , Giang hồ ân oán",Hoàn thành,36583,179,14,57,https://wikicv.net/truyen/bang-son-dai-su-ty-bi-ta-am-hoa-YVsQwUbIjnOZ7SWq
Cứu vớt cố chấp vai ác Boss [ xuyên nhanh ],Lưu Quân Ý,"Nguyên sang , Bách hợp , Cổ đại , Hiện đại , HE , Tình cảm , Xuyên nhanh , Gương vỡ lại lành , Cung đình hầu tước , Hỗ công , Đô thị tình duyên",Hoàn thành,36571,374,21,100,https://wikicv.net/truyen/cuu-vot-co-chap-vai-ac-boss-xuyen-nhanh-YP7q5VS4CBFbAVZN
Xuyên nhanh chi tra tiền nhiệm tẩy trắng chỉ nam,Hữu Khỏa Thụy Tinh,"Nguyên sang , Bách hợp , Cổ đại , Hiện đại , HE , Tình cảm , Ngọt văn , Xuyên nhanh , Chủ công , Nhẹ nhàng , Vả mặt",Hoàn thành,36450,654,9,217,https://wikicv.net/truyen/xuyen-nhanh-chi-tra-tien-nhiem-tay-trang-YPPzMFS4CAY9tzkj
Xuyên thành phú bà sau: Ai dám đụng đến ta nhãi con! [ xuyên nhanh ],Tiểu Lục Long,"Nguyên sang , Bách hợp , Hiện đại , HE , Tình cảm , Ngọt văn , Hệ thống , Song khiết 🕊️ , Xuyên nhanh , Xuyên thư , Nữ phụ , Giới giải trí , Cường cường , Chủ thụ , Nhẹ nhàng , Duyên trời tác hợp , 1v1",Hoàn thành,36357,509,11,175,https://wikicv.net/truyen/xuyen-thanh-phu-ba-sau-ai-dam-dung-den-t-YTYWQlS4CD25fsnx
Xuyên thành pháo hôi nữ xứng sau thành đoàn sủng,Tạ Nhất Nhị Tam,"Nguyên sang , Bách hợp , Hiện đại , HE , Tình cảm , Ngọt văn , Xuyên thư , Chủ thụ , Khế ước tình nhân , Nhẹ nhàng",Hoàn thành,36309,519,10,155,https://wikicv.net/truyen/xuyen-thanh-phao-hoi-nu-xung-sau-thanh-d-YEfNW1S4CDHvEhLs
Biển sâu đề đốc bách hợp bản,Tỷ Tỷ Đích Tân Nương,"Diễn sinh , Bách hợp , Tương lai , HE ,
                     , Võng du , Tinh tế , Thăng cấp lưu , Thị giác nữ chủ",Hoàn thành,36296,2785,25,446,https://wikicv.net/truyen/bien-sau-de-doc-bach-hop-ban-X1nI6kbIji2A3xum
Sơn Trại Hệ Thống Thật Hố Cha!,Lũ Ngọc Tài Băng,"Nguyên sang , Bách hợp , Cổ đại , HE , Tình cảm , Tiên hiệp , Tu chân , Song khiết 🕊️ , Xuyên thư , Cẩu huyết , Niên thượng , Chủ thụ , Nhiều CP , Pháo hôi , 1v1 , Main là động vật",Hoàn thành,36268,517,7,172,https://wikicv.net/truyen/son-trai-he-thong-that-ho-cha-XgWTAlS4CFbXEbfc
Xuyên thành nữ xứng A sau vì hài hòa mà phấn đấu,Nghiệp Bắc,"Nguyên sang , Bách hợp , Hiện đại , HE , Tình cảm , Ngọt văn , Xuyên thư , ABO , Vườn trường , Nhẹ nhàng , Hỗ công",Hoàn thành,36264,226,12,75,https://wikicv.net/truyen/xuyen-thanh-nu-xung-a-sau-vi-hai-hoa-ma--YOsY01S4CBUZC9XS
Sắm vai ác độc nữ xứng [ xuyên nhanh ],Quyển Miêu,"Nguyên sang , Bách hợp , Cổ đại , Cận đại , Hiện đại , HE , Tình cảm , Khoa học viễn tưởng , Ngọt văn , Hệ thống , Xuyên nhanh , Xuyên thư , Nữ phụ , Chủ thụ , 1v1",Hoàn thành,36257,350,14,84,https://wikicv.net/truyen/sam-vai-ac-doc-nu-xung-xuyen-nhanh-XBEwdFS4CBHy_oK4
Ta cùng nam chủ đoạt nữ chủ,Tiểu Yêu Yêu,"Nguyên sang , Bách hợp , Cổ đại , Hiện đại , HE , Tình cảm , Hệ thống , Xuyên nhanh , Nữ phụ , Nhẹ nhàng , Hài hước , Đô thị tình duyên , Cận thủy lâu đài , Ấm áp , Duyên trời tác hợp , 1v1",Hoàn thành,36199,437,15,78,https://wikicv.net/truyen/ta-cung-nam-chu-doat-nu-chu-XHQGPVS4CA6t9HNg
Thất công chúa một hai phải làm ta ăn cơm mềm,Tửu Túy Đích Phúc Điệp,"Nguyên sang , Bách hợp , Cổ đại , HE , Tình cảm , Xuyên việt , Dị năng , Sinh con , Chủ công , Cung đình hầu tước , Nhẹ nhàng",Hoàn thành,36163,371,4,123,https://wikicv.net/truyen/that-cong-chua-mot-hai-phai-lam-ta-an-co-YIrFkzzLciclfL7y
Thỉnh ngươi ăn đường [ xuyên nhanh ],Mã Lưu Tử,"Nguyên sang , Bách hợp , Cận đại , Hiện đại , HE , Tình cảm , Song khiết 🕊️ , Xuyên nhanh , Giới giải trí , Vườn trường , Cường cường , Dân quốc , Chủ thụ , Sảng văn , Nhẹ nhàng , Tây huyễn , Đô thị tình duyên , 1v1",Hoàn thành,36145,561,6,174,https://wikicv.net/truyen/thinh-nguoi-an-duong-xuyen-nhanh-XvHULTu26xz8ARjQ
Lửa rừng,Ngư Sương,"Nguyên sang , Bách hợp , Hiện đại , HE , Tình cảm , Khế ước tình nhân , Nhẹ nhàng , Hỗ công , Đô thị tình duyên",Hoàn thành,36096,230,7,182,https://wikicv.net/truyen/lua-rung-Xw5Q41S4CBjfYRDi
Hikigaya tiểu thư thế nhưng đáng chết mê người,Đằng Lâm Hạnh,"Diễn sinh , Bách hợp , Hiện đại , OE , Tình cảm , Manga anime , Nam biến nữ , Vườn trường , NP , Thị giác nữ chủ",Hoàn thành,36040,580,19,92,https://wikicv.net/truyen/hikigaya-tieu-thu-the-nhung-dang-chet-me-YQYhTVS4CDom2XTc
Người đứng đắn ai làm tra A a/ Tra A sao có thể sủng lão bà,Qua Tử Miêu,"Nguyên sang , Bách hợp , Hiện đại , HE , Tình cảm , Ngọt văn , Sinh con , Chủ công , ABO , Đô thị tình duyên , 1v1 , Thị giác nữ chủ",Hoàn thành,36037,370,7,139,https://wikicv.net/truyen/nguoi-dung-dan-ai-lam-tra-a-a-tra-a-sao--YpbVUFS4CFeRtpr2
Ly hôn hiểu biết một chút,Thủy Sắc Thiên Thanh,"Nguyên sang , Bách hợp , Hiện đại , HE , Tình cảm , Ngọt văn , Chủ thụ , Nhẹ nhàng , Đô thị tình duyên , Duyên trời tác hợp , 1v1 , Chức nghiệp tinh anh",Hoàn thành,35997,483,10,367,https://wikicv.net/truyen/ly-hon-hieu-biet-mot-chut-XWfyFFS4CDOTEiNj
Bởi vì ta là Surtr,Cửu Yên,"Diễn sinh , Bách hợp , Cổ đại , Cận đại , OE , Tình cảm , Manga anime , NP , Vô hạn lưu , Thị giác nữ chủ , Vô địch lưu , Xuyên game , Genshin",Tạm ngưng,35918,702,48,294,https://wikicv.net/truyen/boi-vi-ta-la-surtr-YXgpWFS4CAX7E3fy
Trở thành Skadi tiểu thư quan hệ huyết thống đi,Liễu Mộng Duyên,"Diễn sinh , Bách hợp , Cổ đại , Hiện đại , OE , Manga anime , Mạt thế , Huyền huyễn , Xuyên việt , Ma pháp , Thú nhân , Hệ thống , Naruto , NP , Vô hạn lưu , Vả mặt , Thị giác nữ chủ , Fate",Hoàn thành,35889,751,24,94,https://wikicv.net/truyen/tro-thanh-skadi-tieu-thu-quan-he-huyet-t-YWdfhTzLchHWXNTn
Tra A trói định tẩy trắng hệ thống sau ( xuyên nhanh ),Ngư Thủy Thủy Thủy,"Nguyên sang , Bách hợp , Cổ đại , Hiện đại , Tương lai , HE , Tình cảm , Tu chân , Hệ thống , Xuyên thư , Chủ công , Hào môn thế gia , ABO , Giới giải trí , Cường cường , Sảng văn , Đô thị tình duyên , Cận thủy lâu đài , Xuyên thành vai ác , Thế giới song song , Ngược tra , Thị giác nữ chủ",Hoàn thành,35879,472,11,156,https://wikicv.net/truyen/tra-a-troi-dinh-tay-trang-he-thong-sau-x-Y9tEezzLcmo%7Ewlhu
Lầm đem trưởng công chúa đương ngoại thất dưỡng,Tiếu Lam,"Nguyên sang , Bách hợp , Cổ đại , HE , Tình cảm , Ngọt văn , Niên hạ , Cung đình hầu tước , Ngân bài đề cử 🥈 , Kim Bảng 🏆 , 1v1",Hoàn thành,35844,251,9,66,https://wikicv.net/truyen/lam-dem-truong-cong-chua-duong-ngoai-tha-Zl1PNFS4CBNI8Mwe
"Ta, tra nữ, chỉ liêu không gả [ xuyên nhanh ]",Nghị Kỳ,"Nguyên sang , Bách hợp , Cổ đại , Hiện đại , HE , Tình cảm , Hệ thống , Xuyên nhanh , Chủ thụ , Nhẹ nhàng , Đô thị tình duyên , Kim bài đề cử 🥇 , 1v1",Hoàn thành,35794,302,4,33,https://wikicv.net/truyen/ta-tra-nu-chi-lieu-khong-ga-xuyen-nhanh-YAw%7E7TzLci_P7V9O
"Ngươi ta yêu nhau, vì dân trừ hại",Thanh Thang Xuyến Hương Thái,"Nguyên sang , Bách hợp , Hiện đại , HE , Tình cảm , Ngọt văn , Hoan hỉ oan gia , Nhẹ nhàng , Hỗ công , Nhiều CP , Đô thị tình duyên , 1v1",Hoàn thành,35793,353,11,139,https://wikicv.net/truyen/nguoi-ta-yeu-nhau-vi-dan-tru-hai-Xbf83FS4CEz08jhh
"Kiana, ta tưởng trở thành Valkyrie",Chuyển Chân Lý Chi Hồi Hoàn,"Diễn sinh , Bách hợp , Hiện đại , OE , Tình cảm , Manga anime , Sinh tồn , Ma pháp , Thần tiên yêu quái , NP , Thăng cấp lưu , Thế giới song song , Thị giác nữ chủ , Chữa lành , Honkai",Còn tiếp,35777,804,15,144,https://wikicv.net/truyen/kiana-ta-tuong-tro-thanh-valkyrie-ZDeHozu2617cqlWE
"Sư tỷ, vật trang sức trên chân của ngươi bị rớt rồi!",Tễ Thập Tam,"Nguyên sang , Bách hợp , Cổ đại , HE , Tình cảm , Tiên hiệp , Tu chân , Ngọt văn , Hệ thống , Xuyên thư , Nhẹ nhàng , Hỗ công , Kiếp trước kiếp này",Hoàn thành,35742,458,2,305,https://wikicv.net/truyen/su-ty-vat-trang-suc-tren-chan-cua-nguoi--XBKQh0bIjmiW4%7ELq
Đồ đội trưởng cùng nàng Thẩm bác sĩ,Bạch Nương Tử,"Nguyên sang , Bách hợp , Hiện đại , OE , Tình cảm , Trinh thám , Kinh thương , Niên hạ , Hào môn thế gia , Cường cường , Chế phục tình duyên , Kim bài đề cử 🥇",Hoàn thành,35609,665,2,19,https://wikicv.net/truyen/do-doi-truong-cung-nang-tham-bac-si-XoRYzFS4CEUMG0yI
Yêu phi Morgan nhấc không nổi kính,Nega Nebulus,"Diễn sinh , Bách hợp , Cổ đại , Cận đại , Hiện đại , OE , Manga anime , Ma pháp , Thần thoại , Thế giới song song , Thị giác nữ chủ , Fate",Tạm ngưng,35609,918,9,263,https://wikicv.net/truyen/yeu-phi-morgan-nhac-khong-noi-kinh-YnkR6DzLchvdfPx5
"Ngân Dực sở đến chỗ, không có một ngọn cỏ!",Cực Y Dạ,"Diễn sinh , Bách hợp , Hiện đại , HE , Manga anime , Sinh tồn , Xuyên việt , Ma pháp , Hệ thống , Thần tiên yêu quái , Vô hạn lưu , Thăng cấp lưu , Thế giới song song , Thị giác nữ chủ , Fate , Lữ hành , Honkai",Hoàn thành,35595,401,18,174,https://wikicv.net/truyen/ngan-duc-so-den-cho-khong-co-mot-ngon-co-Y9q4pvTaECTWLsM%7E
Sủng thê cuồng ma GL,Diệp Sáp,"Nguyên sang , Bách hợp , Hiện đại , HE , Tình cảm , Làm ruộng , Đô thị tình duyên",Hoàn thành,35591,72,1,6,https://wikicv.net/truyen/sung-the-cuong-ma-gl-W6Y04FS4CBJsWqBX
Một giấc ngủ dậy bị tứ hôn cấp đối thủ một mất một còn [Xuyên qua ],Mễ Tửu Viên Tử,"Nguyên sang , Bách hợp , Cổ đại , HE , Tình cảm , Xuyên việt , Ngọt văn , Cường cường , Hoan hỉ oan gia , Chủ thụ , Cung đình hầu tước , Nhẹ nhàng , Hài hước",Hoàn thành,35561,312,14,156,https://wikicv.net/truyen/mot-giac-ngu-day-bi-tu-hon-cap-doi-thu-m-XUg1nWHe7COl8VSx
Tây du: Bắt đầu trói định Bạch Cốt Tinh,Tiểu Tiên Đại Thần,"Diễn sinh , Bách hợp , Cổ đại , HE , Huyền huyễn , Xuyên việt , Hệ thống , Nam biến nữ , Tây Du , Thị giác nữ chủ , Đệ tứ thiên tai",Hoàn thành,35560,1486,20,69,https://wikicv.net/truyen/tay-du-bat-dau-troi-dinh-bach-cot-tinh-YJ3T8FS4CHSeJzvf
"Chết giả sau, vợ trước vì ta điên rồi",Đào Túy,"Nguyên sang , Bách hợp , Hiện đại , HE , Tình cảm , Trọng sinh , Chủ công , Hào môn thế gia , Gương vỡ lại lành , Đô thị tình duyên , 1v1",Hoàn thành,35560,28,8,10,https://wikicv.net/truyen/chet-gia-sau-vo-truoc-vi-ta-dien-roi-Y9S%7EqFS4CFp0r8Nb
Nữ xứng lựa chọn đánh dấu vai ác [ trọng sinh ],Vân Đóa Đường,"Nguyên sang , Bách hợp , Hiện đại , HE , Tình cảm , Ngọt văn , Trọng sinh , Chủ công , Sảng văn",Hoàn thành,35515,885,10,94,https://wikicv.net/truyen/nu-xung-lua-chon-danh-dau-vai-ac-trong-s-Z0CsdlS4CAnYGY3I
Marvel Vú Em,you Lôi Lạp,"Diễn sinh , Bách hợp , Cận đại , Hiện đại , Tương lai , OE , Khoa học viễn tưởng , Võng du , Xuyên việt , Dị năng , Trọng sinh , Hệ thống , Nam biến nữ , Siêu anh hùng , Phim Anh Mỹ",Chưa xác minh,35499,460,11,104,https://wikicv.net/truyen/marvel-vu-em-XKqSVVS4CAjDqI5H
Kẻ yếu,Giang Nam Điệp,"Nguyên sang , Bách hợp , Hiện đại , HE , Tình cảm , Ngọt văn , Xuyên thư , Sinh con , Chủ công , ABO , Giới giải trí",Hoàn thành,35438,618,13,134,https://wikicv.net/truyen/ke-yeu-ZDZsOju26yylmQah
Kinh! Ta trở thành người ở rể văn nữ chính,Lạc Li Bất Thị La Lị,"Nguyên sang , Bách hợp , Cổ đại , HE , Tiên hiệp , Huyền huyễn , Tu chân , Xuyên việt , Xuyên thư , Nam biến nữ , Thị giác nữ chủ",Tạm ngưng,35360,940,25,17,https://wikicv.net/truyen/kinh-ta-tro-thanh-nguoi-o-re-van-nu-chin-ZxZZdju263hy3syJ
Thượng tướng nàng cự tuyệt tức phụ mang cầu chạy,JQ Vạn Niên Khanh,"Nguyên sang , Bách hợp , Tương lai , HE , Tình cảm , Xuyên việt , Tinh tế , Chủ công , ABO , Nhẹ nhàng , Duyên trời tác hợp , 1v1",Hoàn thành,35300,167,6,85,https://wikicv.net/truyen/thuong-tuong-nang-cu-tuyet-tuc-phu-mang--XVi8fVS4CCUeVNG%7E
Sáu cánh chân thần thứ nguyên chi lữ,Lam Phách Chi Đồng,"Diễn sinh , Bách hợp , Hiện đại , Tương lai , HE , Manga anime , Xuyên việt , Nam biến nữ , Vô hạn lưu , Sảng văn , Thế giới song song , Thị giác nữ chủ , Fate",Chưa xác minh,35295,241,74,125,https://wikicv.net/truyen/sau-canh-chan-than-thu-nguyen-chi-lu-XXn6v1S4CEEeOe%7EO
Cổ xuyên kim chi phượng giác [ giới giải trí ],Lệnh Dư,"Nguyên sang , Bách hợp , Hiện đại , HE , Tình cảm , Ngọt văn , Cổ xuyên kim , Giới giải trí",Hoàn thành,35294,128,6,22,https://wikicv.net/truyen/co-xuyen-kim-chi-phuong-giac-gioi-giai-t-WyXuHO8h7GTjswDL
"Đánh dấu trưởng quan O sau, bị bắt lóe hôn",Trì Sổ,"Nguyên sang , Bách hợp , Tương lai , HE , Tình cảm , Xuyên việt , Chủ công , ABO , Cường cường , Cưới trước yêu sau",Hoàn thành,35282,220,6,7,https://wikicv.net/truyen/danh-dau-truong-quan-o-sau-bi-bat-loe-ho-ZYWa4FS4CHXO2EN7
Ta muốn ôn nhu [ xuyên nhanh ],Mạch Ngư Tạp Miêu,"Nguyên sang , Bách hợp , Hiện đại , HE , Tình cảm , Xuyên việt , Ngọt văn , Xuyên nhanh , Chủ công , Sảng văn , Kim bài đề cử 🥇 , 1v1",Hoàn thành,35238,415,14,148,https://wikicv.net/truyen/ta-muon-on-nhu-xuyen-nhanh-XjRHkUbIjgaWPQ84
Một quyền Abi,Cựu Nhật Tín Đồ,"Diễn sinh , Bách hợp , Cổ đại , Hiện đại , HE , Manga anime , Huyền học , Xuyên việt , Ma pháp , Hệ thống , Nam biến nữ , Thần thoại , Vô hạn lưu , Thăng cấp lưu , Sảng văn , Nhẹ nhàng , Nhiều CP , Trò chơi , Thế giới song song , Thị giác nữ chủ , Triệu hoán lưu , Fate , Vô địch lưu",Tạm ngưng,35236,571,52,200,https://wikicv.net/truyen/mot-quyen-abi-X61Huju26xwz4YOJ
Quái thú thiếu nữ,Thánh Lăng Dịch,"Diễn sinh , Bách hợp , Hiện đại , OE , Manga anime , Khoa học viễn tưởng , Sinh tồn , Xuyên việt , Ma pháp , Thần tiên yêu quái , Siêu anh hùng , Thế giới song song , Thị giác nữ chủ , Lữ hành",Còn tiếp,35234,143,28,28,https://wikicv.net/truyen/quai-thu-thieu-nu-Y63MvVS4CHQANFZV
Làm Bộ Gái Thẳng,Nhất Chỉ Hoa Giáp Tử,"Nguyên sang , Bách hợp , Hiện đại , HE , Tình cảm , Ngọt văn , Gương vỡ lại lành , Khế ước tình nhân , Nhẹ nhàng , Hài hước , Đô thị tình duyên , Cận thủy lâu đài , Duyên trời tác hợp , Tương ái tương sát",Hoàn thành,35213,175,1,140,https://wikicv.net/truyen/lam-bo-gai-thang-XH%7EhslS4CH46H3X5
Bị hệ thống buộc tập thể hình làm sao bây giờ,Thiên Lí Nhật Hòa,"Nguyên sang , Bách hợp , Hiện đại , HE , Tình cảm , Hệ thống , Giới giải trí",Hoàn thành,35199,516,0,149,https://wikicv.net/truyen/bi-he-thong-buoc-tap-the-hinh-lam-sao-ba-XNLaJ1S4CG9dY0IS
"Ách, công chúa điện hạ",Hoặc Hứa Hữu Nhất Thiên,"Nguyên sang , Bách hợp , Cổ đại , HE , Tình cảm , Hỗ công , Cải trang giả dạng , Bình bộ thanh vân",Hoàn thành,35135,23,1,28,https://wikicv.net/truyen/ach-cong-chua-dien-ha-XZ7MIFS4CDyWKeXW
Xuyên thành sư tôn trong sư đồ văn sau,Vấn Tây Lai Ý,"Nguyên sang , Bách hợp , Cổ đại , HE , Tình cảm , Tiên hiệp , Huyền huyễn , Tu chân , Ngọt văn , Xuyên thư , Cường cường , Sảng văn , Nhẹ nhàng , Hỗ công , Sư đồ",Hoàn thành,35102,137,8,40,https://wikicv.net/truyen/xuyen-thanh-su-ton-trong-su-do-van-sau-YR2WtlS4CC0iusPg
Nếu trà xanh mục tiêu là nữ hài tử ( giới giải trí ),Bì Nhất Hạ,"Nguyên sang , Bách hợp , Hiện đại , HE , Tình cảm , Ngọt văn , Chủ công , Hào môn thế gia , Giới giải trí , Cường cường , Nhẹ nhàng",Hoàn thành,35088,1217,4,318,https://wikicv.net/truyen/neu-tra-xanh-muc-tieu-la-nu-hai-tu-gioi--YB2VJFS4CE92svbI
Thái dương cùng bạch dạ tinh linh,Bát Vân Bạch,"Diễn sinh , Bách hợp , Cổ đại , Hiện đại , Tương lai , HE , Manga anime , Xuyên việt , Vị diện , Vô hạn lưu , Sảng văn , Nhẹ nhàng , Hài hước , Thế giới song song , Thị giác nữ chủ , Fate , Vô địch lưu",Hoàn thành,35064,469,16,55,https://wikicv.net/truyen/thai-duong-cung-bach-da-tinh-linh-Xwut3TzLcgkQfiai
Nãi quất vị Omega dựa luyến tổng ra vòng lạp [ giới giải trí ],Lý Điềm Thang,"Nguyên sang , Bách hợp , Tương lai , HE , Tình cảm , Ngọt văn , Xuyên thư , ABO , Giới giải trí , Chủ thụ , Nhẹ nhàng",Hoàn thành,35064,384,7,81,https://wikicv.net/truyen/nai-quat-vi-omega-dua-luyen-tong-ra-vong-YM3urPTaEANHf3rk
May mắn,Kim Kha,"Nguyên sang , Bách hợp , Hiện đại , HE , Tình cảm , Thanh mai trúc mã , Nhẹ nhàng",Hoàn thành,35053,92,0,35,https://wikicv.net/truyen/may-man-W1LFKO8h7Fk_BvAk
Ở mạt thế dưỡng tang thi vương,Bán Oản Đa Đường,"Nguyên sang , Bách hợp , Tương lai , HE , Tình cảm , Mạt thế , Làm ruộng , Dị năng , Ngọt văn , Nhẹ nhàng , Hỗ công , Ấm áp , 1v1 , Bình dân sinh hoạt",Hoàn thành,34993,672,9,245,https://wikicv.net/truyen/o-mat-the-duong-tang-thi-vuong-XeOh8WHe7GCq7Zyk
Mềm muội phân hoá thành A lúc sau,Kim Dạ Vô Miên,"Nguyên sang , Bách hợp , Hiện đại , HE , Tình cảm , Ngọt văn , Vườn trường , Thanh mai trúc mã , Nhẹ nhàng",Hoàn thành,34972,524,12,99,https://wikicv.net/truyen/mem-muoi-phan-hoa-thanh-a-luc-sau-X03x2VS4CBkVcNHK
Mới tới chuyển giáo sinh,Âu Dương Toán Dung,"Diễn sinh , Bách hợp , Tương lai , HE , Tình cảm , Harry Potter , Hỗ công , Tây huyễn , Phương Tây",Hoàn thành,34959,839,6,146,https://wikicv.net/truyen/moi-toi-chuyen-giao-sinh-Yd4d7VS4CCC4lBL5
Phồn hoa một hồi [ Lộc Đỉnh Ký ],Ma Âm Công Tử,"Diễn sinh , Bách hợp , Cổ đại , HE , Tình cảm , Chủ công , Kim Dung",Hoàn thành,34825,411,49,231,https://wikicv.net/truyen/phon-hoa-mot-hoi-loc-dinh-ky-YJrMT1S4CAzKbPls
Hào môn chuế A oa tổng nằm hồng ký,Dịch Trường Thư,"Nguyên sang , Bách hợp , Hiện đại , HE , Tình cảm , Ngọt văn , ABO , Giới giải trí , Nhẹ nhàng , Hỗ công , Thiên chi kiêu tử , Duyên trời tác hợp , 1v1",Hoàn thành,34786,44,2,28,https://wikicv.net/truyen/hao-mon-chue-a-oa-tong-nam-hong-ky-Y%7EeVslS4CHGqZIOs
Đạo khả đạo [ xạ điêu ],Thôi Cửu Đường Tiền,"Diễn sinh , Bách hợp , Cổ đại , HE , Võ hiệp , Chủ công",Hoàn thành,34779,651,7,129,https://wikicv.net/truyen/dao-kha-dao-xa-dieu-XdiKNlS4CBqxVi5X
Lão Bản Cứ Muốn Cùng Ta Nói Nhân Sinh Làm Xao Đây?,Nhạn Quá Ngô Ngân,"Nguyên sang , Bách hợp , Hiện đại , HE , Tình cảm , Niên hạ , Sinh con , Hào môn thế gia , Đô thị tình duyên , Kim bài đề cử 🥇",Hoàn thành,34764,31,3,13,https://wikicv.net/truyen/lao-ban-cu-muon-cung-ta-noi-nhan-sinh-la-W6xk21S4CEr20G%7Ep
Ta trọng sinh thành nữ chính nàng mẹ?,Bất Phân Tam Lục Cửu,"Diễn sinh , Bách hợp , Hiện đại , HE , Tình cảm , Manga anime , Trọng sinh , Nam biến nữ , Vô hạn lưu , Nhẹ nhàng , Dưỡng thành , Thị giác nữ chủ",Hoàn thành,34761,1043,16,69,https://wikicv.net/truyen/ta-trong-sinh-thanh-nu-chinh-nang-me-YxdPa_TaEBj5ZFRA
Nam tần văn nữ chủ cứu vớt kế hoạch [ xuyên nhanh ],Cửu Triều Lạc Dương,"Nguyên sang , Bách hợp , Cổ đại , Hiện đại , HE , Tình cảm , Ngọt văn , Xuyên nhanh , Chủ công , Cường cường , Nhẹ nhàng , Duyên trời tác hợp , Kim bài đề cử 🥇",Hoàn thành,34736,638,3,174,https://wikicv.net/truyen/nam-tan-van-nu-chu-cuu-vot-ke-hoach-xuye-YExr1jzLcmeqz_dG
Chỉ sủng không yêu [ trọng sinh ],Tam Thiên Si Niệm,"Nguyên sang , Bách hợp , Hiện đại , HE , Tình cảm , Trọng sinh , Cẩu huyết , Ngược văn , Hỗ công",Hoàn thành,34736,547,3,61,https://wikicv.net/truyen/chi-sung-khong-yeu-trong-sinh-YwEDcjzLcmJMGbyB
Mashiro đồng học giống như có điểm quái,Luyện Kim Phong Tử,"Diễn sinh , Bách hợp , Hiện đại , HE , Manga anime , Huyền học , Xuyên việt , Ma pháp , Thần tiên yêu quái , Phá án , Vườn trường , Thần thoại , Nhẹ nhàng , Nhiều CP , Dưỡng thành , Hài hước , Bình bộ thanh vân , Ấm áp , Thế giới song song , Linh dị thần quái , Thị giác nữ chủ , Triệu hoán lưu , Âm Dương Sư",Tạm ngưng,34707,229,14,69,https://wikicv.net/truyen/mashiro-dong-hoc-giong-nhu-co-diem-quai-X4gGLDu26x88Vr91
Đem mỹ lệ thiếu nữ làm tế phẩm dâng lên,Ái Đích Mã Tự Cơ,"Diễn sinh , Bách hợp , Cận đại , Hiện đại , OE , Tình cảm , Manga anime , Xuyên việt , Ma pháp , Chủ công , Nam biến nữ , NP , Thần thoại , Vô hạn lưu , Thị giác nữ chủ , Vô địch lưu , Xuyên thành vai chính , Chữa lành , Bleach , Group chat , Genshin",Tạm ngưng,34688,394,18,113,https://wikicv.net/truyen/dem-my-le-thieu-nu-lam-te-pham-dang-len-YfFiizu2606isL9R
[ Conan ] Vì mạng sống ta gia nhập Tử Thần trận doanh,Dịch Mộng Phù Sinh,"Diễn sinh , Bách hợp , Hiện đại , HE , Manga anime , Xuyên việt , Ngọt văn , Hệ thống , Nhẹ nhàng , Hỗ công , 1v1 , Conan , Chậm nhiệt",Chưa xác minh,34646,726,8,106,https://wikicv.net/truyen/conan-vi-mang-song-ta-gia-nhap-tu-than-t-YkoHylS4CHB4mci_
Cố chấp cuồng công lược sổ tay 〔 mau xuyên 〕,Phúc Sủng Sủng,"Nguyên sang , Bách hợp , Hiện đại , HE , Tình cảm , Ngọt văn , Hệ thống , Xuyên nhanh , Song hướng yêu thầm , Chủ thụ , Nhẹ nhàng , Kim bài đề cử 🥇 , 1v1",Hoàn thành,34618,491,11,123,https://wikicv.net/truyen/co-chap-cuong-cong-luoc-so-tay-mau-xuyen-Xu3S3FS4CHLjDGmn
Vô cực truyền thuyết chi mặc hành thiên hạ,Khinh Niên,"Nguyên sang , Bách hợp , Cổ đại , HE , Tình cảm , Chủ công",Hoàn thành,34612,589,14,150,https://wikicv.net/truyen/vo-cuc-truyen-thuyet-chi-mac-hanh-thien--XfcZEFS4CBjXnMCh
Biến thân thổi quét vui chơi giải trí,Hạnh Khuy Một Khứ,"Nguyên sang , Bách hợp , Hiện đại , OE , Tình cảm , Làm ruộng , Xuyên việt , Trọng sinh , Hệ thống , Làm giàu , Nam biến nữ , Giới giải trí , Chủ thụ , Sảng văn , Nhẹ nhàng , Hài hước , Giới giải trí Mỹ , Thế giới song song , Song xuyên",Chưa xác minh,34587,403,10,43,https://wikicv.net/truyen/bien-than-thoi-quet-vui-choi-giai-tri-W4qBuVS4CBBt2a1v
N loại mạt thế sinh tồn chỉ nam,Ngung Ngung,"Nguyên sang , Bách hợp , Tương lai , HE , Tình cảm , Khoa học viễn tưởng , Mạt thế , Dị năng , Ngọt văn , Hệ thống , Chủ công , 1v1",Hoàn thành,34577,506,23,242,https://wikicv.net/truyen/n-loai-mat-the-sinh-ton-chi-nam-X4qn2lS4CBWVUAH6
"Ta, thức chi luật giả tiểu thư! Túng hải tứ phương! Xoay chuyển vạn vật!",Vũ Âm Chi Tử,"Diễn sinh , Bách hợp , Hiện đại , OE , Tình cảm , Manga anime , Khoa học viễn tưởng , Ma pháp , Thần thoại , Vô hạn lưu , Duyên trời tác hợp , Thế giới song song , Thị giác nữ chủ , Fate , Lữ hành , Honkai",Tạm ngưng,34570,794,20,103,https://wikicv.net/truyen/ta-thuc-chi-luat-gia-tieu-thu-tung-hai-t-YqHm1Tu262DajXsw
Ta mới không cần đương tinh linh!,Vô Xa Vô Phòng Vô Lão Bà,"Diễn sinh , Bách hợp , Hiện đại , HE , Manga anime , Sinh tồn , Xuyên việt , Ma pháp , Hệ thống , Thần tiên yêu quái , Nam biến nữ , Vô hạn lưu , Thế giới song song , Thị giác nữ chủ , Lữ hành",Hoàn thành,34558,635,21,133,https://wikicv.net/truyen/ta-moi-khong-can-duong-tinh-linh-Y_qKiUbIjleQtQ2j
hp hàm đuôi chi xà,Huy Hỏa Dạ Cơ,"Diễn sinh , Bách hợp , Cận đại , Hiện đại , HE , Tình cảm , Chủ công , Harry Potter , Cường cường , Tây huyễn , 1v1",Hoàn thành,34539,455,4,57,https://wikicv.net/truyen/hp-ham-duoi-chi-xa-YlQIoDu2632CO_e6
Xuyên thư chi bạch nguyệt quang,Đào Hoa Thiên Thiên,"Nguyên sang , Bách hợp , Hiện đại , HE , Tình cảm , Ngọt văn , Xuyên nhanh , Hào môn thế gia , Hỗ công , Đô thị tình duyên , Duyên trời tác hợp , Linh dị thần quái , 1v1 , Bạch nguyệt quang",Hoàn thành,34519,355,13,95,https://wikicv.net/truyen/xuyen-thu-chi-bach-nguyet-quang-XvmYWVS4CHw00spM
419 sau hậu quả,Phi Công Phi Thụ,"Nguyên sang , Bách hợp , Hiện đại , HE , Tình cảm , Sinh con , Nữ biến nam , Chủ công",Hoàn thành,34516,80,5,33,https://wikicv.net/truyen/419-sau-hau-qua-XHaAzFS4CD7HRxRu
Xuyên thành pháo hôi nữ xứng phủng hồng nữ chủ,Cửu Thần Thời,"Nguyên sang , Bách hợp , Hiện đại , HE , Tình cảm , Ngọt văn , Hệ thống , Xuyên thư , Nữ phụ , Giới giải trí , Nhẹ nhàng , Hỗ công",Hoàn thành,34483,337,8,211,https://wikicv.net/truyen/xuyen-thanh-phao-hoi-nu-xung-phung-hong--YzA%7EzkbIjk5FGA_J
Chớ chọc tứ tiểu thư: Đệ nhất phu nhân,Hàn Tử Dạ,"Nguyên sang , Bách hợp , Cổ đại , HE , Tình cảm , Xuyên việt , Hào môn thế gia , Trạch đấu",Hoàn thành,34479,22,4,3,https://wikicv.net/truyen/cho-choc-tu-tieu-thu-de-nhat-phu-nhan-WSq3H%7E8h7DaRwGJj
Diệt thế nữ đế? Ta trang,Phù Sinh Yêu,"Nguyên sang , Bách hợp , Cổ đại , Cận đại , HE , Tình cảm , Ma pháp , Trọng sinh , Thần thoại , Sảng văn , Thế giới song song , Thị giác nữ chủ , Cthulhu",Hoàn thành,34476,2005,15,480,https://wikicv.net/truyen/diet-the-nu-de-ta-trang-YsfpJVS4CFqm5bQH
Từ thuyền tam bản đến Dead Star hạm nuôi dưỡng thành hệ thống,Ngự Bản 00000,"Diễn sinh , Bách hợp , Hiện đại , HE , Manga anime , Xuyên việt , Hệ thống , Thị giác nữ chủ",Hoàn thành,34459,935,12,166,https://wikicv.net/truyen/tu-thuyen-tam-ban-den-dead-star-ham-nuoi-XqYobUbIjlmwcRUR
"Phu nhân, liêu ngươi nhưng hảo",Môn Tiền Thanh Sơn Đa Vũ Mị,"Nguyên sang , Bách hợp , Cổ đại , HE , Tình cảm , Làm ruộng , Xuyên việt , Hoan hỉ oan gia , Nhẹ nhàng , Hỗ công , Cải trang giả dạng",Hoàn thành,34385,35,2,20,https://wikicv.net/truyen/phu-nhan-lieu-nguoi-nhung-hao-XywQbVS4CHn8Hqbi
Sư tỷ mau uống thuốc,Túng Sử Tình Minh Vô Vũ Sắc,"Nguyên sang , Bách hợp , Cổ đại , HE , Tình cảm , Tiên hiệp , Tu chân , Xuyên việt , Ngọt văn , Chủ thụ , Nhẹ nhàng , Cận thủy lâu đài , Vả mặt",Hoàn thành,34329,377,2,103,https://wikicv.net/truyen/su-ty-mau-uong-thuoc-XKX3C1S4CAHE6QKL
Này chỉ loli từng là luân hồi không gian mạnh nhất luân hồi giả,Hoa Nhạ Trần,"Diễn sinh , Bách hợp , Hiện đại , HE , Manga anime , Huyền huyễn , Xuyên việt , Nam biến nữ , Vườn trường , Thần thoại , Vị diện , Vô hạn lưu , Thăng cấp lưu , Nhẹ nhàng , Nhiều CP , Thế giới song song , Linh dị thần quái , Thị giác nữ chủ , Vô địch lưu",Hoàn thành,34274,348,9,119,https://wikicv.net/truyen/nay-chi-loli-tung-la-luan-hoi-khong-gian-YFAcoVS4CAjKACvY
Trong thôn có cái cô nương,Nhạn Tê Thương Ngô,"Nguyên sang , Bách hợp , Cổ đại , HE , Tình cảm , Làm giàu",Hoàn thành,34271,145,6,88,https://wikicv.net/truyen/trong-thon-co-cai-co-nuong-WtjiqO8h7EFzHVOP
Quyền thần làm khó! [ hệ thống ],Lưu Li Tiên Thảo,"Nguyên sang , Bách hợp , Cổ đại , HE , Tình cảm , Hệ thống , Chủ công , Nhẹ nhàng",Hoàn thành,34267,124,1,98,https://wikicv.net/truyen/quyen-than-lam-kho-he-thong-XuudHTu26yr42jy5
"Ngươi hảo, ta kêu Kai'Sa",Lại Nham Miêu,"Diễn sinh , Bách hợp , Cổ đại , Cận đại , OE , Tình cảm , Manga anime , Xuyên việt , Ma pháp , Nam biến nữ , Thị giác nữ chủ , Liên Minh Huyền Thoại , Xuyên game",Còn tiếp,34266,482,22,16,https://wikicv.net/truyen/nguoi-hao-ta-keu-kai-sa-YQ0Jwju26wtGwCyo
Kiều hoa trưởng thành chỉ nam [ trọng sinh ],Sáp Thanh Mai,"Nguyên sang , Bách hợp , Cổ đại , HE , Tình cảm , Ngọt văn , Trọng sinh , Nhẹ nhàng , Ấm áp , Kim bài đề cử 🥇 , Vả mặt , 1v1",Hoàn thành,34265,512,7,195,https://wikicv.net/truyen/kieu-hoa-truong-thanh-chi-nam-trong-sinh-XXOxAFS4CDnoA3c3
Xuyên thành thế thân văn tra A sau,Trẫm Thị Tiểu Não Phủ,"Diễn sinh , Bách hợp , Hiện đại , HE , Tình cảm , Ngọt văn , Xuyên thư , Chủ công , ABO , Sảng văn , Nhẹ nhàng , 1v1 , Chức nghiệp tinh anh",Hoàn thành,34175,592,5,100,https://wikicv.net/truyen/xuyen-thanh-the-than-van-tra-a-sau-YsvBIFS4CD2O6ZsU
Xuyên qua sau khai cục bất lợi làm sao bây giờ?,Lục Thất,"Nguyên sang , Bách hợp , Hiện đại , HE , Tình cảm , Xuyên việt , Ngọt văn , Sinh con , Chủ công , ABO , Nhẹ nhàng",Hoàn thành,34169,178,6,18,https://wikicv.net/truyen/xuyen-qua-sau-khai-cuc-bat-loi-lam-sao-b-YZL_x1S4CFw8VivA
Cứu vớt ngược văn nữ chủ [ xuyên nhanh ],Phiên Phiên Lạc Diệp,"Nguyên sang , Bách hợp , Cận đại , Hiện đại , HE , Tình cảm , Xuyên nhanh , Chủ công , Sảng văn , Nhẹ nhàng , Duyên trời tác hợp , Linh dị thần quái",Hoàn thành,34151,471,7,238,https://wikicv.net/truyen/cuu-vot-nguoc-van-nu-chu-xuyen-nhanh-YJRbhFS4CErR3Trs
Ngu đi? Vai ác bắt đầu làm người! [ xuyên nhanh ],Lai Cá Thượng Thượng Thiêm,"Nguyên sang , Bách hợp , Cổ đại , HE , Tình cảm , Xuyên nhanh",Hoàn thành,34108,605,12,394,https://wikicv.net/truyen/ngu-di-vai-ac-bat-dau-lam-nguoi-xuyen-nh-ZqBjVlS4CBklcQi9
"Xuyên thành đỉnh cấp Alpha phiền não, các ngươi không hiểu",Kê Mao Lệnh Tiễn,"Nguyên sang , Bách hợp , Hiện đại , HE , Tình cảm , Xuyên việt , Ngọt văn , Chủ công , ABO , Sảng văn , Khế ước tình nhân",Hoàn thành,34102,93,11,106,https://wikicv.net/truyen/xuyen-thanh-dinh-cap-alpha-phien-nao-cac-YMcT3DzLcgz_EdqD
Bị liêu hằng ngày ［ mau xuyên ］,Phàm Trần Mộ Phong,"Nguyên sang , Bách hợp , Cận đại , Hiện đại , HE , Tình cảm , Ngọt văn , Hệ thống , Xuyên nhanh , Chủ thụ , Nhẹ nhàng , 1v1",Hoàn thành,34087,316,2,67,https://wikicv.net/truyen/bi-lieu-hang-ngay-mau-xuyen-WrW7eu8h7HWWUoHH
Lần thứ hai cảnh xuân,Thảo Tửu Đích Khiếu Hoa Tử,"Nguyên sang , Bách hợp , Hiện đại , HE , Tình cảm , Duyên trời tác hợp",Hoàn thành,34086,313,13,139,https://wikicv.net/truyen/lan-thu-hai-canh-xuan-YCfx%7EVS4CBZeDu9P
Cái kia tang thi ngươi đứng lại!,Triệu Tiểu Thần,"Nguyên sang , Bách hợp , Hiện đại , HE , Tình cảm , Khoa học viễn tưởng , Mạt thế , Cường cường",Hoàn thành,34052,114,17,22,https://wikicv.net/truyen/cai-kia-tang-thi-nguoi-dung-lai-WSfWJu8h7CW5po3r
Xuyên thành tàn tật nữ chủ pháo hôi cấp trên,Linh Chu,"Nguyên sang , Bách hợp , Hiện đại , HE , Tình cảm , Ngọt văn , Hệ thống , Xuyên thư , Chủ công , ABO , Nhẹ nhàng , Đô thị tình duyên , Pháo hôi , 1v1",Hoàn thành,34004,262,3,84,https://wikicv.net/truyen/xuyen-thanh-tan-tat-nu-chu-phao-hoi-cap--ZSUIJju262VBwOkS
Sói cái muốn cướp thân,Bất Minh Phong Hoa,"Nguyên sang , Bách hợp , Cổ đại , HE , Tiên hiệp , Huyền huyễn , Ngọt văn , Sinh con , Chủ thụ , Linh dị thần quái , Cường thủ hào đoạt",Hoàn thành,33990,482,8,18,https://wikicv.net/truyen/soi-cai-muon-cuop-than-W7IK11S4CGl9EE4F
Huyện Lệnh Không Tra Thật A,Thất Nguyệt Ngạn,"Nguyên sang , Bách hợp , Cổ đại , HE , Tình cảm , Ngọt văn , Xuyên thư , Chủ công , ABO , Cải trang giả dạng",Hoàn thành,33979,432,8,184,https://wikicv.net/truyen/huyen-lenh-khong-tra-that-a-YlesyFS4CHhCN5HG
Này giới vai ác không dễ làm,Nhất Tịch Phong Nguyệt,"Nguyên sang , Bách hợp , Cổ đại , HE , Tình cảm , Tiên hiệp , Tu chân , Hệ thống , Xuyên thư , Cường cường , Chủ thụ , Nhẹ nhàng",Hoàn thành,33968,908,5,160,https://wikicv.net/truyen/nay-gioi-vai-ac-khong-de-lam-Ye0At2He7FoAifb0
Sau khi chết phát hiện lão bà là thần quái văn vai ác,Lũ Ngọc Tài Băng,"Nguyên sang , Bách hợp , Hiện đại , HE , Tình cảm , Ngọt văn , Xuyên thư , Hào môn thế gia , Chủ thụ , Nhẹ nhàng , Linh dị thần quái",Hoàn thành,33952,991,8,435,https://wikicv.net/truyen/sau-khi-chet-phat-hien-lao-ba-la-than-qu-Yz7D7FS4CB7LpEH9
Ly hôn sau cùng chồng trước bạch nguyệt quang HE [ xuyên thư ],Như Ngô,"Nguyên sang , Bách hợp , Hiện đại , HE , Tình cảm , Ngọt văn , Song khiết 🕊️ , Xuyên thư , Chủ thụ , Sảng văn , Nhẹ nhàng",Hoàn thành,33947,964,4,220,https://wikicv.net/truyen/ly-hon-sau-cung-chong-truoc-bach-nguyet--YHk5SWHe7FXTATdJ
"Tiên tử, sự tình thật không phải ngươi tưởng như vậy!",Vãng Nguyệt _,"Nguyên sang , Bách hợp , Cổ đại , OE , Huyền huyễn , Trọng sinh , NP , Thần thoại , Nhẹ nhàng , Thị giác nữ chủ",Hoàn thành,33899,1120,28,362,https://wikicv.net/truyen/tien-tu-su-tinh-that-khong-phai-nguoi-tu-Y_37QmHe7B8sO9wC
[ xuyên thư ] Bổn triệu hoán thú chính là mạnh nhất!,Nha Tùng,"Nguyên sang , Bách hợp , Cổ đại , HE , Tình cảm , Ma pháp , Tùy thân không gian , Xuyên thư , Chủ thụ , Sảng văn , 1v1",Hoàn thành,33842,303,3,145,https://wikicv.net/truyen/xuyen-thu-bon-trieu-hoan-thu-chinh-la-ma-XeZ7WFS4CGs1cDA3
Ngươi có phải hay không tưởng dấu hiệu ta GL,Qua Tử Miêu,"Nguyên sang , Bách hợp , Hiện đại , HE , Tình cảm , Ngọt văn , ABO , Giới giải trí , Chủ thụ , Nhẹ nhàng , Kim bài đề cử 🥇 , 1v1",Hoàn thành,33840,221,4,57,https://wikicv.net/truyen/nguoi-co-phai-hay-khong-tuong-dau-hieu-t-XnAl3VS4CHB69%7Eu5
Vi sư rốt cuộc hoài ai nhãi con,Qua Tử Miêu,"Nguyên sang , Bách hợp , Cổ đại , HE , Tiên hiệp , Tu chân , Ngọt văn , Sinh con , Chủ thụ , Kim bài đề cử 🥇",Hoàn thành,33840,23,5,11,https://wikicv.net/truyen/vi-su-rot-cuoc-hoai-ai-nhai-con-YISII1S4CE751SL2
Tiêu tâm vì khanh,Mộ Phong Quân,"Nguyên sang , Bách hợp , Cổ đại , HE , Tình cảm , Xuyên việt , Nữ biến nam",Hoàn thành,33816,117,1,2,https://wikicv.net/truyen/tieu-tam-vi-khanh-W0nydO8h7H9CyhyW
Xuyên thư pháo hôi A làm nữ chủ hoài nhãi con,Công Tử Hạnh Xuyên,"Nguyên sang , Bách hợp , Hiện đại , HE , Tình cảm , Ngọt văn , Sinh con , ABO , Nhẹ nhàng , Đô thị tình duyên",Hoàn thành,33803,68,7,17,https://wikicv.net/truyen/xuyen-thu-phao-hoi-a-lam-nu-chu-hoai-nha-Z5T9QFS4CE_5EzV2
"Phò mã gia, công chúa tới tìm ngươi!",Hồi Sanh,"Nguyên sang , Bách hợp , Cổ đại , HE , Tình cảm , Chủ công , Ngược văn , Cải trang giả dạng , 1v1",Hoàn thành,33800,29,5,16,https://wikicv.net/truyen/pho-ma-gia-cong-chua-toi-tim-nguoi-XjlZPlS4CFQY3_%7E4
Ta khách thuê đều là quái vật,Thanh Loan,"Nguyên sang , Bách hợp , Hiện đại , HE , Tình cảm , Sinh tồn , Xuyên việt , Ma pháp , Hệ thống , Thần tiên yêu quái , Vườn trường , Thế giới song song , Thị giác nữ chủ , Lữ hành",Hoàn thành,33786,788,15,198,https://wikicv.net/truyen/ta-khach-thue-deu-la-quai-vat-Y6AcSfTaEEWjtDsJ
Xuyên qua chi để cho ta tới ái ngươi,Wang Đạm Nhiên,"Nguyên sang , Bách hợp , Cổ đại , HE , Tình cảm , Xuyên việt , Ngọt văn , Niên hạ , Chủ công , Nhẹ nhàng",Hoàn thành,33706,74,1,29,https://wikicv.net/truyen/xuyen-qua-chi-de-cho-ta-toi-ai-nguoi-XzoFqjzLckw_RDoy
Luôn có cố chấp cuồng nhìn chằm chằm ta [ xuyên nhanh ],Quỳnh Cửu Khiêm,"Nguyên sang , Bách hợp , Hiện đại , HE , Tình cảm , Xuyên việt , Ngọt văn , Hệ thống , Xuyên nhanh , Vả mặt",Hoàn thành,33695,159,11,105,https://wikicv.net/truyen/luon-co-co-chap-cuong-nhin-cham-cham-ta--YQVvTVS4CGiNAYbJ
Kikyo tiểu thư mới sẽ không hướng ác thế lực khuất phục,Lưu Vân Tùy Nguyệt,"Diễn sinh , Bách hợp , Cận đại , Hiện đại , HE , Tình cảm , Manga anime , Khoa học viễn tưởng , Siêu anh hùng , Phim Anh Mỹ , 1v1 , Thị giác nữ chủ , Vô địch lưu , Marvel",Hoàn thành,33672,779,13,97,https://wikicv.net/truyen/kikyo-tieu-thu-moi-se-khong-huong-ac-the-Yea2gjzLchMYsANM
"Ta, quang minh Thánh Nữ, tay xé ngoại thần!",Tô Ngữ Vũ,"Nguyên sang , Bách hợp , Cổ đại , Cận đại , OE , Tình cảm , Ma pháp , Hệ thống , Thị giác nữ chủ , Cthulhu",Hoàn thành,33659,1188,31,257,https://wikicv.net/truyen/ta-quang-minh-thanh-nu-tay-xe-ngoai-than-Ye6D1Tu26134eXP7
Xuyên vì đại vai ác pháo hôi đồ đệ,Đại Hàm Miêu,"Nguyên sang , Bách hợp , Cổ đại , HE , Tình cảm , Xuyên thư , Gương vỡ lại lành , Hỗ công , Hỏa táng tràng , Mỹ cường thảm",Hoàn thành,33652,662,15,228,https://wikicv.net/truyen/xuyen-vi-dai-vai-ac-phao-hoi-do-de-Z_VZSFS4CCn0EpPd
"Ta, Herrscher of Dominance, cái gì đều làm được đến",Vĩnh Niên Thu Tuyết,"Diễn sinh , Bách hợp , Hiện đại , HE , Manga anime , Khoa học viễn tưởng , Làm ruộng , Xuyên việt , Ma pháp , Thần thoại , Sảng văn , Thế giới song song , Thị giác nữ chủ , Vô địch lưu , Honkai",Hoàn thành,33647,653,27,166,https://wikicv.net/truyen/ta-herrscher-of-dominance-cai-gi-deu-lam-Ye6cQkbIjgl%7EWKfA
"Mạnh nhất Kiếm Thánh Okita Souji, tham thượng!",Vương Trù,"Diễn sinh , Bách hợp , Cổ đại , Cận đại , Hiện đại , OE , Tình cảm , Manga anime , Khoa học viễn tưởng , Xuyên việt , Nam biến nữ , Fate",Hoàn thành,33633,779,58,134,https://wikicv.net/truyen/manh-nhat-kiem-thanh-okita-souji-tham-th-YOSPaDu263jB%7EWQN
Vô tận phá toái,Ẩn Tiên Giả,"Nguyên sang , Bách hợp , Hiện đại , OE , Võ hiệp , Tiên hiệp , Xuyên nhanh , Vô hạn lưu , Thăng cấp lưu , Sảng văn , Nữ cường , Thị giác nữ chủ",Tạm ngưng,33617,457,3,44,https://wikicv.net/truyen/vo-tan-pha-toai-WXRgou8h7B42bGVQ
Quá khí ảnh hậu ly hôn công lược [ trọng sinh ],Tam Nguyệt Đồ Đằng,"Nguyên sang , Bách hợp , Hiện đại , HE , Tình cảm , Cẩu huyết , Gương vỡ lại lành , Giới giải trí , Chủ thụ , Kim bài đề cử 🥇 , Kim Bảng 🏆",Hoàn thành,33536,32,5,16,https://wikicv.net/truyen/qua-khi-anh-hau-ly-hon-cong-luoc-trong-s-WT4M0u8h7F_RCFqJ
Độ nương lúc sau phong thần thời đại,Long Chi Cung,"Nguyên sang , Bách hợp , Cổ đại , OE , Huyền huyễn , Tu chân , Xuyên việt , Thần tiên yêu quái , Nam biến nữ , NP , Thần thoại , Thị giác nữ chủ , Bảng Phong Thần",Hoàn thành,33522,995,20,85,https://wikicv.net/truyen/do-nuong-luc-sau-phong-than-thoi-dai-YDb8elS4CG1evQHl
Danh khắp thiên hạ,Chanh Trấp Cảm Tạ,"Nguyên sang , Bách hợp , Cổ đại , HE , Tình cảm , Tu chân , Ngọt văn , Song khiết 🕊️ , Chủ thụ , Sảng văn , Nhẹ nhàng , Nữ cường , 1v1",Hoàn thành,33515,988,22,129,https://wikicv.net/truyen/danh-khap-thien-ha-Xq__R1S4CGP0ao7A
Sợ giao tiếp loli cũng tưởng bảo hộ,Bất Phôi,"Diễn sinh , Bách hợp , Hiện đại , HE , OE , Manga anime , Xuyên việt , Nam biến nữ , Thị giác nữ chủ",Hoàn thành,33494,522,14,127,https://wikicv.net/truyen/so-giao-tiep-loli-cung-tuong-bao-ho-Yhg8sju26x%7EGJ4hQ
Phò mã thượng công chúa ( GL ),Đông Phương Độ,"Nguyên sang , Bách hợp , Cổ đại , HE , Tình cảm , Ngọt văn , Cường cường , Nhẹ nhàng , Hài hước , 1v1",Hoàn thành,33473,49,0,0,https://wikicv.net/truyen/pho-ma-thuong-cong-chua-gl-WmJr%7Ee8h7CC3mLkV
"Genshin Honkai bắt chước khí, khai cục bắt chước Đại Vương Rukkhadevata",Huyền Vân Quỷ Thương,"Diễn sinh , Bách hợp , Cổ đại , Cận đại , Hiện đại , OE , Tình cảm , Manga anime , Làm ruộng , Sinh tồn , Xuyên việt , Ma pháp , Hệ thống , Thần tiên yêu quái , NP , Thăng cấp lưu , Thế giới song song , Thị giác nữ chủ , Genshin , Honkai",Tạm ngưng,33466,418,5,177,https://wikicv.net/truyen/genshin-honkai-bat-chuoc-khi-khai-cuc-ba-Y%7Ed3P2He7F4DV126
Thỉnh cắn ta cùng tổng giám cp,Nhất Chỉ Hoa Giáp Tử,"Nguyên sang , Bách hợp , Hiện đại , HE , Tình cảm , Nhẹ nhàng , Hỗ công , Đô thị tình duyên , Kim bài đề cử 🥇",Hoàn thành,33454,924,10,545,https://wikicv.net/truyen/thinh-can-ta-cung-tong-giam-cp-YBWRjFS4CAsA9RMC
Xuyên thành băng sơn nữ xứng sau ( xuyên thư ),Kê Mao Lệnh Tiễn,"Nguyên sang , Bách hợp , Hiện đại , HE , Tình cảm , Ngọt văn , Xuyên thư , Nữ phụ , ABO , Chủ thụ",Hoàn thành,33438,187,10,51,https://wikicv.net/truyen/xuyen-thanh-bang-son-nu-xung-sau-xuyen-t-YB2oU1S4CE92svch
Biến thân manh hồ trò chơi hằng ngày,Tiểu Tư Niệm,"Diễn sinh , Bách hợp , Hiện đại , HE , Manga anime , Võng du , Dị thế , Xuyên việt , Ma pháp , Nam biến nữ , Vị diện , Thăng cấp lưu , Đấu khí , Sảng văn , Nhẹ nhàng , Kiếp trước kiếp này , Nhiều CP , Hài hước , Trò chơi , Ấm áp , Thế giới song song , Thị giác nữ chủ , Triệu hoán lưu , Thực tế ảo , Vô địch lưu , Đàn xuyên",Hoàn thành,33428,110,21,37,https://wikicv.net/truyen/bien-than-manh-ho-tro-choi-hang-ngay-XzZz8Tu263x2amSo
Ác thần thế giới khác sinh tồn sổ tay,Tam Trảo Viêm Ngân,"Nguyên sang , Bách hợp , Cổ đại , HE , Huyền huyễn , Dị thế , Ma pháp , Nam biến nữ , Thần thoại , Tây huyễn , Main là động vật",Tạm ngưng,33399,55,2,4,https://wikicv.net/truyen/ac-than-the-gioi-khac-sinh-ton-so-tay-WOXuU%7E8h7CKSMenV
Moriarty tiểu thư hôm nay cũng tưởng cứu vớt Beikachou,Điền Trung La Mật Âu,"Diễn sinh , Bách hợp , Hiện đại , OE , Tình cảm , Manga anime , Xuyên việt , Thị giác nữ chủ , Conan",Còn tiếp,33399,421,12,123,https://wikicv.net/truyen/moriarty-tieu-thu-hom-nay-cung-tuong-cuu-Y3TlEju26wkG%7ECDm
Cái này bạch nguyệt quang chỉ định có vấn đề,Hiểu Mộng Trí Huyễn Sinh,"Nguyên sang , Bách hợp , Hiện đại , HE , Tình cảm , Trọng sinh , ABO , Chủ thụ , Nhẹ nhàng , Duyên trời tác hợp",Hoàn thành,33375,549,4,129,https://wikicv.net/truyen/cai-nay-bach-nguyet-quang-chi-dinh-co-va-YDKKalS4CBKQVjNx
Lay động tiếng lòng,Thanh Thang Xuyến Hương Thái,"Nguyên sang , Bách hợp , Hiện đại , HE , Tình cảm , Ngọt văn , Nhẹ nhàng , Hỗ công , Đô thị tình duyên",Hoàn thành,33356,637,1,425,https://wikicv.net/truyen/lay-dong-tieng-long-XxnQU1S4CHeyb2z6
Kết quả ( hp đồng nghiệp ) gl,Phó Cửu Không,"Diễn sinh , Bách hợp , Hiện đại , HE , Tình cảm , Ma pháp , Harry Potter , Vườn trường , Phương Tây",Hoàn thành,33302,606,3,126,https://wikicv.net/truyen/ket-qua-hp-dong-nghiep-gl-YEN8V1S4CB7iDBIy
Diệp quản lý hôm nay không làm người,Nhập Nhập Nha,"Nguyên sang , Bách hợp , Hiện đại , HE , Tình cảm , Ngọt văn , Giới giải trí , Cường cường , Nhẹ nhàng , Hỗ công",Hoàn thành,33284,213,4,41,https://wikicv.net/truyen/diep-quan-ly-hom-nay-khong-lam-nguoi-X0qBETzLcml%7EPSUJ
Ăn vạ đụng tới bạn gái [ giới giải trí ],Thư Ngữ Dao,"Nguyên sang , Bách hợp , Hiện đại , HE , Tình cảm , Báo thù , Ngọt văn , Giới giải trí , Chủ thụ , Sảng văn , Nhẹ nhàng , Ngược tra , 1v1",Hoàn thành,33255,502,2,146,https://wikicv.net/truyen/an-va-dung-toi-ban-gai-gioi-giai-tri-XVi6YFS4CCUeVNG0
Tướng quân biết vậy chẳng làm [ trọng sinh ],Khâu Khả Nhạc,"Nguyên sang , Bách hợp , Cổ đại , HE , Tình cảm , Ngọt văn , Cường cường , Nhẹ nhàng , Hỗ công , Cải trang giả dạng , Song trọng sinh",Hoàn thành,33247,238,8,106,https://wikicv.net/truyen/tuong-quan-biet-vay-chang-lam-trong-sinh-YDNA6ju2615Hy0DI
Thừa cơ mà nhập [ giới giải trí ],Nhược Đào Lý,"Nguyên sang , Bách hợp , Hiện đại , HE , Tình cảm , Niên hạ , Chủ công , Ngược văn , Gương vỡ lại lành , Giới giải trí , Nhẹ nhàng , Đô thị tình duyên",Hoàn thành,33226,381,11,258,https://wikicv.net/truyen/thua-co-ma-nhap-gioi-giai-tri-YG7rP2He7G53SvAw
Thần điêu chi cuồng ngạo thiên hạ,Ma Âm Công Tử,"Diễn sinh , Bách hợp , Cổ đại , HE , Võ hiệp , Huyền huyễn , Báo thù , Xuyên việt , Trọng sinh , Xuyên thư , Nhẹ nhàng , Cải trang giả dạng , Ngược tra",Hoàn thành,33199,90,1,16,https://wikicv.net/truyen/than-dieu-chi-cuong-ngao-thien-ha-WzpkJO8h7GGgC9_p
Ta tổng quên chính mình có lão bà,Tố Tố Tố,"Nguyên sang , Bách hợp , Cổ đại , Hiện đại , HE , Tình cảm , Ngọt văn , Xuyên nhanh , Xuyên thư , Chủ thụ , Nhẹ nhàng",Hoàn thành,33168,686,5,85,https://wikicv.net/truyen/ta-tong-quen-chinh-minh-co-lao-ba-XvA2gGHe7FOjzqr1
Bản sắc biểu diễn [ Xuyên nhanh ],Thanh Hoa Nghiên,"Nguyên sang , Bách hợp , Cổ đại , Hiện đại , Tương lai , HE , Tình cảm , Tu chân , Xuyên việt , Ngọt văn , Xuyên nhanh , Tinh tế , Giới giải trí , Vườn trường , Nhẹ nhàng , Ấm áp",Hoàn thành,33159,216,15,89,https://wikicv.net/truyen/ban-sac-bieu-dien-xuyen-nhanh-XMb%7EYzu262XNEoac
Lầm đánh dấu nữ chủ vai ác tiểu cô ( xuyên thư ),Đào Túy,"Nguyên sang , Bách hợp , Hiện đại , HE , Tình cảm , Niên hạ , Xuyên thư , Chủ công",Hoàn thành,33143,83,5,39,https://wikicv.net/truyen/lam-danh-dau-nu-chu-vai-ac-tieu-co-xuyen-ZX1PjlS4CCeoLnDY
Biến thân mạnh nhất pháo hôi,Viễn Hi,"Nguyên sang , Bách hợp , Cổ đại , HE , Tình cảm , Tiên hiệp , Tu chân , Xuyên thư , Nam biến nữ , Sảng văn , Pháo hôi , Thị giác nữ chủ , Vô địch lưu",Hoàn thành,33111,445,14,68,https://wikicv.net/truyen/bien-than-manh-nhat-phao-hoi-YGWLV1S4CAxyGc08
"Ta, các ngươi cánh",Hắc Đồng Ngũ Canh,"Diễn sinh , Bách hợp , Hiện đại , OE , Tình cảm , Manga anime , Xuyên việt , Vườn trường , Thị giác nữ chủ",Hoàn thành,33105,2004,48,516,https://wikicv.net/truyen/ta-cac-nguoi-canh-YXyvF1S4CBduN_f9
Nữ thần đem phù hộ Uruk,Ατριήλ,"Diễn sinh , Bách hợp , Cổ đại , Cận đại , Hiện đại , OE , Manga anime , Xuyên việt , Ma pháp , Thần thoại , Thị giác nữ chủ , Fate",Hoàn thành,33066,105,17,23,https://wikicv.net/truyen/nu-than-dem-phu-ho-uruk-Yi7a1GHe7BeNguD1
Ta bạn gái sách tranh [ vô hạn ],Lục Mã Cốt Đầu,"Nguyên sang , Bách hợp , Hiện đại , HE , Tình cảm , Vô hạn lưu , Chủ thụ , Sảng văn , Linh dị thần quái",Hoàn thành,33060,1212,8,162,https://wikicv.net/truyen/ta-ban-gai-sach-tranh-vo-han-Zk8lLvTaEGF0cNXY
Ta Phò mã là Alpha[GL],Chung Thân Bất Hôn,"Nguyên sang , Bách hợp , Cổ đại , HE , Tình cảm , Xuyên việt , ABO , Cung đình hầu tước",Hoàn thành,33037,300,1,105,https://wikicv.net/truyen/ta-pho-ma-la-alpha-gl-W6bjOlS4CEDc52xF
Đương bạch nguyệt quang tay cầm kịch bản,Ngu Nhị Lưỡng,"Nguyên sang , Bách hợp , Cổ đại , HE , Tình cảm , Tiên hiệp , Tu chân , Ngọt văn , Trọng sinh , Hệ thống , Chủ thụ , Nhẹ nhàng , Duyên trời tác hợp , 1v1 , Bạch nguyệt quang",Hoàn thành,33035,730,15,224,https://wikicv.net/truyen/duong-bach-nguyet-quang-tay-cam-kich-ban-Ykq7JlS4CDrsVjeg
Thoát đi nam chủ hậu cung ( xuyên nhanh ),Đại Miêu Truy Nguyệt,"Nguyên sang , Bách hợp , Cổ đại , HE , Tình cảm , Ngọt văn , Hệ thống , Xuyên nhanh , Nhẹ nhàng , 1v1",Hoàn thành,33022,570,9,157,https://wikicv.net/truyen/thoat-di-nam-chu-hau-cung-xuyen-nhanh-X2vdhlS4CFU%7EIuf4
Ta chỉ là cái dược tề sư mà thôi,Giá Danh Tự Hảo,"Nguyên sang , Bách hợp , Tương lai , HE , Tình cảm , Xuyên việt , Ngọt văn , Tinh tế , Chủ công , Kim bài đề cử 🥇 , Nữ cường",Hoàn thành,33016,561,7,195,https://wikicv.net/truyen/ta-chi-la-cai-duoc-te-su-ma-thoi-XrwDtFS4CG9gkAlW
Honkai 3 Fire Moth thiếu nữ,Nega Nebulus,"Diễn sinh , Bách hợp , Hiện đại , OE , Tình cảm , Manga anime , Ma pháp , Thần thoại , Thế giới song song , Thị giác nữ chủ , Chữa lành , Honkai",Hoàn thành,33011,426,23,39,https://wikicv.net/truyen/honkai-3-fire-moth-thieu-nu-Yp4GhfTaEGtdXro2
Nhất định là ta xuyên qua phương thức không đối,Trinh Thiên,"Nguyên sang , Bách hợp , Cổ đại , HE , Tình cảm , Niên hạ , Xuyên thư , Pháo hôi , Nghịch tập",Hoàn thành,32993,144,12,71,https://wikicv.net/truyen/nhat-dinh-la-ta-xuyen-qua-phuong-thuc-kh-Wa7NTe8h7GPvFOjS
Ta đem ngôn tình tục viết thành bách hợp làm sao bây giờ,Mặc Bạch Lang,"Nguyên sang , Bách hợp , Hiện đại , HE , Tình cảm , Xuyên thư , Chủ công , Vườn trường , Nhẹ nhàng , 1v1",Hoàn thành,32967,568,5,186,https://wikicv.net/truyen/ta-dem-ngon-tinh-tuc-viet-thanh-bach-hop-YIfm6EbIjhVZjlw3
Nữ chủ nàng cùng sư tỷ lập khế ước,1219,"Nguyên sang , Bách hợp , Cổ đại , HE , Tình cảm , Tiên hiệp , Tu chân , Trọng sinh , Xuyên thư , Chủ thụ , Nhẹ nhàng , Duyên trời tác hợp",Hoàn thành,32965,805,7,401,https://wikicv.net/truyen/nu-chu-nang-cung-su-ty-lap-khe-uoc-YIni9lS4CCcvuy8N
"Ta, Exusiai, nhân viên chuyển phát nhanh kiêm Kamen Rider",Thư Âm Phù Tự,"Diễn sinh , Bách hợp , Cận đại , Hiện đại , OE , Manga anime , Khoa học viễn tưởng , Xuyên việt , Nam biến nữ , Fate , Xuyên game",Hoàn thành,32947,1188,15,292,https://wikicv.net/truyen/ta-exusiai-nhan-vien-chuyen-phat-nhanh-k-YKeKCWHe7HgVJaUk
Tim đập thình thịch,Tửu Tiểu Hi,"Nguyên sang , Bách hợp , Hiện đại , HE , Tình cảm , Ngọt văn , Niên hạ , Chủ công , Đô thị tình duyên , Trâu già gặm cỏ non , 1v1",Hoàn thành,32908,201,6,21,https://wikicv.net/truyen/tim-dap-thinh-thich-Xe9tR1S4CC6Osqxn
Về ta chuyển sang kiếp khác thành mỹ thiếu nữ cũng tùy thân mang theo đạn hạt nhân này đương chuyện này,Tối Ái Cuồng Tam Đích Ô Nha,"Nguyên sang , Bách hợp , Cổ đại , HE ,
                     , Nam biến nữ , Tây huyễn",Hoàn thành,32876,137,14,38,https://wikicv.net/truyen/ve-ta-chuyen-sang-kiep-khac-thanh-my-thi-YCezO0bIjmY0bfoj
Trụy hoan trọng nhặt GL,Thảo Tửu Đích Khiếu Hoa Tử,"Nguyên sang , Bách hợp , Hiện đại , HE , Tình cảm , Hào môn thế gia , Cường cường , Hỗ công , Đô thị tình duyên , Tương ái tương sát , 1v1 , Thị giác nữ chủ",Hoàn thành,32845,333,2,207,https://wikicv.net/truyen/truy-hoan-trong-nhat-gl-YeITXVS4CD1xygch
Nhuyễn manh khả thê,Lục U U,"Nguyên sang , Bách hợp , Cổ đại , HE , Tình cảm , Ngọt văn , Trọng sinh , Chủ thụ , Nhẹ nhàng , Linh dị thần quái , 1v1",Hoàn thành,32823,747,9,199,https://wikicv.net/truyen/nhuyen-manh-kha-the-XgGD9lS4CEKIfWGa
Một sủng thành hôn ( cổ xuyên kim ),Mị Cốt,"Nguyên sang , Bách hợp , Cận đại , Hiện đại , HE , Tình cảm , Khoa học viễn tưởng , Ngọt văn , Trọng sinh , Giới giải trí , Cưới trước yêu sau , Hỗ công , 1v1",Hoàn thành,32799,341,5,90,https://wikicv.net/truyen/mot-sung-thanh-hon-co-xuyen-kim-XBEvxlS4CBHy_oKy
Sủng hậu,Sáp Thanh Mai,"Nguyên sang , Bách hợp , Cổ đại , HE , Tình cảm , Ngọt văn , Chủ thụ , Cung đình hầu tước , Nhẹ nhàng , Cải trang giả dạng , Duyên trời tác hợp , 1v1",Hoàn thành,32782,266,6,92,https://wikicv.net/truyen/sung-hau-XWCxrlS4CDdfCh2y
Câu đố người tiểu thư chỉ nghĩ an tĩnh luyện cấp,Đường Tí Nịnh Mông,"Diễn sinh , Bách hợp , Hiện đại , OE , Tình cảm , Manga anime , Khoa học viễn tưởng , Sinh tồn , Xuyên việt , Ma pháp , Hệ thống , Thần thoại , Sảng văn , Thế giới song song , Thị giác nữ chủ , Lữ hành , Honkai",Còn tiếp,32688,755,24,267,https://wikicv.net/truyen/cau-do-nguoi-tieu-thu-chi-nghi-an-tinh-l-Yx4x9vTaEEpVU_gP
Kiều tàng/ Thế thân người yêu [ giới giải trí ],cat Miêu,"Nguyên sang , Bách hợp , Hiện đại , HE , Tình cảm , Hào môn thế gia , Gương vỡ lại lành , Giới giải trí , Hỗ công , Đô thị tình duyên , 1v1",Hoàn thành,32679,281,14,60,https://wikicv.net/truyen/kieu-tang-the-than-nguoi-yeu-gioi-giai-t-XwP8YTzLcmgXg7DA
Cùng tình địch kết hôn về sau / Tình địch,Nhiệt Đáo Hôn Quyết,"Nguyên sang , Bách hợp , Hiện đại , HE , Tình cảm , Ngọt văn , Hoan hỉ oan gia , Hỗ công , Đô thị tình duyên , 1v1 , Dưỡng oa",Hoàn thành,32658,431,8,156,https://wikicv.net/truyen/cung-tinh-dich-ket-hon-ve-sau-tinh-dich-Y%7EaH71S4CD0SpDQY
Là hồng nhan họa thủy ta cũng thực tuyệt vọng a,Nhất Giáng Hồng,"Nguyên sang , Bách hợp , Cổ đại , OE , Tình cảm , Tiên hiệp , Xuyên việt , Nam biến nữ , Thị giác nữ chủ",Hoàn thành,32636,400,25,93,https://wikicv.net/truyen/la-hong-nhan-hoa-thuy-ta-cung-thuc-tuyet-YZnTkju26yz3zs%7EF
Đối thủ một mất một còn biến thành miêu,Mộc Phong Khinh Niên,"Nguyên sang , Bách hợp , Hiện đại , HE , Tình cảm , Huyền huyễn , Ngọt văn , Chủ công , Hỗ công , Đô thị tình duyên , Linh dị thần quái , 1v1 , Thị giác nữ chủ , Manh sủng",Hoàn thành,32655,416,8,53,https://wikicv.net/truyen/doi-thu-mot-mat-mot-con-bien-thanh-mieu-Y5xpnFS4CFn4Zuwh
hp Adela · Ludwig gl ( toàn viên ooc ),Trí Ngã Đích Não Động Quân,"Diễn sinh , Bách hợp , Hiện đại , HE ,
                     , Harry Potter , Tây huyễn",Hoàn thành,32549,580,2,52,https://wikicv.net/truyen/hp-adela-ludwig-gl-toan-vien-ooc-WvfzKu8h7E2OWFO2
Xuyên qua chi hóa thông thiên hạ,Thiềm Cung Chiết Quế Nhạc Du Du,"Nguyên sang , Bách hợp , Cổ đại , HE , Tình cảm , Xuyên việt , Cải trang giả dạng",Hoàn thành,32548,202,1,18,https://wikicv.net/truyen/xuyen-qua-chi-hoa-thong-thien-ha-W0n1U%7E8h7H9CyhzE
Ta vì thịt cá,Ninh Viễn,"Nguyên sang , Bách hợp , Cổ đại , HE , Võ hiệp , Niên hạ , Cung đình hầu tước , Cải trang giả dạng",Hoàn thành,32547,97,5,56,https://wikicv.net/truyen/ta-vi-thit-ca-W4wGqFS4CBQv0DmU
Xuyên nhanh chi ta ký chủ túm trời cao,Nhược Sinh Phúc Thế,"Nguyên sang , Bách hợp , Cổ đại , Hiện đại , HE , Tình cảm , Khoa học viễn tưởng , Hệ thống , Xuyên nhanh , Sảng văn , Nữ cường , 1v1 , Thị giác nữ chủ , Vô địch lưu",Hoàn thành,571403,10787,91,1642,https://wikicv.net/truyen/xuyen-nhanh-chi-ta-ky-chu-tum-troi-cao-XXuZl1S4CFcVkuCx
Chấp kiếm ôm đi sư tỷ ( xuyên thư ),Hà Mộc,"Nguyên sang , Bách hợp , Cổ đại , HE , Tình cảm , Tiên hiệp , Tu chân , Song khiết 🕊️ , Xuyên thư , Chủ công , Cường cường , Thăng cấp lưu , 1v1",Hoàn thành,553468,7706,149,1780,https://wikicv.net/truyen/chap-kiem-om-di-su-ty-xuyen-thu-X%7Eg96lS4CAktNoTY
Ta mới không cần làm nữ võ thần,Sơ Hạ Vị Tần,"Diễn sinh , Bách hợp , Cổ đại , Hiện đại , Tương lai , HE , Manga anime , Khoa học viễn tưởng , Xuyên việt , Ma pháp , Hệ thống , Nam biến nữ , Thần thoại , Vị diện , Vô hạn lưu , Thăng cấp lưu , Nhẹ nhàng , Nhiều CP , Duyên trời tác hợp , Linh dị thần quái , Thị giác nữ chủ , Âm Dương Sư , Lữ hành , Inuyasha , Resident Evil , Áo choàng lưu , Genshin , Honkai",Tạm ngưng,531304,7483,185,1991,https://wikicv.net/truyen/ta-moi-khong-can-lam-nu-vo-than-Xvix6GHe7FHrFlDP
"Honkai Impact 3, khai cục truyền phát tin vòm trời sao băng",Hôi Tinh Tấu,"Diễn sinh , Bách hợp , Cận đại , Hiện đại , OE , Tình cảm , Manga anime , Trò chơi , Thị giác nữ chủ , Honkai",Tạm ngưng,480306,4477,170,907,https://wikicv.net/truyen/honkai-impact-3-khai-cuc-truyen-phat-tin-YUnhr1S4CEwMGP41
Cứu vớt bạch nguyệt quang [ xuyên thư ],Dữu Vu Tử Duyệt,"Nguyên sang , Bách hợp , Cổ đại , HE , Tình cảm , Tiên hiệp , Tu chân , Ngọt văn , Hệ thống , Xuyên thư , Thăng cấp lưu , Chủ thụ , Nhẹ nhàng",Hoàn thành,477985,8163,74,3259,https://wikicv.net/truyen/cuu-vot-bach-nguyet-quang-xuyen-thu-XJpMfGHe7BCDZWQS
Đại sư tỷ từ bỏ trị liệu,Tam Bôi Bán Khả Nhạc,"Nguyên sang , Bách hợp , Cổ đại , HE , Tiên hiệp , Huyền huyễn , Dị thế , Tu chân , Xuyên việt , Hệ thống , Thăng cấp lưu , Nhẹ nhàng , Nhiều CP , Hài hước , Duyên trời tác hợp , Sư đồ , Thị giác nữ chủ , Hải vương , Lữ hành , Vạn nhân mê",Hoàn thành,397692,6840,126,1486,https://wikicv.net/truyen/dai-su-ty-tu-bo-tri-lieu-YFLY1kbIjm8Ps6J1
Chuyển sang kiếp khác hồ yêu lúc sau cần thiết muốn khuynh thành thiên hạ sao,Nguyệt Sắc Mông Lung Nguyệt Hạ Long,"Nguyên sang , Bách hợp , Cổ đại , HE , Tình cảm , Tiên hiệp , Tu chân , Hệ thống , Nam biến nữ , Thị giác nữ chủ",Còn tiếp,363730,13494,166,1802,https://wikicv.net/truyen/chuyen-sang-kiep-khac-ho-yeu-luc-sau-can-YGII2Tu261PVUWzs
"Nữ xứng, ta tới sủng [ xuyên nhanh ]",Thiên Mịch Hà,"Nguyên sang , Bách hợp , Hiện đại , HE , Tình cảm , Xuyên việt , Ngọt văn , Xuyên nhanh , Nữ phụ , Nhẹ nhàng , Hỗ công , Tiểu bạch văn , Kim bài đề cử 🥇 , 1v1",Hoàn thành,342646,4306,103,1777,https://wikicv.net/truyen/nu-xung-ta-toi-sung-xuyen-nhanh-XWZePVS4CG8UXECb
Mới không phải thiên tài thần tượng thiếu nữ,Chính Nghĩa Lẫm Nhiên,"Nguyên sang , Bách hợp , Hiện đại , HE , Tình cảm , Manga anime , Xuyên việt , Nam biến nữ , Huyết tộc , Giới giải trí , NP , Vô hạn lưu , Phát sóng trực tiếp , Thế giới song song , Thị giác nữ chủ",Còn tiếp,337024,5293,316,1634,https://wikicv.net/truyen/moi-khong-phai-thien-tai-than-tuong-thie-Xmpx41S4CA4gnIU7
Phong hoa đương ca,Nhàn Đình Bút Lạc,"Nguyên sang , Bách hợp , Cổ đại , HE , Tình cảm , Huyền huyễn , Xuyên việt , Chủ công , Hoan hỉ oan gia , Sảng văn , Kim bài đề cử 🥇 , 1v1",Hoàn thành,327581,4449,149,1858,https://wikicv.net/truyen/phong-hoa-duong-ca-XZd7rFS4CGmYmVUp
Huynh trưởng đại nhân trấn thủ phủ,Chiến Tràng Nguyên Trung Miêu,"Diễn sinh , Bách hợp , Cận đại , Hiện đại , OE , Tình cảm , Manga anime , Thị giác nữ chủ , Kanmusu",Còn tiếp,324006,17645,318,5701,https://wikicv.net/truyen/huynh-truong-dai-nhan-tran-thu-phu-YTbgUDzLcha0K9FP
Biến thân vai ác nữ chủ ta bị mỹ thiếu nữ nhóm dây dưa,Mô Mô Nhất Khối Tiền Tứ Cá,"Nguyên sang , Bách hợp , Cổ đại , OE , Tình cảm , Tiên hiệp , Huyền huyễn , Sinh tồn , Dị thế , Tu chân , Xuyên việt , Hệ thống , Thần tiên yêu quái , Nam biến nữ , NP , Xuyên thành vai ác , Thị giác nữ chủ , Vô địch lưu",Hoàn thành,319345,6638,77,1018,https://wikicv.net/truyen/bien-than-vai-ac-nu-chu-ta-bi-my-thieu-n-Yyyfy_TaEB0jSrr4
Ta dùng anh linh tạp tổ ở Yu-Gi-Oh đánh bài,Mạc Ngư A Duy,"Diễn sinh , Bách hợp , Tương lai , OE , Manga anime , Xuyên việt , Hệ thống , Trò chơi , Thị giác nữ chủ , Fate",Hoàn thành,294053,2601,48,740,https://wikicv.net/truyen/ta-dung-anh-linh-tap-to-o-yu-gi-oh-danh--XkKhnWHe7FlyWgAw
Conan chi Mori tỷ tỷ,Sa Lợi Nhã,"Diễn sinh , Bách hợp , Hiện đại , HE , Tình cảm , Trinh thám , Manga anime , Phá án , Cận thủy lâu đài , Nữ cường , Conan",Hoàn thành,276625,3205,67,784,https://wikicv.net/truyen/conan-chi-mori-ty-ty-WcZtiO8h7FQxaoyj
Marvel công chúa chung thành vương,Tưởng Tĩnh Tĩnh Đích Đốn Hà,"Diễn sinh , Bách hợp , Hiện đại , HE , Kinh dị , Khoa học viễn tưởng , Huyền huyễn , Huyền học , Phim ảnh , Xuyên việt , Ma pháp , Dị năng , Làm giàu , Huyết tộc , Thần thoại , Vô hạn lưu , Thăng cấp lưu , Tây huyễn , Linh dị thần quái , Triệu hoán lưu , Marvel",Hoàn thành,275003,9792,78,4423,https://wikicv.net/truyen/marvel-cong-chua-chung-thanh-vuong-XtC31FS4CBllva3G
"Cắn nữ chủ một ngụm, ác độc nữ xứng biến A [ xuyên thư ]",Qua Vân Tê,"Nguyên sang , Bách hợp , Hiện đại , HE , Tình cảm , Ngọt văn , Xuyên thư , Chủ công , Hào môn thế gia , ABO , 1v1",Hoàn thành,268738,1682,42,602,https://wikicv.net/truyen/can-nu-chu-mot-ngum-ac-doc-nu-xung-bien--YVW3ClS4CEsrzx2y
Ở cẩu huyết văn đương tra nữ [ xuyên nhanh ],Khứ Ô Phấn,"Nguyên sang , Bách hợp , Cổ đại , Hiện đại , HE , Tình cảm , Ngọt văn , Trọng sinh , Xuyên nhanh , Giới giải trí , Chủ thụ , Nhẹ nhàng , Duyên trời tác hợp , Kim bài đề cử 🥇 , 1v1",Hoàn thành,260606,2234,31,622,https://wikicv.net/truyen/o-cau-huyet-van-duong-tra-nu-xuyen-nhanh-Xt3DhjzLckawLlMd
Đương bàn tay vàng gặp gỡ cá mặn,Hoặc Hứa Hữu Nhất Thiên,"Nguyên sang , Bách hợp , Cổ đại , HE , Tình cảm , Tu chân , Ngọt văn , Hệ thống , Hỗ công , 1v1 , Manh sủng",Hoàn thành,259151,6313,107,1879,https://wikicv.net/truyen/duong-ban-tay-vang-gap-go-ca-man-YVchU1S4CHdQjTsS
Độc sủng nông môn tiểu kiều thê gl,Ất Thuần,"Nguyên sang , Bách hợp , Cổ đại , HE , Tình cảm , Tu chân , Xuyên việt , Ngọt văn",Hoàn thành,258033,1302,46,574,https://wikicv.net/truyen/doc-sung-nong-mon-tieu-kieu-the-gl-WhvTTu8h7DsM3OAJ
Ảnh hậu có bức tường,Vân Võng Nhiên,"Nguyên sang , Bách hợp , Hiện đại , HE , Tình cảm , Ngọt văn , Mỹ thực , Giới giải trí , Chủ thụ , Phát sóng trực tiếp , Kim Bảng 🏆 , 1v1",Hoàn thành,255688,4699,55,2082,https://wikicv.net/truyen/anh-hau-co-buc-tuong-XoXunlS4CG0BbNUA
Buông ra nữ chủ để cho ta tới,Bạch Trì,"Nguyên sang , Bách hợp , Cổ đại , HE , Tiên hiệp , Tu chân , Xuyên việt , Xuyên thư , NP , Thị giác nữ chủ , Vô địch lưu",Còn tiếp,250835,6530,129,2897,https://wikicv.net/truyen/buong-ra-nu-chu-de-cho-ta-toi-X1YPtDzLck2fqdGh
Luôn có người tưởng giường đông ta [ xuyên nhanh ],Bá Đạo Chủng Thái,"Nguyên sang , Bách hợp , Tương lai , HE , Tình cảm , Xuyên việt , Ngọt văn , Xuyên nhanh , Chủ thụ , Duyên trời tác hợp , Tiểu bạch văn , Kim bài đề cử 🥇 , 1v1",Hoàn thành,249138,3083,26,579,https://wikicv.net/truyen/luon-co-nguoi-tuong-giuong-dong-ta-xuyen-WTi0nO8h7CotI72V
Thế Giới Giả Tưởng Chi Biến Thân Yoshino,Bất Phôi,"Diễn sinh , Bách hợp , Hiện đại , HE , Manga anime , Huyền huyễn , Xuyên việt , Ma pháp , Dị năng , Trọng sinh , Xuyên nhanh , Nam biến nữ , Cẩu huyết , Vườn trường , Chủ thụ , Nhẹ nhàng , Hài hước , Ấm áp",Hoàn thành,248693,1956,52,420,https://wikicv.net/truyen/the-gioi-gia-tuong-chi-bien-than-yoshino-W9KQ70bIjlwGC4IM
Biến thân cực phẩm tiểu sư muội,Bính Mệnh Đích Oa Ngưu,"Diễn sinh , Bách hợp , Cổ đại , HE , Tiên hiệp , Huyền huyễn , Tranh bá , Tu chân , Hệ thống , Thần tiên yêu quái , Chủ công , Nam biến nữ , NP , Vả mặt , Vô địch lưu",Hoàn thành,246443,2394,61,485,https://wikicv.net/truyen/bien-than-cuc-pham-tieu-su-muoi-Xuom5lS4CBh2Jgfc
Biến thân ở thế giới Marvel,Tưởng Tĩnh Tĩnh Đích Đốn Hà,"Diễn sinh , Bách hợp , Hiện đại , HE , Manga anime , Khoa học viễn tưởng , Xuyên việt , Nam biến nữ , Marvel",Hoàn thành,245523,2636,29,347,https://wikicv.net/truyen/bien-than-o-the-gioi-marvel-WuIMFe8h7HEvjAdy
Conan chi Vermouth tỷ ngươi chơi với lửa,Khởi Danh Đích Đệ 13 Thứ,"Diễn sinh , Bách hợp , Hiện đại , HE , Tình cảm , Trinh thám , Manga anime , Ngọt văn , Xuyên thư , Nhẹ nhàng , Hỗ công , Conan",Chưa xác minh,244880,2307,83,648,https://wikicv.net/truyen/conan-chi-vermouth-ty-nguoi-choi-voi-lua-Xx42nVS4CDz33tnt
Dị giới trọng sinh chi vong linh nữ vương,Đồng Tử Tương Đích Quang Kiếm,"Nguyên sang , Bách hợp , Cổ đại , HE , Huyền huyễn , Võng du , Dị thế , Ma pháp , Nam biến nữ , Thần thoại , Đấu khí , Tây huyễn",Hoàn thành,244413,2707,43,573,https://wikicv.net/truyen/di-gioi-trong-sinh-chi-vong-linh-nu-vuon-XBmg%7EVS4CAKXDR7u
Ký chủ cự tuyệt trị liệu ( xuyên nhanh ),Lũ Ngọc Tài Băng,"Nguyên sang , Bách hợp , Cổ đại , Hiện đại , HE , Tình cảm , Tiên hiệp , Mạt thế , Huyền huyễn , Tu chân , Hệ thống , Xuyên nhanh , Hào môn thế gia , Giới giải trí , Chủ thụ , Cung đình hầu tước , 1v1",Hoàn thành,242149,4499,26,944,https://wikicv.net/truyen/ky-chu-cu-tuyet-tri-lieu-xuyen-nhanh-XtrkJFS4CHHdRIkb
Tiểu thư pháp y thân ái của ta,Tửu Noãn Xuân Thâm,"Nguyên sang , Bách hợp , Hiện đại , HE , Tình cảm , Cường cường , Niên thượng , Chủ thụ , Duyên trời tác hợp , 1v1",Hoàn thành,237958,728,32,206,https://wikicv.net/truyen/tieu-thu-phap-y-than-ai-cua-ta-XbpSTlS4CBXatE0u
Xuyên thành vườn trường trong sách tra A,Lạc Tiểu Phái,"Nguyên sang , Bách hợp , Hiện đại , HE , Tình cảm , Ngọt văn , Xuyên thư , Chủ công , ABO , Sảng văn",Hoàn thành,235910,3317,30,1397,https://wikicv.net/truyen/xuyen-thanh-vuon-truong-trong-sach-tra-a-YjZzglS4CEUkNW4R
Ở phú bà bên người nơi nơi bày quán,Phong Thính Lan,"Nguyên sang , Bách hợp , Hiện đại , HE , Tình cảm , Hệ thống , Mỹ thực , Chủ công",Hoàn thành,234046,5846,38,1418,https://wikicv.net/truyen/o-phu-ba-ben-nguoi-noi-noi-bay-quan-Z11rO1S4CGjUGP%7ED
Vũ trụ đệ nhất dấm thần,Diệp Sáp,"Nguyên sang , Bách hợp , Hiện đại , HE , Tình cảm , Ngọt văn , Giới giải trí , Hoan hỉ oan gia , Nhẹ nhàng , Hỗ công , Kim bài đề cử 🥇 , Kim Bảng 🏆",Hoàn thành,229139,1213,28,476,https://wikicv.net/truyen/vu-tru-de-nhat-dam-than-XMxLqVS4CG3KVLuE
Tiểu đáng thương cứu vớt sổ tay [ Xuyên nhanh ],Nhất Khúc Phó Niên Hoa,"Nguyên sang , Bách hợp , Cổ đại , Hiện đại , Tương lai , HE , SE , Tình cảm , Võ hiệp , Tiên hiệp , Mạt thế , Huyền huyễn , Tu chân , Xuyên việt , Hệ thống , Xuyên nhanh , Tinh tế , Cẩu huyết , Ngược văn , Chủ thụ , Nhẹ nhàng",Hoàn thành,224433,2390,90,1057,https://wikicv.net/truyen/tieu-dang-thuong-cuu-vot-so-tay-xuyen-nh-XN6HtmHe7Bep1Cla
Itsuka Kotori Đến Nay Chưa Từng Nếm Mùi Thất Bại,Mk Trứ,"Diễn sinh , Bách hợp , Hiện đại , OE , Manga anime , Hệ thống , Nam biến nữ",Hoàn thành,222648,2164,41,697,https://wikicv.net/truyen/itsuka-kotori-den-nay-chua-tung-nem-mui--XOKvTkbIjmAi6ONT
Ác độc nữ xứng cùng bạch liên hoa [ xuyên nhanh ],Qua Vân Tê,"Nguyên sang , Bách hợp , Cổ đại , Hiện đại , HE , Tình cảm , Mạt thế , Tu chân , Ngọt văn , Hệ thống , Xuyên nhanh , Chủ công , Hào môn thế gia , Nữ phụ , Vườn trường , Nhẹ nhàng , Kim bài đề cử 🥇",Hoàn thành,220882,2561,45,1273,https://wikicv.net/truyen/ac-doc-nu-xung-cung-bach-lien-hoa-xuyen--XnWgmVS4CAq5U6z1
Ta ở tiên tông đương thần thú [ xuyên thư ],Viễn Du Đích Ngư,"Nguyên sang , Bách hợp , Cổ đại , HE , Tình cảm , Tiên hiệp , Tu chân , Ngọt văn , Song khiết 🕊️ , Xuyên thư , Cường cường , Chủ thụ , Dưỡng thành , Kim bài đề cử 🥇 , 1v1 , Main là động vật",Hoàn thành,220222,3313,32,880,https://wikicv.net/truyen/ta-o-tien-tong-duong-than-thu-xuyen-thu-Xt8K71S4CD2yfZAC
Yêu đao cơ,La Tương Thần,"Nguyên sang , Bách hợp , Cổ đại , HE , Võ hiệp , Dị thế , Xuyên việt , Nam biến nữ , NP , Thăng cấp lưu , Thị giác nữ chủ",Hoàn thành,219936,2626,109,370,https://wikicv.net/truyen/yeu-dao-co-X0n3SUbIjnDD75cx
Ta chuyển sang kiếp khác liền siêu thần,Phong Hoa,"Nguyên sang , Bách hợp , Hiện đại , HE , Tình cảm , Võng du , Trọng sinh , Nam biến nữ , NP , Sảng văn , Trò chơi , Thị giác nữ chủ , Vô địch lưu",Còn tiếp,218174,1634,128,406,https://wikicv.net/truyen/ta-chuyen-sang-kiep-khac-lien-sieu-than-YIU5DTu26yXnxzc1
Cùng ta làm bằng hữu nữ chủ đều thay đổi [ xuyên nhanh ],Bá Đạo Chủng Thái,"Nguyên sang , Bách hợp , Cổ đại , Hiện đại , HE , Tình cảm , Ngọt văn , Hệ thống , Xuyên nhanh , Nữ phụ , Chủ thụ , Nhẹ nhàng , Kim bài đề cử 🥇 , 1v1",Hoàn thành,214149,3801,34,1022,https://wikicv.net/truyen/cung-ta-lam-bang-huu-nu-chu-deu-thay-doi-YCAPCTzLcjokhjLP
Xuyên thư: Xuyên thành tra A sau ta O mang thai,Lý Tư Nặc,"Nguyên sang , Bách hợp , Hiện đại , HE , Tình cảm , Ngọt văn , Song khiết 🕊️ , Xuyên thư , Sinh con , Chủ công , Hào môn thế gia , ABO , Giới giải trí , Đô thị tình duyên , Pháo hôi , 1v1 , Chậm nhiệt , Dưỡng oa",Hoàn thành,213295,2868,76,1400,https://wikicv.net/truyen/xuyen-thu-xuyen-thanh-tra-a-sau-ta-o-man-YgpH2lS4CE5DM4WA
Xuyên thành phế thổ trong sách tra A,Lạc Tiểu Phái,"Nguyên sang , Bách hợp , Tương lai , HE , Tình cảm , Khoa học viễn tưởng , Mạt thế , Ngọt văn , Xuyên thư , Chủ công , ABO , Nhẹ nhàng",Hoàn thành,207289,3857,38,1648,https://wikicv.net/truyen/xuyen-thanh-phe-tho-trong-sach-tra-a-YwS9xlS4CCefL15j
Ma giáo yêu nữ là nàng bạch nguyệt quang,Mộc Phong Khinh Niên,"Nguyên sang , Bách hợp , Cổ đại , HE , Tình cảm , Tiên hiệp , Huyền huyễn , Tu chân , Cường cường , Thăng cấp lưu , Sảng văn , Hỗ công , Nghịch tập , 1v1",Hoàn thành,203049,5079,73,1422,https://wikicv.net/truyen/ma-giao-yeu-nu-la-nang-bach-nguyet-quang-XlTdNGHe7G4v3kWl
Mỗi cái thế giới một lần biến thân,Ngự Bản 0862 Hào,"Diễn sinh , Bách hợp , Cổ đại , Cận đại , Hiện đại , OE , Tình cảm , Manga anime , Xuyên việt , Nam biến nữ , Vô hạn lưu , Thị giác nữ chủ , Fate , Vô địch lưu , Kimetsu no Yaiba , Marvel , Tokyo Ghoul , Xuyên game , Genshin , Honkai",Còn tiếp,202325,2834,119,552,https://wikicv.net/truyen/moi-cai-the-gioi-mot-lan-bien-than-YbwEATu261bvgclz
Mau xuyên chi vận mệnh giao dịch hệ thống [GL],Tiểu Ngô Quân,"Nguyên sang , Bách hợp , Cổ đại , Cận đại , Hiện đại , Tương lai , HE , Tình cảm , Ngọt văn , Hệ thống , Song khiết 🕊️ , Xuyên nhanh , Cường cường , Thanh mai trúc mã , Chủ thụ , Nhẹ nhàng , Kim bài đề cử 🥇 , 1v1 , Sát thủ",Hoàn thành,197771,4299,45,746,https://wikicv.net/truyen/mau-xuyen-chi-van-menh-giao-dich-he-thon-WUwnvu8h7HF9yZNp
Cơ Duyên Thiên Hạ,Ti Vũ Hằng Sơn,"Nguyên sang , Bách hợp , Cổ đại , HE , Tình cảm , Xuyên việt , Sinh con , Chủ công , NP , Cải trang giả dạng",Hoàn thành,192048,2195,55,370,https://wikicv.net/truyen/co-duyen-thien-ha-Xwh1UlS4CCpMXNoK
Conan chi cự tuyệt thông báo,Cách Bích Đích A Già,"Diễn sinh , Bách hợp , Hiện đại , HE , Trinh thám , Manga anime , Hệ thống , Thị giác nữ chủ , Conan",Chưa xác minh,190410,4462,160,1722,https://wikicv.net/truyen/conan-chi-cu-tuyet-thong-bao-Xxm4vVS4CHeyb2wh
Liêu tới rồi đại vai ác nàng nương,Kiều Tiên,"Nguyên sang , Bách hợp , Cổ đại , HE , Tình cảm , Tiên hiệp , Tu chân , Niên hạ , Xuyên thư , Chủ công , Cường cường",Hoàn thành,189041,4808,99,1166,https://wikicv.net/truyen/lieu-toi-roi-dai-vai-ac-nang-nuong-ZXxsdFS4CDprZL1j
Ngược văn nữ chủ cùng xinh đẹp nữ xứng [ Xuyên nhanh ],Thiên Mịch Hà,"Nguyên sang , Bách hợp , Cổ đại , Hiện đại , Tương lai , HE , Tình cảm , Ngọt văn , Hệ thống , Xuyên nhanh , Sảng văn , Nhẹ nhàng , Hỗ công , Hài hước , 1v1",Hoàn thành,185297,2328,131,1028,https://wikicv.net/truyen/nguoc-van-nu-chu-cung-xinh-dep-nu-xung-x-XPkevEbIjg77Yr4n
Nhẫn giới: Từ mộc diệp bắt đầu trùng cơ,Nhị Nguyệt Tứ Nhật Tình,"Diễn sinh , Bách hợp , Cận đại , HE , Manga anime , Xuyên việt , Naruto , Thị giác nữ chủ , Ngự thú",Hoàn thành,182089,4824,88,1455,https://wikicv.net/truyen/nhan-gioi-tu-moc-diep-bat-dau-trung-co-YbdNH1S4CDPFMQ7B
Xuyên thành vứt thê bỏ nữ tra A,Diêm Hồi,"Nguyên sang , Bách hợp , Hiện đại , HE , Tình cảm , Ngọt văn , Song khiết 🕊️ , Xuyên thư , Sinh con , Chủ công , ABO , Thiên chi kiêu tử , Kim bài đề cử 🥇",Hoàn thành,180372,1469,41,528,https://wikicv.net/truyen/xuyen-thanh-vut-the-bo-nu-tra-a-YUoYIVS4CAS8Uk2d
Toàn thế giới đều mong các nàng ly hôn [ xuyên thư ],Nghịch Thiêm,"Nguyên sang , Bách hợp , Hiện đại , HE , Tình cảm , Ngọt văn , Xuyên thư , Giới giải trí , Nhẹ nhàng , Hỗ công , 1v1",Hoàn thành,180121,710,41,384,https://wikicv.net/truyen/toan-the-gioi-deu-mong-cac-nang-ly-hon-x-Xlxu9lS4CCGHTmD%7E
Mau xuyên chi liêu muội sổ tay GL,Tiểu Ngô Quân,"Nguyên sang , Bách hợp , Cổ đại , Hiện đại , Tương lai , HE , Tình cảm , Hệ thống , Xuyên nhanh , Nữ phụ , Cường cường , Chủ thụ , 1v1",Hoàn thành,177901,1607,41,434,https://wikicv.net/truyen/mau-xuyen-chi-lieu-muoi-so-tay-gl-WUwoh%7E8h7HF9yZNr
Ta tại Nhật Bản làm vu nữ,Thanh Loan,"Diễn sinh , Bách hợp , Hiện đại , HE , Kinh dị , Trinh thám , Manga anime , Huyền học , Xuyên việt , Hệ thống , Nam biến nữ , Vườn trường , Thăng cấp lưu , Nhẹ nhàng , Bình bộ thanh vân , Linh dị thần quái , Thị giác nữ chủ , Âm Dương Sư , Bình dân sinh hoạt",Hoàn thành,176140,4623,73,1436,https://wikicv.net/truyen/ta-tai-nhat-ban-lam-vu-nu-X2B0fFS4CF3EC5aO
Hokage chi Haruno Sakura hào kiệt vật ngữ,Tôn Vân Khỉ,"Diễn sinh , Bách hợp , Cận đại , OE , Manga anime , Xuyên việt , Nam biến nữ , Naruto",Tạm ngưng,175464,2781,72,630,https://wikicv.net/truyen/hokage-chi-haruno-sakura-hao-kiet-vat-ng-XCdgM1S4CHD2tGwA
Mau xuyên sủng thê vô độ,Lộc Ương Ương,"Nguyên sang , Bách hợp , Cổ đại , Cận đại , Hiện đại , HE , Tình cảm , Khoa học viễn tưởng , Ngọt văn , Hệ thống , Xuyên nhanh , Chủ công , 1v1",Hoàn thành,172658,1089,28,527,https://wikicv.net/truyen/mau-xuyen-sung-the-vo-do-W6J5iFS4CFdmF8IN
Xuyên Thư Sau Ta Bị Nữ Chủ Đánh Dấu,Tiểu Ngô Quân,"Nguyên sang , Bách hợp , Hiện đại , HE , Tình cảm , Ngọt văn , Xuyên thư , ABO , Giới giải trí , Chủ thụ , Pháo hôi , Duyên trời tác hợp , 1v1",Hoàn thành,171335,2700,40,995,https://wikicv.net/truyen/xuyen-thu-sau-ta-bi-nu-chu-danh-dau-X5pXklS4CA4kwbAR
Nhà ta thượng thần kêu ta mẹ,Yêu Quái Nhàn Giả,"Diễn sinh , Bách hợp , Cổ đại , Cận đại , OE , Tình cảm , Manga anime , Dị thế , Trọng sinh , Nam biến nữ , Thị giác nữ chủ",Hoàn thành,170008,4468,155,406,https://wikicv.net/truyen/nha-ta-thuong-than-keu-ta-me-YP6rSjzLcg%7EgQQH3
Biến thân ở DC thế giới,Tưởng Tĩnh Tĩnh Đích Đốn Hà,"Diễn sinh , Bách hợp , Hiện đại , HE , Khoa học viễn tưởng , Huyền học , Phim ảnh , Xuyên việt , Ma pháp , Dị năng , Làm giàu , Nam biến nữ , Thần thoại , Thăng cấp lưu , Tây huyễn , Siêu anh hùng , Linh dị thần quái , Triệu hoán lưu",Hoàn thành,169205,2233,15,291,https://wikicv.net/truyen/bien-than-o-dc-the-gioi-WbkbuO8h7DaitHZS
Ta ở Liyue viết tiểu thuyết,Quất Tử Khí Phao Thủy,"Diễn sinh , Bách hợp , Cổ đại , OE , Tình cảm , Manga anime , Xuyên việt , Ma pháp , Thần tiên yêu quái , Thế giới song song , Thị giác nữ chủ , Viết văn , Chữa lành , Genshin",Hoàn thành,169034,3668,52,947,https://wikicv.net/truyen/ta-o-liyue-viet-tieu-thuyet-Ysjh1_TaEFtkSLsI
Túm tỷ chế bá Hogwarts,Hung Khẩu Toái Đại Bính,"Diễn sinh , Bách hợp , Hiện đại , HE ,
                     , Ma pháp , Hệ thống , Nam biến nữ , Harry Potter , Tây huyễn , Thị giác nữ chủ",Hoàn thành,169001,4260,126,763,https://wikicv.net/truyen/tum-ty-che-ba-hogwarts-Yb3cOjzLchpn6sKz
"Nữ chủ đại nhân, ta sai rồi",Nhạn Quá Ngô Ngân,"Nguyên sang , Bách hợp , Cổ đại , HE , Tình cảm , Huyền huyễn , Dị thế , Dị năng , Ngọt văn , Xuyên thư , Hào môn thế gia , Thăng cấp lưu , Chủ thụ , Cận thủy lâu đài , Duyên trời tác hợp , Xuyên thành vai ác , 1v1",Hoàn thành,168227,1259,23,385,https://wikicv.net/truyen/nu-chu-dai-nhan-ta-sai-roi-Wf4Z2%7E8h7CxZ_kJV
Tiểu pháo hôi thật sự hảo hoảng [ xuyên nhanh ],Thiên Mịch Hà,"Nguyên sang , Bách hợp , Hiện đại , HE , Tình cảm , Xuyên việt , Ngọt văn , Xuyên nhanh , Nhẹ nhàng , Hỗ công , Nghịch tập",Hoàn thành,157632,3288,57,907,https://wikicv.net/truyen/tieu-phao-hoi-that-su-hao-hoang-xuyen-nh-YDkfaUbIjkXL4rt1
"Ta thường ngày, có chút kỳ quái",Bất Phôi,"Diễn sinh , Bách hợp , Hiện đại , HE , Manga anime , Xuyên việt , Nam biến nữ , Sảng văn , Thị giác nữ chủ",Hoàn thành,156802,3442,68,1212,https://wikicv.net/truyen/ta-thuong-ngay-co-chut-ky-quai-Xw_1e0bIjj_jv6gd
Xuyên thành thời xưa cẩu huyết trong sách tra A,Lạc Tiểu Phái,"Nguyên sang , Bách hợp , Cận đại , Hiện đại , HE , Tình cảm , Ngọt văn , Trọng sinh , Hệ thống , Xuyên thư , Chủ công , ABO , Gương vỡ lại lành , Sảng văn , Nhẹ nhàng , Vả mặt , 1v1",Hoàn thành,155281,1567,43,579,https://wikicv.net/truyen/xuyen-thanh-thoi-xua-cau-huyet-trong-sac-YRg2TlS4CCVbBAMQ
"Honkai hỏi đáp, từ Kiana bắt đầu",~ Bát Vân Thanh ~,"Diễn sinh , Bách hợp , Hiện đại , OE , Tình cảm , Manga anime , Khoa học viễn tưởng , Sinh tồn , Võng du , Ma pháp , Vườn trường , Thần thoại , Vô hạn lưu , Nhiều CP , Thế giới song song , Group chat , Honkai",Còn tiếp,151888,1251,56,136,https://wikicv.net/truyen/honkai-hoi-dap-tu-kiana-bat-dau-YuvKKvTaEGCZGVjU
"Chuyển sinh kiến hậu, từ đẻ trứng bắt đầu!",Giản Thứ,"Nguyên sang , Bách hợp , Cổ đại , HE , Tình cảm , Làm ruộng , Sinh tồn , Dị thế , Ma pháp , Trọng sinh , Hệ thống , Thần tiên yêu quái , NP , Thăng cấp lưu , Main là động vật , Thị giác nữ chủ , Lữ hành",Hoàn thành,148992,5993,82,1208,https://wikicv.net/truyen/chuyen-sinh-kien-hau-tu-de-trung-bat-dau-Y6rbXPTaEBq0lPqe
"Ta, nhân cờ đêm trăng, muốn bằng hữu",Bất Phôi,"Diễn sinh , Bách hợp , Hiện đại , OE , Manga anime , Xuyên việt",Hoàn thành,148457,2039,63,534,https://wikicv.net/truyen/ta-nhan-co-dem-trang-muon-bang-huu-W_ygU1S4CDxlIvAW
Huyết cơ cùng kỵ sĩ,Hán Đường Quy Lai,"Nguyên sang , Bách hợp , Cận đại , OE , Tình cảm , Nam biến nữ , Huyết tộc , Thị giác nữ chủ",Hoàn thành,147510,453,64,96,https://wikicv.net/truyen/huyet-co-cung-ky-si-YZPAyWHe7AhUjjAj
Đấu la chi băng tuyết thần hi,Hạo Lộc Hi,"Diễn sinh , Bách hợp , Cổ đại , HE , Tình cảm , Huyền huyễn , Xuyên thư , Nam biến nữ , NP , Thăng cấp lưu , Nhẹ nhàng , Thị giác nữ chủ , Đấu La đại lục",Hoàn thành,146729,935,45,157,https://wikicv.net/truyen/dau-la-chi-bang-tuyet-than-hi-YKy2_FS4CHoOEdCw
Xuyên thành khổ tình nữ chủ tra A lão mẹ,Liễu Toái Dạ,"Nguyên sang , Bách hợp , Hiện đại , HE , Tình cảm , Sinh con , Chủ công , ABO , Gương vỡ lại lành , Sảng văn , Nhẹ nhàng , Hoán đổi linh hồn",Hoàn thành,146533,2488,63,1006,https://wikicv.net/truyen/xuyen-thanh-kho-tinh-nu-chu-tra-a-lao-me-X5izgFS4CGm8sPeA
"Trưởng công chúa, ngươi quá bá đạo!",Văn Nhã Đích Lão Bảo,"Nguyên sang , Bách hợp , Cổ đại , HE , Tình cảm , Xuyên việt , Ngược văn , Cung đình hầu tước , Cận thủy lâu đài",Hoàn thành,146200,74,4,44,https://wikicv.net/truyen/truong-cong-chua-nguoi-qua-ba-dao-WhIo1%7E8h7EKtfEX6
Nữ xứng nàng chỉ nghĩ trồng trọt [ xuyên thư ],Dã Toán Tiêu Dao,"Nguyên sang , Bách hợp , Cổ đại , HE , Tình cảm , Làm ruộng , Hệ thống , Xuyên thư , Cung đình hầu tước , Nhẹ nhàng , Hỗ công , Hài hước , Vả mặt",Hoàn thành,145735,2033,30,744,https://wikicv.net/truyen/nu-xung-nang-chi-nghi-trong-trot-xuyen-t-XUWMSzu26wS734x3
"Sám hối tay, run nhè nhẹ",Đỗ Cẩm Lí,"Nguyên sang , Bách hợp , Hiện đại , HE , Tình cảm , Kinh dị , Trinh thám , Phá án , Vô hạn lưu , Chủ thụ , Hài hước , Linh dị thần quái",Hoàn thành,145413,4420,148,1214,https://wikicv.net/truyen/sam-hoi-tay-run-nhe-nhe-X2rCLTzLci49B2v3
Trở Thành Overlord Nữ Nhi,Hợi Long,"Diễn sinh , Bách hợp , Cận đại , Hiện đại , OE , Kinh dị , Manga anime , Võng du , Dị thế , Xuyên việt , Ma pháp , Hệ thống , Huyết tộc , Sảng văn , Hài hước , Trò chơi , Ấm áp",Chưa xác minh,144686,1309,42,198,https://wikicv.net/truyen/tro-thanh-overlord-nu-nhi-W%7EftnVS4CCxA12bT
Trọng sinh chi vườn trường nam thần gl,Trần Gia Tiểu Vương Tử,"Nguyên sang , Bách hợp , Hiện đại , HE , Tình cảm , Trọng sinh , Chủ công , Cẩu huyết , Giới giải trí",Hoàn thành,142636,181,10,86,https://wikicv.net/truyen/trong-sinh-chi-vuon-truong-nam-than-gl-WyaWOu8h7EpopRo3
Toàn thế giới đều biết nàng yêu ta,Ngư Sương,"Nguyên sang , Bách hợp , Cận đại , Hiện đại , HE , Tình cảm , Ngọt văn , Sảng văn , Nhẹ nhàng , Hỗ công , Vả mặt , Thế thân , Bạch nguyệt quang",Hoàn thành,141773,1865,57,633,https://wikicv.net/truyen/toan-the-gioi-deu-biet-nang-yeu-ta-YQx5K1S4CCw5wqgg
Conan chi tâm hữu linh tê,Hạo Tử Vĩ Trấp,"Diễn sinh , Bách hợp , Hiện đại , HE , Tình cảm , Manga anime , Xuyên việt , Hệ thống , Niên hạ , Sảng văn , Nhẹ nhàng , Hỗ công , Conan",Hoàn thành,134993,1519,20,264,https://wikicv.net/truyen/conan-chi-tam-huu-linh-te-YGvxMVS4CAJ%7EnXdn
"Chuyển sinh dị giới, ta cũng tưởng khai cục vô địch!",Vĩnh Dạ Mê Ly,"Diễn sinh , Bách hợp , Cổ đại , Cận đại , Hiện đại , OE , Tình cảm , Manga anime , Sinh tồn , Xuyên việt , Ma pháp , Hệ thống , Thần tiên yêu quái , Nam biến nữ , Vô hạn lưu , Thế giới song song , Thị giác nữ chủ , Vô địch lưu , Lữ hành",Còn tiếp,134485,2595,66,435,https://wikicv.net/truyen/chuyen-sinh-di-gioi-ta-cung-tuong-khai-c-Y29GYmHe7DNlmoNo
Xuyên thành thế thân văn tra A hắn cô cô sau,Tiểu Lục Long,"Nguyên sang , Bách hợp , Hiện đại , HE , Tình cảm , Ngọt văn , Song khiết 🕊️ , Xuyên thư , Chủ công , Hào môn thế gia , Cẩu huyết , ABO , Sảng văn , Đô thị tình duyên , Vả mặt , 1v1 , Thị giác nữ chủ , Thế thân",Hoàn thành,134181,2378,64,1068,https://wikicv.net/truyen/xuyen-thanh-the-than-van-tra-a-han-co-co-Yivi71S4CH46f7Nz
Xuyên thành tuyệt mỹ tổng tài pháo hôi thế thân,Cảnh Tiểu Lục,"Nguyên sang , Bách hợp , Hiện đại , HE , Tình cảm , Niên hạ , Xuyên thư , Chủ công , Cường cường , Nhẹ nhàng , Đô thị tình duyên , Pháo hôi , Ngân bài đề cử 🥈 , Nghịch tập , 1v1 , Thế thân",Hoàn thành,134076,1649,27,619,https://wikicv.net/truyen/xuyen-thanh-tuyet-my-tong-tai-phao-hoi-t-YTvQO1S4CEQqQMQE
"Conan trong thế giới pháp ngoại cuồng đồ, Tokisaki Kurumi",Mễ Hang Liễu Đích Phấn,"Diễn sinh , Bách hợp , Hiện đại , HE , Trinh thám , Manga anime , Xuyên việt , Ma pháp , Hệ thống , Phá án , Chủ công , Nam biến nữ , Vườn trường , NP , Sảng văn , Hài hước , Duyên trời tác hợp , Thị giác nữ chủ , Vô địch lưu , Conan , Hắc thủ lưu",Còn tiếp,133954,2310,65,293,https://wikicv.net/truyen/conan-trong-the-gioi-phap-ngoai-cuong-do-YMaqfVS4CGhdLNZN
Ở sinh tồn trong trò chơi đương tang thi,Tiêu Diêm Quất,"Nguyên sang , Bách hợp , Tương lai , HE , Tình cảm , Mạt thế , Dị năng , Cường cường , Thăng cấp lưu , Sảng văn , Hỗ công , Trò chơi , Tương ái tương sát",Hoàn thành,133560,2387,26,868,https://wikicv.net/truyen/o-sinh-ton-trong-tro-choi-duong-tang-thi-Zd8xz_TaEBphjk43
Biến thành nữ hài ta không thể không trở thành Arknights chúa cứu thế,Lưu liễm,"Diễn sinh , Bách hợp , Cận đại , Hiện đại , OE , Tình cảm , Manga anime , Làm sự nghiệp , Hệ thống , Nam biến nữ , NP , Chủ thụ , Nhiều CP , Hài hước , Thị giác nữ chủ , Chữa lành , Vạn nhân mê , Xuyên game , Arknights",Hoàn thành,133510,5127,177,1505,https://wikicv.net/truyen/bien-thanh-nu-hai-ta-khong-the-khong-tro-YWpJ1DzLciJHzwmv
Cùng thế thân yêu đương [ xuyên nhanh ],Tiểu Đàn Loan,"Nguyên sang , Bách hợp , Cổ đại , Hiện đại , Tương lai , HE , Tình cảm , Ngọt văn , Xuyên nhanh , Xuyên thư , Nhẹ nhàng , Ấm áp",Hoàn thành,133331,1793,75,785,https://wikicv.net/truyen/cung-the-than-yeu-duong-xuyen-nhanh-Xd_AamHe7Fe2duY3
Biến thân chi xuyên qua dị thế giới Cửu vĩ hồ tiên,Mộng Cảnh Tỉnh Lai Tối Hậu,"Nguyên sang , Bách hợp , Cổ đại , Cận đại , Hiện đại , OE , Tiên hiệp , Manga anime , Huyền huyễn , Tu chân , Ma pháp , Hệ thống , Thần tiên yêu quái , Nam biến nữ , Thần thoại , Vô hạn lưu , Thăng cấp lưu",Hoàn thành,133013,749,32,364,https://wikicv.net/truyen/bien-than-chi-xuyen-qua-di-the-gioi-cuu--Wfa_Bu8h7DLOJnuL
Bãi lạn sau ta toàn võng phát hỏa,Nhạn Quá Ngô Ngân,"Nguyên sang , Bách hợp , Hiện đại , HE , Tình cảm , Ngọt văn , Cổ xuyên kim , Giới giải trí , Nhẹ nhàng , Hỗ công , Vả mặt , 1v1",Hoàn thành,132459,1741,34,452,https://wikicv.net/truyen/bai-lan-sau-ta-toan-vong-phat-hoa-Y4mW0FS4CBl3tFUv
Xuyên thành hào môn nữ xứng quải nữ chủ,Độ Thiển,"Nguyên sang , Bách hợp , Hiện đại , HE , Tình cảm , Ngọt văn , Xuyên thư , Chủ công , Giới giải trí , Nhẹ nhàng",Hoàn thành,129893,1718,41,624,https://wikicv.net/truyen/xuyen-thanh-hao-mon-nu-xung-quai-nu-chu-YAP7yzzLclyDPFBB
Vạn nhân mê A không nghĩ yêu đương [ xuyên thư ],Qua Vân Tê,"Nguyên sang , Bách hợp , Hiện đại , HE , Tình cảm , Ngọt văn , Xuyên thư , Chủ công , ABO , Sảng văn , Nhẹ nhàng",Hoàn thành,129867,1965,20,439,https://wikicv.net/truyen/van-nhan-me-a-khong-nghi-yeu-duong-xuyen-YB2pmlS4CE92svcp
"Nam chủ, buông ra cái kia nữ chủ, để cho ta tới ( xuyên nhanh )",Lai Cá Thượng Thượng Thiêm,"Nguyên sang , Bách hợp , Cổ đại , Hiện đại , HE , Tình cảm , Hệ thống , Xuyên nhanh , Chủ công , Sảng văn , Vả mặt",Hoàn thành,129687,2690,120,976,https://wikicv.net/truyen/nam-chu-buong-ra-cai-kia-nu-chu-de-cho-t-YI19s1S4CEovHQLm
Tiểu Thái Giám Của Yêu Hậu,Lý Phù An,"Nguyên sang , Bách hợp , Cổ đại , HE , Tình cảm , Xuyên việt , Ngọt văn , Song khiết 🕊️ , Cung đấu , Niên thượng , Chủ thụ , Cung đình hầu tước , Sảng văn , Hài hước , Cải trang giả dạng , Kim bài đề cử 🥇 , Nữ cường",Hoàn thành,128818,1513,29,619,https://wikicv.net/truyen/tieu-thai-giam-cua-yeu-hau-W5Os_VS4CBI9xtdr
Ta thật không sẽ tính mệnh,Man Ỷ Chi,"Nguyên sang , Bách hợp , Hiện đại , HE , Tình cảm , Trọng sinh , Chủ công , Linh dị thần quái",Hoàn thành,128737,2346,33,335,https://wikicv.net/truyen/ta-that-khong-se-tinh-menh-XCCSNWHe7C7XJceP
Ác đảng nữ xứng tự mình tu dưỡng,Tiểu Tương,"Nguyên sang , Bách hợp , Hiện đại , OE , Tình cảm , Tu chân , Xuyên việt , Dị năng , Hệ thống , Nam biến nữ , Hào môn thế gia , Duyên trời tác hợp , Xuyên thành vai ác , Thế giới song song , Ngược tra , Vả mặt , Thị giác nữ chủ",Còn tiếp,128691,3549,88,481,https://wikicv.net/truyen/ac-dang-nu-xung-tu-minh-tu-duong-Ysfv4vTaEAfPnFtG
Ta biến thành yêu quái Higanbana,Dạ Lai Phong Diệp Dĩ Minh Lang,"Diễn sinh , Bách hợp , Cổ đại , HE , Manga anime , Xuyên việt , Hệ thống , Thần tiên yêu quái , Nam biến nữ , Thăng cấp lưu , Nhẹ nhàng , Duyên trời tác hợp , Thị giác nữ chủ , Âm Dương Sư , Vô địch lưu , Lữ hành , Inuyasha",Hoàn thành,128678,2212,75,275,https://wikicv.net/truyen/ta-bien-thanh-yeu-quai-higanbana-YMaswfTaEAXykJ6X
Bị bắt thay đổi triệt để ( xuyên nhanh ),Mặc Vũ Hoa,"Nguyên sang , Bách hợp , Cổ đại , Hiện đại , HE , Tình cảm , Ngọt văn , Xuyên nhanh , Sinh con , Chủ thụ , Sảng văn",Hoàn thành,127176,2609,31,792,https://wikicv.net/truyen/bi-bat-thay-doi-triet-de-xuyen-nhanh-X2XHAUbIjju5d2e9
Vĩnh không đầu hàng vai ác nữ xứng [ xuyên nhanh ],Nhất Giác Đoạn Tử,"Nguyên sang , Bách hợp , Cổ đại , Hiện đại , HE , Tình cảm , Xuyên nhanh , Nữ phụ , Chủ thụ , Sảng văn , Nhẹ nhàng , Kim bài đề cử 🥇 , Tương ái tương sát , Vả mặt",Hoàn thành,126715,1676,30,365,https://wikicv.net/truyen/vinh-khong-dau-hang-vai-ac-nu-xung-xuyen-YG7SFkbIjlmLK0t2
"Biến thành Jeanne ta, hành tẩu ở Terra đại lục",Bán Dũng Chi Ma Du,"Diễn sinh , Bách hợp , Cận đại , Hiện đại , OE , Tình cảm , Manga anime , Làm ruộng , Sinh tồn , Ma pháp , Thần tiên yêu quái , Thế giới song song , Thị giác nữ chủ , Fate , Lữ hành , Xuyên game",Hoàn thành,126200,3915,62,1071,https://wikicv.net/truyen/bien-thanh-jeanne-ta-hanh-tau-o-terra-da-YcMv3_TaEDpgMOy2
Tim đập thình thịch/ Đoạt nữ chủ liền chạy hì hì hì ( giới giải trí ),Thiên Địa Giai Nhập Mộng,"Nguyên sang , Bách hợp , Hiện đại , HE , Tình cảm , Ngọt văn , Trọng sinh , Xuyên thư , Chủ công , Giới giải trí , Nhẹ nhàng",Hoàn thành,126000,5116,37,718,https://wikicv.net/truyen/tim-dap-thinh-thich-doat-nu-chu-lien-cha-YrKVYVS4CE0VuBu6
Xuyên thành cưới vai ác phế vật,Thất Thiên Chiết Hí,"Nguyên sang , Bách hợp , Cổ đại , HE , Tình cảm , Tu chân , Ngọt văn , Chủ công , Sảng văn , Duyên trời tác hợp , 1v1 , Song xuyên , Song trọng sinh",Hoàn thành,125320,944,60,541,https://wikicv.net/truyen/xuyen-thanh-cuoi-vai-ac-phe-vat-X7naV1S4CGVqHNTX
"Ký chủ, xin đừng đối ác độc nữ xứng xuống tay [ xuyên nhanh ]",Khương Trầm Dạng,"Nguyên sang , Bách hợp , Cổ đại , Hiện đại , Tương lai , HE , Tình cảm , Ngọt văn , Hệ thống , Xuyên nhanh , Xuyên thư , Chủ công , Nhẹ nhàng , Song xuyên",Hoàn thành,124919,1327,47,410,https://wikicv.net/truyen/ky-chu-xin-dung-doi-ac-doc-nu-xung-xuong-XdDkljzLchzZFXz9
Đấu la chi thiên sứ cùng kỵ sĩ,Blue Lam Môi,"Diễn sinh , Bách hợp , Cổ đại , OE , Tình cảm , Huyền huyễn , Xuyên việt , Hệ thống , Thế giới song song , Thị giác nữ chủ , Đấu La đại lục",Hoàn thành,124186,2010,98,496,https://wikicv.net/truyen/dau-la-chi-thien-su-cung-ky-si-YxtmQlS4CGlpJ5Fm
Chuyên nghiệp đoạt nữ xứng [ xuyên nhanh ]/ Xinh đẹp nữ xứng ngươi không cần ta muốn,Hoài Thanh Sơn,"Nguyên sang , Bách hợp , Cổ đại , Hiện đại , HE , Tình cảm , Ngọt văn , Xuyên nhanh , Chủ công , Sảng văn , Nhẹ nhàng , 1v1",Hoàn thành,124039,2144,16,520,https://wikicv.net/truyen/chuyen-nghiep-doat-nu-xung-xuyen-nhanh-x-ZJmf2_TaEDZGnc%7EJ
Xuyên qua sau ta đánh dấu nữ đế,Nhàn Đình Bút Lạc,"Nguyên sang , Bách hợp , Hiện đại , HE , Tình cảm , Xuyên việt , Ngọt văn , ABO , Sảng văn , Nhẹ nhàng , Hỗ công , Duyên trời tác hợp",Hoàn thành,123461,1395,20,487,https://wikicv.net/truyen/xuyen-qua-sau-ta-danh-dau-nu-de-YY43yFS4CEmmeNiK
Bạch nguyệt quang Omega luôn muốn độc chiếm ta,Cáp Tử Bất Hội Cô Cô Cô,"Nguyên sang , Bách hợp , Hiện đại , HE , Tình cảm , Xuyên thư , ABO , Vườn trường , Nhẹ nhàng , Cận thủy lâu đài , Duyên trời tác hợp",Hoàn thành,122755,989,61,386,https://wikicv.net/truyen/bach-nguyet-quang-omega-luon-muon-doc-ch-YQPSflS4CApSvQFT
Bị tra vợ trước cấp trên đánh dấu sau,Thất Tịch Thị Đại Đầu Miêu,"Nguyên sang , Bách hợp , Hiện đại , HE , Tình cảm , Ngọt văn , Sinh con , Hào môn thế gia , ABO , Chủ thụ , Nhẹ nhàng",Hoàn thành,122295,1413,48,573,https://wikicv.net/truyen/bi-tra-vo-truoc-cap-tren-danh-dau-sau-X_lcA1S4CESZHN67
Xuyên thành cổ đại ăn chơi trác táng tra A,Lạc Tiểu Phái,"Nguyên sang , Bách hợp , Cổ đại , HE , Tình cảm , Ngọt văn , Hệ thống , Xuyên thư , Chủ công , ABO , Sảng văn , Vả mặt , 1v1",Hoàn thành,122248,764,16,277,https://wikicv.net/truyen/xuyen-thanh-co-dai-an-choi-trac-tang-tra-ZB2iHFS4CDt9I95v
Công lược ác độc nữ xứng [ xuyên nhanh ],Niên Niên Tán Phù Bình,"Nguyên sang , Bách hợp , Cổ đại , Cận đại , Hiện đại , Tương lai , HE , Tình cảm , Xuyên việt , Ngọt văn , Hệ thống , Xuyên nhanh , Sảng văn , Kim bài đề cử 🥇",Hoàn thành,122206,893,20,149,https://wikicv.net/truyen/cong-luoc-ac-doc-nu-xung-xuyen-nhanh-XQ1vs1S4CCnqrgpk
"Ta, Yuhaka, đói bụng!",AINL Lão Sư,"Diễn sinh , Bách hợp , Cổ đại , Cận đại , Hiện đại , OE , Tình cảm , Manga anime , Xuyên việt , Thị giác nữ chủ , Xuyên game , Honkai",Còn tiếp,121761,3190,110,729,https://wikicv.net/truyen/ta-yuhaka-doi-bung-YcczbDzLclFNcsWv
Ta cứu vớt nữ xứng đều yêu ta [ Xuyên nhanh ],Ngu Nhị Lưỡng,"Nguyên sang , Bách hợp , Cổ đại , Hiện đại , Tương lai , HE , Tình cảm , Tiên hiệp , Ngọt văn , Thú nhân , Hệ thống , Xuyên nhanh , Xuyên thư , Chủ thụ , Sảng văn , Nhẹ nhàng",Hoàn thành,121512,1885,35,792,https://wikicv.net/truyen/ta-cuu-vot-nu-xung-deu-yeu-ta-xuyen-nhan-XL_2aEbIjglyQXyo
Mạt thế chi sơ [ xuyên thư ],Mạt Thần,"Nguyên sang , Bách hợp , Tương lai , HE , Tình cảm , Mạt thế , Dị năng , Tùy thân không gian , Xuyên thư , Chủ thụ",Hoàn thành,121320,1425,11,449,https://wikicv.net/truyen/mat-the-chi-so-xuyen-thu-WiF8se8h7BfpcVS0
Sở hữu mỹ thiếu nữ đều muốn cùng ta dán dán,Đằng Tiêu Bất Gia Kê,"Diễn sinh , Bách hợp , Hiện đại , HE , Manga anime , Xuyên việt , Hệ thống , Nam biến nữ , Vườn trường , NP , Chủ thụ , Nhẹ nhàng , Hài hước , Duyên trời tác hợp , Thế giới song song , Thị giác nữ chủ , Viết văn , Vạn nhân mê",Còn tiếp,120248,2357,84,552,https://wikicv.net/truyen/so-huu-my-thieu-nu-deu-muon-cung-ta-dan--YIrOeFS4CH09rGXO
Kim bài luật sư Alpha cùng nàng bác sĩ Giang,Bạch Nương Tử,"Nguyên sang , Bách hợp , Hiện đại , HE , Tình cảm , Kinh thương , Hào môn thế gia , ABO , Cường cường , Kim bài đề cử 🥇 , Ngân bài đề cử 🥈",Hoàn thành,120112,383,18,178,https://wikicv.net/truyen/kim-bai-luat-su-alpha-cung-nang-bac-si-g-X9larFS4CFfDF%7E84
Chuyển sinh thành Jean lại như thế nào!,AYAYA Lẫm,"Diễn sinh , Bách hợp , Cổ đại , Cận đại , Hiện đại , OE , Tình cảm , Manga anime , Cơ giáp , Chủ công , Nam biến nữ , NP , Vô hạn lưu , Thăng cấp lưu , Thị giác nữ chủ , Fate , Kimetsu no Yaiba , Gundam , Cthulhu , Genshin , Honkai",Hoàn thành,119380,3130,120,958,https://wikicv.net/truyen/chuyen-sinh-thanh-jean-lai-nhu-the-nao-YXgmqEbIjmUY9xkh
Hải tặc công chúa chung thành vương,Tưởng Tĩnh Tĩnh Đích Đốn Hà,"Diễn sinh , Bách hợp , Hiện đại , HE , Manga anime , Huyền huyễn , Xuyên việt , Dị năng , Hệ thống , One Piece , Huyết tộc , Thần thoại , Thăng cấp lưu , Tây huyễn",Hoàn thành,118966,4392,23,1315,https://wikicv.net/truyen/hai-tac-cong-chua-chung-thanh-vuong-YWXICVS4CBAh7%7EfY
Xuyên thư: Bị bắt ở rể sau ta hỗn đến hô mưa gọi gió,Cảnh Tiểu Lục,"Nguyên sang , Bách hợp , Hiện đại , HE , Tình cảm , Ngọt văn , Song khiết 🕊️ , Niên hạ , Xuyên thư , Chủ công , Hào môn thế gia , Cưới trước yêu sau , Nhẹ nhàng , Đô thị tình duyên , 1v1 , Thị giác nữ chủ",Hoàn thành,118456,1140,26,457,https://wikicv.net/truyen/xuyen-thu-bi-bat-o-re-sau-ta-hon-den-ho--Ybpwj1S4CCZ6fKid
Biến thân Tomie vô hạn chi lữ,Oản Trung Long Tường,"Diễn sinh , Bách hợp , Hiện đại , OE , Kinh dị , Manga anime , Khoa học viễn tưởng , Huyền huyễn , Ma pháp , Dị năng , Thần tiên yêu quái , Nam biến nữ , One Piece , Vô hạn lưu , Linh dị thần quái , Phim Anh Mỹ , Fate",Hoàn thành,118428,802,58,157,https://wikicv.net/truyen/bien-than-tomie-vo-han-chi-lu-XHy76VS4CGQvHsNd
Từ Marvel bắt đầu bạch Sư Vương,Vũ Lam Phượng Cơ,"Diễn sinh , Bách hợp , Cổ đại , Cận đại , Hiện đại , OE , Manga anime , Khoa học viễn tưởng , Xuyên việt , Ma pháp , Hệ thống , Nam biến nữ , NP , Thần thoại , Vô hạn lưu , Thăng cấp lưu , Siêu anh hùng , Phim Anh Mỹ , Thị giác nữ chủ , Marvel , Honkai",Tạm ngưng,118379,835,49,234,https://wikicv.net/truyen/tu-marvel-bat-dau-bach-su-vuong-YiVDYDu26yEP_Ob7
Xuyên thư: Trở thành nữ chủ chuế A tra thê sau,Tiếu Lam,"Nguyên sang , Bách hợp , Hiện đại , HE , Tình cảm , Ngọt văn , Niên hạ , Xuyên thư , Sinh con , Chủ công , Hào môn thế gia , ABO , Nhẹ nhàng , Đô thị tình duyên , Người qua đường , 1v1 , Thị giác nữ chủ",Hoàn thành,117851,1817,27,754,https://wikicv.net/truyen/xuyen-thu-tro-thanh-nu-chu-chue-a-tra-th-Yee771S4CGqls_8V
Vai ác thức tỉnh kế hoạch ［ mau xuyên ］,Trường Ngư Tức Mặc,"Nguyên sang , Bách hợp , Cổ đại , Hiện đại , Tương lai , HE , Tình cảm , Ngọt văn , Hệ thống , Song khiết 🕊️ , Xuyên nhanh , Chủ thụ , Nhẹ nhàng , Kiếp trước kiếp này , Duyên trời tác hợp , 1v1",Hoàn thành,117533,2779,65,1168,https://wikicv.net/truyen/vai-ac-thuc-tinh-ke-hoach-mau-xuyen-XZmw2ju260Hc4jOe
Thôn biên hạnh hoa bạch,Phương Tiện Diện Quân,"Nguyên sang , Bách hợp , Cổ đại , HE , Tình cảm , Làm ruộng , Xuyên việt , Ngọt văn , Hệ thống , Cưới trước yêu sau , Sảng văn , Nhẹ nhàng , Hỗ công , Cải trang giả dạng , 1v1",Hoàn thành,117280,1490,20,425,https://wikicv.net/truyen/thon-bien-hanh-hoa-bach-YPqD3FS4CD3zGlKo
Ảnh hậu thành đôi [ giới giải trí ],Huyền Tiên,"Nguyên sang , Bách hợp , Hiện đại , HE , Tình cảm , Ngọt văn , Giới giải trí , Song hướng yêu thầm , Nhẹ nhàng , Hài hước , Ấm áp , Kim bài đề cử 🥇",Còn tiếp,117024,819,9,340,https://wikicv.net/truyen/anh-hau-thanh-doi-gioi-giai-tri-Wn5M1ju262zJuC0c
Nằm yên chuế A phất nhanh chỉ nam,Ngự Xuyên Bất Tẩy Thủ,"Nguyên sang , Bách hợp , Hiện đại , HE , Tình cảm , Làm ruộng , Xuyên thư , Sinh con , Chủ công , Nữ phụ , ABO , Vả mặt",Hoàn thành,116999,1664,15,234,https://wikicv.net/truyen/nam-yen-chue-a-phat-nhanh-chi-nam-ZYWbaFS4CBKOOfyO
Nữ tướng quân cùng trưởng công chúa [GL],Thỉnh Quân Mạc Tiếu,"Nguyên sang , Bách hợp , Cổ đại , HE , Tình cảm , Chủ công , Ngược văn , Cung đình hầu tước , Cải trang giả dạng , Kim bài đề cử 🥇 , Kim Bảng 🏆",Hoàn thành,116654,354,7,65,https://wikicv.net/truyen/nu-tuong-quan-cung-truong-cong-chua-gl-W6tA21S4CC0hl6PS
Bạch liên hoa cùng bạch nguyệt quang [ Xuyên nhanh ],Thẩm Nhật Thập,"Nguyên sang , Bách hợp , Hiện đại , Tương lai , HE , Tình cảm , Xuyên nhanh , Chủ công , Kim bài đề cử 🥇 , 1v1",Hoàn thành,114386,1172,22,271,https://wikicv.net/truyen/bach-lien-hoa-cung-bach-nguyet-quang-xuy-WyTkc%7E8h7GC8B5BU
Xuyên thành ảnh hậu tỷ tỷ cơm mềm A,Ám Đăng,"Nguyên sang , Bách hợp , Hiện đại , HE , Tình cảm , Ngọt văn , Niên hạ , Xuyên thư , Chủ công , ABO , Giới giải trí , Nhẹ nhàng , 1v1",Hoàn thành,113777,1495,12,214,https://wikicv.net/truyen/xuyen-thanh-anh-hau-ty-ty-com-mem-a-Y5Mg%7EFS4CFViZx42
Tao ngân long vương nữ biến thành ấu long cơ ta,Hán Đường Quy Lai,"Nguyên sang , Bách hợp , Cận đại , OE , Tình cảm , Huyền huyễn , Dị thế , Ma pháp , Trọng sinh , Nam biến nữ",Hoàn thành,113406,718,48,315,https://wikicv.net/truyen/tao-ngan-long-vuong-nu-bien-thanh-au-lon-YY%7EBj_TaEGPr5B%7E%7E
Ta dựa rút thăm ở thế giới hoang vu trữ hàng nuôi con,Lạc Tiểu Phái,"Nguyên sang , Bách hợp , Tương lai , HE , Tình cảm , Mạt thế , Dị năng , Ngọt văn , Song khiết 🕊️ , Xuyên thư , Chủ công , Sảng văn , 1v1 , Dưỡng oa",Hoàn thành,113313,1626,35,414,https://wikicv.net/truyen/ta-dua-rut-tham-o-the-gioi-hoang-vu-tru--ZcY42VS4CEBBDpnN
Công lược vạn nhân mê [ xuyên nhanh ],Cô Hải Thốn Quang,"Nguyên sang , Bách hợp , Cổ đại , Hiện đại , HE , Tình cảm , Xuyên nhanh , Cẩu huyết , Nữ phụ , Hỗ công , Kim bài đề cử 🥇 , Ngược tra , 1v1",Hoàn thành,113289,1093,26,449,https://wikicv.net/truyen/cong-luoc-van-nhan-me-xuyen-nhanh-W163NWHe7F22m%7ErL
Chuyển sinh cổ đại Nhật Bản ta mới không cần đương phi tử,Khán Trứ Song Ngoại,"Nguyên sang , Bách hợp , Cổ đại , OE , Tình cảm , Huyền huyễn , Sinh tồn , Dị thế , Xuyên việt , Ma pháp , Hệ thống , Thần tiên yêu quái , Thăng cấp lưu , Thị giác nữ chủ , Lữ hành",Hoàn thành,112789,4266,88,296,https://wikicv.net/truyen/chuyen-sinh-co-dai-nhat-ban-ta-moi-khong-Y286OjzLcg4MAmqj
Vũ Nhi 【 Đấu La 】,An Đồ Phu,"Diễn sinh , Bách hợp , Cổ đại , HE , Tình cảm , Huyền huyễn , Báo thù , Dị thế , Xuyên việt , Trọng sinh , Song khiết 🕊️ , Xuyên thư , Kiếm Tam , Cường cường , Thanh mai trúc mã , Thăng cấp lưu , Chủ thụ , Nhẹ nhàng , Thanh thủy văn , Nhiều CP , Cận thủy lâu đài , Ấm áp , Duyên trời tác hợp , 1v1",Hoàn thành,111916,925,19,345,https://wikicv.net/truyen/vu-nhi-dau-la-WmR1sO8h7HASO7wq
Đấu la chi hóa thân đấu la,Nhàn Dật Tán Nhân,"Diễn sinh , Bách hợp , Cổ đại , HE , Huyền huyễn , Xuyên việt , Hệ thống , NP , Chủ thụ , Đấu La đại lục",Hoàn thành,111569,1283,39,114,https://wikicv.net/truyen/dau-la-chi-hoa-than-dau-la-YDDfDFS4CA3ns5zm
Thiên mệnh nội quỷ bất tử với văn sao,Phục Nhĩ Gia Hàng Tuyến,"Diễn sinh , Bách hợp , Hiện đại , OE , Tình cảm , Manga anime , Xuyên việt , Hệ thống , NP , Thị giác nữ chủ , Chữa lành , Xuyên game , Honkai",Còn tiếp,111498,1351,65,379,https://wikicv.net/truyen/thien-menh-noi-quy-bat-tu-voi-van-sao-YhYVJfTaECOUu116
Hắc hóa vai chính đều tới tìm ta báo thù,Khuynh Nguyệt Lưu Li,"Nguyên sang , Bách hợp , Cổ đại , Hiện đại , Tương lai , HE , Tình cảm , Xuyên nhanh , Chủ thụ , Nhẹ nhàng , Tương ái tương sát",Hoàn thành,111278,1762,25,430,https://wikicv.net/truyen/hac-hoa-vai-chinh-deu-toi-tim-ta-bao-thu-X0ECdVS4CE_4q6%7Ei
Người chơi thỉnh vào chỗ,Thời Vi Nguyệt Thượng,"Nguyên sang , Bách hợp , Tương lai , HE , Tình cảm , Trinh thám , Vô hạn lưu , Hỗ công , Duyên trời tác hợp",Hoàn thành,111268,3113,44,665,https://wikicv.net/truyen/nguoi-choi-thinh-vao-cho-YDfFgVS4CBXDozuC
Tẫn nói thanh ca thế vô song,Nhàn Đình Bút Lạc,"Nguyên sang , Bách hợp , Cổ đại , HE , Tình cảm , Huyền huyễn , Chủ công , Hoan hỉ oan gia , Sảng văn , Nhẹ nhàng , Kim bài đề cử 🥇",Hoàn thành,110998,795,14,426,https://wikicv.net/truyen/tan-noi-thanh-ca-the-vo-song-X%7ESLumHe7BrLy_fq
E408,Giang Phong Sầu Miên,"Nguyên sang , Bách hợp , Hiện đại , HE , Tình cảm , Huyền huyễn , Ma pháp , Ngọt văn , Vườn trường , Thăng cấp lưu , Nhẹ nhàng , Kim bài đề cử 🥇 , Ngân bài đề cử 🥈",Hoàn thành,110219,617,66,491,https://wikicv.net/truyen/e408-XzTo11S4CERpwiE4
Inari yêu thần ký sự,Thiên Sử Mạt Nhật,"Diễn sinh , Bách hợp , Cổ đại , Cận đại , OE , Manga anime , Huyền huyễn , Thần tiên yêu quái , Nam biến nữ , Âm Dương Sư",Hoàn thành,110210,2663,26,896,https://wikicv.net/truyen/inari-yeu-than-ky-su-YAlU9WHe7C0bSbSK
Xử lý nam chủ ta bị bắt đem chính mình bán cho nữ chủ,Bát Vũ Tử Vân,"Nguyên sang , Bách hợp , Cổ đại , HE , OE , Tình cảm , Huyền huyễn , Dị thế , Ma pháp , Nam biến nữ , Sảng văn , Dưỡng thành , Thị giác nữ chủ , Vô địch lưu , Lữ hành",Hoàn thành,110181,2967,24,565,https://wikicv.net/truyen/xu-ly-nam-chu-ta-bi-bat-dem-chinh-minh-b-Y7A_JjzLci74cC5I
Pháo hôi tiền nhiệm tự cứu sổ tay [ xuyên nhanh ],Nhu Mễ Bính,"Nguyên sang , Bách hợp , Cổ đại , Hiện đại , HE , Tình cảm , Hệ thống , Song khiết 🕊️ , Xuyên nhanh , Hào môn thế gia , Chủ thụ , Nhẹ nhàng , Hài hước , Nghịch tập , Vả mặt , 1v1",Hoàn thành,109812,1756,44,630,https://wikicv.net/truyen/phao-hoi-tien-nhiem-tu-cuu-so-tay-xuyen--XQ4hwkbIjlFRvko1
Quy điền nhạc gl,Phương Tiện Diện Quân,"Nguyên sang , Bách hợp , Cổ đại , HE , Tình cảm , Làm ruộng , Tùy thân không gian , Chủ công , Sảng văn",Hoàn thành,109521,897,15,279,https://wikicv.net/truyen/quy-dien-nhac-gl-Xvaig1S4CC6WI2Kd
[ đấu phá ] nữ chủ hiệp trợ hệ thống,Mộc Lân Hề Ngẫu,"Diễn sinh , Bách hợp , Cổ đại , HE , Tình cảm , Huyền huyễn , Hệ thống , Xuyên thư , Chủ công , Cường cường , Thăng cấp lưu , Đấu khí , Sảng văn , 1v1 , Đấu phá thương khung",Hoàn thành,108749,1493,39,587,https://wikicv.net/truyen/dau-pha-nu-chu-hiep-tro-he-thong-YCe8ylS4CGW2otA8
Dư tình khả đãi [ trọng sinh ],Mẫn Nhiên,"Nguyên sang , Bách hợp , Hiện đại , HE , Tình cảm , Trọng sinh , Gương vỡ lại lành , Giới giải trí , Hỗ công , Kim bài đề cử 🥇",Hoàn thành,108583,1130,26,343,https://wikicv.net/truyen/du-tinh-kha-dai-trong-sinh-XVj1kFS4CCUeVNNb
Trở thành bàn tay vàng của tình địch ảnh hậu [Xuyên thư],Tiểu Đàn Loan,"Nguyên sang , Bách hợp , Hiện đại , HE , Tình cảm , Ngọt văn , Xuyên thư , Nhẹ nhàng , Hỗ công , Hài hước , Xuyên thành vai ác",Hoàn thành,107521,1148,37,595,https://wikicv.net/truyen/tro-thanh-ban-tay-vang-cua-tinh-dich-anh-XRoaJ2He7FtSAhUg
Hôm nay cũng muốn làm nam chủ tình địch [ xuyên nhanh ],Đả Thiết La Lị.,"Nguyên sang , Bách hợp , Cổ đại , Cận đại , Hiện đại , HE , Tình cảm , Ngọt văn , Hệ thống , Xuyên nhanh , Chủ công , Giới giải trí , Vườn trường , Nhẹ nhàng , 1v1",Hoàn thành,107491,879,19,316,https://wikicv.net/truyen/hom-nay-cung-muon-lam-nam-chu-tinh-dich--Xj5mGlS4CBUxJEUK
Nàng mỗi ngày đều ở liêu nữ chủ ( xuyên nhanh ),Nhiễm Phong Lâm,"Nguyên sang , Bách hợp , Cổ đại , Cận đại , Hiện đại , HE , Tình cảm , Ngọt văn , Xuyên nhanh , Cường cường , Chủ thụ , Nhẹ nhàng , Duyên trời tác hợp , Ngược tra , 1v1",Hoàn thành,107403,1494,21,574,https://wikicv.net/truyen/nang-moi-ngay-deu-o-lieu-nu-chu-xuyen-nh-YNe3NFS4CCrf%7ECJr
Xuyên thư: Nghe nói ta là tra A?,Qua Vân Tê,"Nguyên sang , Bách hợp , Tương lai , HE , Tình cảm , Xuyên thư , Chủ công , Nữ phụ , ABO , Cưới trước yêu sau , Sảng văn , Pháo hôi , 1v1 , Thị giác nữ chủ , Vạn nhân mê",Hoàn thành,105690,1760,22,724,https://wikicv.net/truyen/xuyen-thu-nghe-noi-ta-la-tra-a-Yn4BcVS4CE8en7DL
"Khai cục một hồn song thể, ta là Lôi Thần hoa tỷ muội?",Đông Miên Đích Thính Phong Thạch,"Diễn sinh , Bách hợp , Cổ đại , Cận đại , Hiện đại , OE , Manga anime , Khoa học viễn tưởng , Xuyên việt , Ma pháp , Hệ thống , Thần tiên yêu quái , Nam biến nữ , NP , Vô hạn lưu , Sảng văn , Thế giới song song , Thị giác nữ chủ , Vô địch lưu , Lữ hành , Genshin , Honkai",Hoàn thành,105509,1230,86,226,https://wikicv.net/truyen/khai-cuc-mot-hon-song-the-ta-la-loi-than-YijdRzzLcgLF8RcY
Vai ác làm sự hằng ngày,Minh Tiểu Thập,"Nguyên sang , Bách hợp , Cổ đại , HE , Tình cảm , Huyền huyễn , Báo thù , Tu chân , Chủ công , Cường cường , Thăng cấp lưu , Kim Bảng 🏆 , Ngược tra , 1v1",Hoàn thành,104655,2213,33,166,https://wikicv.net/truyen/vai-ac-lam-su-hang-ngay-ZB2dSVS4CDLo1JDp
Xuyên thư pháo hôi A liền phải che chở nữ chủ,Bất Hư Bất Hư,"Nguyên sang , Bách hợp , Hiện đại , HE , Tình cảm , Ngọt văn , Xuyên thư , ABO , Vườn trường , Hỗ công , Duyên trời tác hợp , 1v1",Hoàn thành,103986,2106,16,594,https://wikicv.net/truyen/xuyen-thu-phao-hoi-a-lien-phai-che-cho-n-YdEr0FS4CHonEcQ_
Xuyên nhanh chi thần [ GL ],Trạch Thành Cư Sĩ,"Nguyên sang , Bách hợp , Cổ đại , Hiện đại , Tương lai , HE , Tình cảm , Mạt thế , Tu chân , Ngọt văn , Hệ thống , Xuyên nhanh , Tinh tế , Chủ công , ABO , Giới giải trí , Vườn trường , Nhẹ nhàng , Đô thị tình duyên , Kim bài đề cử 🥇 , Linh dị thần quái , 1v1",Hoàn thành,103749,1025,16,262,https://wikicv.net/truyen/xuyen-nhanh-chi-than-gl-XrkoRjzLckEC8xiW
Anh kiệt không cần trục hỏa,Phù Hải,"Diễn sinh , Bách hợp , Hiện đại , OE , Tình cảm , Manga anime , Khoa học viễn tưởng , Xuyên việt , Ma pháp , Hệ thống , Thần thoại , Hỗ công , Nhiều CP , Duyên trời tác hợp , Thế giới song song , 1v1 , Thị giác nữ chủ , Honkai",Hoàn thành,103688,2344,80,571,https://wikicv.net/truyen/anh-kiet-khong-can-truc-hoa-YoRqwju26w4CTx1m
HP tương ngộ với Hogwarts,Yêu Quái Khoái Bào,"Diễn sinh , Bách hợp , Hiện đại , HE ,
                     , Harry Potter , Tây huyễn",Hoàn thành,103579,793,10,374,https://wikicv.net/truyen/hp-tuong-ngo-voi-hogwarts-WvpNpe8h7A99%7E%7EqT
Ngạo thế cửu trọng thiên bách hợp bản,Phong Lăng Thiên Hạ,"Diễn sinh , Bách hợp , Cổ đại , HE , Huyền huyễn , Trọng sinh , Thăng cấp lưu , Thị giác nữ chủ",Hoàn thành,103379,406,23,459,https://wikicv.net/truyen/ngao-the-cuu-trong-thien-bach-hop-ban-X1pZvkbIjj_sEzcm
Trực tử nguyên thần,Khả Nhạc Đoái Thủy,"Diễn sinh , Bách hợp , Cổ đại , OE , Tình cảm , Manga anime , Xuyên việt , Ma pháp , Thần tiên yêu quái , Thăng cấp lưu , Thiên chi kiêu tử , Duyên trời tác hợp , Thế giới song song , Thị giác nữ chủ , Xuyên thành vai chính , Genshin , Honkai",Còn tiếp,103040,2171,64,433,https://wikicv.net/truyen/truc-tu-nguyen-than-YhprlWHe7FTnOAS6
Ta dựa độc nãi cứu vớt nữ chủ ( xuyên nhanh ),Tô Mộng Kỳ,"Nguyên sang , Bách hợp , Cổ đại , Hiện đại , HE , Tình cảm , Huyền huyễn , Hệ thống , Xuyên nhanh , Chủ công , Nữ phụ , Sảng văn , Nhẹ nhàng , 1v1",Hoàn thành,102734,1533,27,400,https://wikicv.net/truyen/ta-dua-doc-nai-cuu-vot-nu-chu-xuyen-nhan-X9Btqzu260dTojm6
"Ta, Megurine, không phải ca cơ!",Nhân Ngẫu,"Diễn sinh , Bách hợp , Cổ đại , Cận đại , Hiện đại , OE , Tình cảm , Manga anime , Xuyên việt , Ma pháp , Nam biến nữ , Hài hước , Thị giác nữ chủ , Fate , Vô địch lưu , Xuyên game",Hoàn thành,102725,1692,102,715,https://wikicv.net/truyen/ta-megurine-khong-phai-ca-co-YUMIkWHe7AYptJai
Biến thân ốm yếu khoa học kỹ thuật thiếu nữ,Vương Tử Hư,"Nguyên sang , Bách hợp , Hiện đại , HE , Tình cảm , Khoa học viễn tưởng , Trọng sinh , Nam biến nữ",Hoàn thành,102335,514,13,132,https://wikicv.net/truyen/bien-than-om-yeu-khoa-hoc-ky-thuat-thieu-Way2M%7E8h7CAUoJSQ
"Ta hệ thống, lão bà của ta phượng ngạo thiên",Thiên Địa Giai Nhập Mộng,"Nguyên sang , Bách hợp , Cổ đại , HE , Tình cảm , Tiên hiệp , Ngọt văn , Hệ thống , Xuyên thư , Chủ công , Cường cường , Nhẹ nhàng , Duyên trời tác hợp",Hoàn thành,101467,1569,54,511,https://wikicv.net/truyen/ta-he-thong-lao-ba-cua-ta-phuong-ngao-th-ZxJHWvTaECGL5N2h
Xuyên nhanh chi cứu vớt nữ thần,Úc Úc Thông Thông,"Nguyên sang , Bách hợp , Cổ đại , Hiện đại , HE , Tình cảm , Xuyên nhanh , Chủ thụ",Hoàn thành,101321,1639,3,481,https://wikicv.net/truyen/xuyen-nhanh-chi-cuu-vot-nu-than-WXGv1O8h7CyzaxFw
"Honkai cho hấp thụ ánh sáng, khai cục cõi yên vui danh trường hợp",Tam Tam Đắc Lục,"Diễn sinh , Bách hợp , Tương lai , OE , Manga anime , Khoa học viễn tưởng , Ma pháp , Thần thoại , Sảng văn , Nhiều CP , Thế giới song song , Group chat , Honkai",Hoàn thành,101226,1084,17,121,https://wikicv.net/truyen/honkai-cho-hap-thu-anh-sang-khai-cuc-coi-YxHnnPTaEBXIlKB6
Biến thân chi hồng long nữ vương,Tạc Đạn Tỷ Tỷ Lai Liễu,"Nguyên sang , Bách hợp , Cổ đại , Cận đại , OE ,
                     , Ma pháp , Tùy thân không gian , Nam biến nữ , Thăng cấp lưu , Tây huyễn , Phương Tây , Main là động vật",Hoàn thành,101035,939,13,120,https://wikicv.net/truyen/bien-than-chi-hong-long-nu-vuong-XNmPe1S4CD2u4Smf
Âm chí nữ hoàng tra thê lang,Túy Đản Điêu Cừu,"Nguyên sang , Bách hợp , Cổ đại , HE , Tình cảm , Ngọt văn , Trọng sinh , Song khiết 🕊️ , Xuyên thư , Chủ công , Gương vỡ lại lành , Cung đình hầu tước , Thiên chi kiêu tử , Kim Bảng 🏆 , 1v1 , Mỹ cường thảm",Hoàn thành,100803,154,38,57,https://wikicv.net/truyen/am-chi-nu-hoang-tra-the-lang-ZzeIuFS4CH9bdNPg
Vì tốt đẹp vô hạn dâng lên loli,Yêu Quái Nhàn Giả,"Diễn sinh , Bách hợp , Cổ đại , Cận đại , Hiện đại , OE , Tình cảm , Manga anime , Xuyên việt , Ma pháp , Nam biến nữ , Vô hạn lưu , Thị giác nữ chủ , Chữa lành",Hoàn thành,100085,3255,51,502,https://wikicv.net/truyen/vi-tot-dep-vo-han-dang-len-loli-YP0cfTu261BlOVYp
Xuyên thành A Tu La muội tử［ xuyên thư ］,Trường Ngư Tức Mặc,"Nguyên sang , Bách hợp , Cổ đại , HE , Tình cảm , Tiên hiệp , Tu chân , Ngọt văn , Xuyên thư , Thăng cấp lưu , Chủ thụ , Nhẹ nhàng , Hài hước , Pháo hôi",Hoàn thành,99216,1828,24,473,https://wikicv.net/truyen/xuyen-thanh-a-tu-la-muoi-tu-xuyen-thu-XOIg5UbIjga0j6mW
Thân là Kiếm Thánh ta muốn đương Ma Vương,Phi Dương Đích,"Nguyên sang , Bách hợp , Cổ đại , OE ,
                     , Nam biến nữ , Tây huyễn , Thị giác nữ chủ",Hoàn thành,99092,1938,25,146,https://wikicv.net/truyen/than-la-kiem-thanh-ta-muon-duong-ma-vuon-YU6QHGHe7D_mqP9f
Xuyên thành tra vợ trước như thế nào phá,Phong Thỏ Tử,"Nguyên sang , Bách hợp , Hiện đại , HE , Tình cảm , Ngọt văn , Xuyên thư , Sinh con , Giới giải trí , Nhẹ nhàng , Hỗ công , Hài hước",Hoàn thành,99088,739,24,227,https://wikicv.net/truyen/xuyen-thanh-tra-vo-truoc-nhu-the-nao-pha-Xk9a8lS4CEINm056
Ác độc nữ xứng không liêu sẽ chết [ xuyên thư ],Bút Đao Đao,"Nguyên sang , Bách hợp , Hiện đại , HE , Tình cảm , Ngọt văn , Xuyên thư , Nữ phụ , Giới giải trí , Nhẹ nhàng , Hài hước , Đô thị tình duyên",Hoàn thành,98602,544,17,315,https://wikicv.net/truyen/ac-doc-nu-xung-khong-lieu-se-chet-xuyen--XKguHkbIjlUzYpDT
Ta mỹ nữ tổng tài lão bà,Hà Vi Đạo,"Nguyên sang , Bách hợp , Hiện đại , HE , Tình cảm , Ngọt văn , Trọng sinh , Sinh con , Nữ biến nam , Hào môn thế gia , Cẩu huyết , Nhẹ nhàng , Hài hước",Hoàn thành,97503,615,22,210,https://wikicv.net/truyen/ta-my-nu-tong-tai-lao-ba-XHYWqju261uCFcnP
"Ngoan, cái này không thể ăn",Tô Tửu,"Nguyên sang , Bách hợp , Hiện đại , HE , Tình cảm , Huyền học , Ngọt văn , Chủ công , Nhẹ nhàng , Hài hước , Phát sóng trực tiếp , Linh dị thần quái , 1v1",Hoàn thành,97306,577,30,321,https://wikicv.net/truyen/ngoan-cai-nay-khong-the-an-XYTct2He7HS1ZhE3
"Xuyên qua sau, ta sửa chữa khí biến mất",Thiếu Nữ Luyến Thượng Tỷ Tỷ,"Nguyên sang , Bách hợp , Cổ đại , Cận đại , OE , Tình cảm , Tiên hiệp , Dị thế , Xuyên việt , NP , Thị giác nữ chủ , Chữa lành",Hoàn thành,97189,3416,59,864,https://wikicv.net/truyen/xuyen-qua-sau-ta-sua-chua-khi-bien-mat-YR%7EzDWHe7GJ1Uvfz
Ravenclaw màu lam đá quý,Nhất Hào Chỉ Định,"Diễn sinh , Bách hợp , Hiện đại , HE ,
                     , Ma pháp , Harry Potter , Tây huyễn",Hoàn thành,96269,587,11,105,https://wikicv.net/truyen/ravenclaw-mau-lam-da-quy-Xka8IDu2617mIFH6
Đấu La đại lục chi luật giả thế giới,Lương Tiêu,"Diễn sinh , Bách hợp , Cổ đại , HE , Huyền huyễn , Dị thế , Xuyên việt , Nam biến nữ , Thăng cấp lưu , Thị giác nữ chủ",Hoàn thành,96217,801,19,123,https://wikicv.net/truyen/dau-la-dai-luc-chi-luat-gia-the-gioi-XnrdJFS4CE_r7iZq
"Ta, Keqing, có thể chịu này ủy khuất?",Bạch Đạo,"Diễn sinh , Bách hợp , Cổ đại , HE , Tình cảm , Tiên hiệp , Tu chân , Xuyên việt , NP , Sảng văn , Thị giác nữ chủ , Genshin",Còn tiếp,96064,2928,96,449,https://wikicv.net/truyen/ta-keqing-co-the-chiu-nay-uy-khuat-Yr1GJDzLciki3NjC
Ở vinh quang trung hôn ngươi [HP],Trọc Vũ Sâm,"Diễn sinh , Bách hợp , Hiện đại , HE , Tình cảm , Xuyên thư , Chủ công , Harry Potter , Tây huyễn , Phương Tây",Hoàn thành,96051,907,11,231,https://wikicv.net/truyen/o-vinh-quang-trung-hon-nguoi-hp-YJrMMVS4CAzKbPlg
Xuyên thành nữ xứng khuê mật tiểu trà xanh,Thị Miên,"Nguyên sang , Bách hợp , Hiện đại , HE , Tình cảm , Ngọt văn , Xuyên thư , Chủ công , Giới giải trí , Sảng văn , Nhẹ nhàng",Hoàn thành,96030,1007,16,285,https://wikicv.net/truyen/xuyen-thanh-nu-xung-khue-mat-tieu-tra-xa-XqLWFTu261fnqUP0
Làm càn [ giới giải trí ],Huyền Tiên,"Nguyên sang , Bách hợp , Hiện đại , HE , Tình cảm , Ngọt văn , Giới giải trí , Hỗ công , Cận thủy lâu đài , Kim bài đề cử 🥇 , Kim Bảng 🏆 , 1v1",Hoàn thành,95965,476,27,244,https://wikicv.net/truyen/lam-can-gioi-giai-tri-XRh6%7EFS4CBdX7NKb
"Ta, Ritsuka, muội khống cự hiệp",Y Hiên Dạ Thính Vũ,"Diễn sinh , Bách hợp , Cổ đại , Hiện đại , HE , Manga anime , Xuyên việt , Ma pháp , Hệ thống , Nam biến nữ , NP , Thần thoại , Vị diện , Vô hạn lưu , Thăng cấp lưu , Chủ thụ , Nhiều CP , Ấm áp , Duyên trời tác hợp , Thế giới song song , Triệu hoán lưu , Fate , Vô địch lưu , Xuyên thành vai chính",Hoàn thành,95958,1402,84,484,https://wikicv.net/truyen/ta-ritsuka-muoi-khong-cu-hiep-X4LURkbIjgab_S%7Et
Vi quang,Ngư Sương,"Nguyên sang , Bách hợp , Hiện đại , HE , Tình cảm , Giới giải trí , Khế ước tình nhân , Nhẹ nhàng , Hỗ công",Hoàn thành,95855,1062,22,323,https://wikicv.net/truyen/vi-quang-YI1GN0bIjkijcDtQ
Xuyên nhanh chi tình địch đứng lại ( GL ),Sa Diệp,"Nguyên sang , Bách hợp , Cổ đại , Cận đại , Hiện đại , Tương lai , HE , Tình cảm , Tu chân , Hệ thống , Xuyên nhanh , Tinh tế , Cung đình hầu tước , 1v1",Hoàn thành,95747,972,12,288,https://wikicv.net/truyen/xuyen-nhanh-chi-tinh-dich-dung-lai-gl-WxF8oe8h7F%7E0kMdP
Sủng phi cự liêu [ giới giải trí ],Lạc Thủy Kinh Ngân,"Nguyên sang , Bách hợp , Hiện đại , HE , Tình cảm , Cổ xuyên kim , Giới giải trí , Chủ thụ",Hoàn thành,95379,406,0,119,https://wikicv.net/truyen/sung-phi-cu-lieu-gioi-giai-tri-XJ5U01S4CBem37Ep
Mang theo cường đại nhất não chinh phục giới giải trí,Thử Khắc Hạn Định,"Nguyên sang , Bách hợp , Hiện đại , HE , Tình cảm , Chủ công , Giới giải trí , Cường cường , Sảng văn , Nhẹ nhàng",Hoàn thành,94702,2401,35,437,https://wikicv.net/truyen/mang-theo-cuong-dai-nhat-nao-chinh-phuc--ZXtowVS4CBs6AGSU
Nghịch đồ tu tiên chỉ nam [ xuyên thư ],Hữu Tình Khách,"Nguyên sang , Bách hợp , Cổ đại , HE , Tình cảm , Tiên hiệp , Tu chân , Ngọt văn , Trọng sinh , Song khiết 🕊️ , Xuyên thư , Chủ công , Nhẹ nhàng , Hài hước , Sư đồ , 1v1 , Thị giác nữ chủ",Hoàn thành,94464,1177,28,437,https://wikicv.net/truyen/nghich-do-tu-tien-chi-nam-xuyen-thu-XUBQCjzLcnKjNM6t
Xuyên thành thanh danh hỗn độn nữ xứng,Tiểu Ngô Quân,"Nguyên sang , Bách hợp , Hiện đại , HE , Tình cảm , Xuyên thư",Hoàn thành,94322,1005,21,392,https://wikicv.net/truyen/xuyen-thanh-thanh-danh-hon-don-nu-xung-XgHyB1S4CBUBfTyA
Bị bắt kế thừa lão bà sau,Phong Thính Lan,"Nguyên sang , Bách hợp , Hiện đại , HE , Tình cảm , Kinh dị , Trinh thám , Chủ công , Linh dị thần quái",Hoàn thành,93388,2131,14,675,https://wikicv.net/truyen/bi-bat-ke-thua-lao-ba-sau-Y0rU2FS4CDqgYkZJ
Cái đuôi cho ta sờ sờ,Mộc Phong Khinh Niên,"Nguyên sang , Bách hợp , Cổ đại , HE , Tình cảm , Tiên hiệp , Huyền huyễn , Tu chân , Cường cường , Thăng cấp lưu , Sảng văn , Hỗ công , Nghịch tập , 1v1",Hoàn thành,92990,1620,24,198,https://wikicv.net/truyen/cai-duoi-cho-ta-so-so-ZbNTMlS4CDEyxqs1
Biến thân chi nữ hiệp thời đại,Long Chi Cung,"Nguyên sang , Bách hợp , Cổ đại , OE , Võ hiệp , Tiên hiệp , Làm ruộng , Huyền huyễn , Dị thế , Xuyên việt , Làm giàu , Nam biến nữ , Hào môn thế gia , Thị giác nữ chủ",Chưa xác minh,92950,1061,9,458,https://wikicv.net/truyen/bien-than-chi-nu-hiep-thoi-dai-WuhEdO8h7Dtg40tB
Xuyên thư sau ta cùng nữ chủ đều thật thơm,Bát Phương Lai Điện,"Nguyên sang , Bách hợp , Cổ đại , HE , Tình cảm , Tiên hiệp , Tu chân , Ngọt văn , Xuyên thư , Nữ phụ , Nhẹ nhàng , Hỗ công , 1v1",Hoàn thành,92756,1014,13,340,https://wikicv.net/truyen/xuyen-thu-sau-ta-cung-nu-chu-deu-that-th-Xz4Q%7EFS4CFdtJd3H
Nữ xứng là lòng ta tiêm sủng [ xuyên nhanh ],Phiên Phiên Lạc Diệp,"Nguyên sang , Bách hợp , Cổ đại , Hiện đại , HE , Tình cảm , Hệ thống , Xuyên nhanh , Chủ công , Nữ phụ , Sảng văn , Nhẹ nhàng , 1v1",Hoàn thành,92678,1343,9,263,https://wikicv.net/truyen/nu-xung-la-long-ta-tiem-sung-xuyen-nhanh-X8m9Nzu2629F7k3A
Xuyên nhanh chi nữ xứng muốn nghịch tập gl,Mặc Nhiễm Trà Hương,"Nguyên sang , Bách hợp , Cận đại , Hiện đại , Tương lai , HE , Tình cảm , Huyền huyễn , Tu chân , Ngọt văn , Hệ thống , Xuyên nhanh , Hào môn thế gia , Nữ phụ , ABO , Giới giải trí , Chủ thụ , Nhẹ nhàng , 1v1",Hoàn thành,92646,1119,5,324,https://wikicv.net/truyen/xuyen-nhanh-chi-nu-xung-muon-nghich-tap--XbW4xVS4CCsJrFoN
Manh muội tinh linh cùng nàng hạnh phúc sinh hoạt / Sáng Thế Thần ta bị bệnh kiều muội muội khống chế được ( toàn bổn ),Cha thị tiểu nhận nhận đích thuyết,"Nguyên sang , Bách hợp , Cổ đại , HE ,
                     , Nam biến nữ , Ngược văn , NP , Chủ thụ , Nhiều CP , Tây huyễn",Hoàn thành,92184,215,27,65,https://wikicv.net/truyen/manh-muoi-tinh-linh-cung-nang-hanh-phuc--X6NMjTzLchGN7Mgj
Nữ thần nàng luôn là cao cao tại thượng,Nãi Trà Thiếu Băng Thất Phân Đường,"Nguyên sang , Bách hợp , Hiện đại , HE , Tình cảm , Gương vỡ lại lành , Giới giải trí , Hỗ công",Hoàn thành,92109,307,8,95,https://wikicv.net/truyen/nu-than-nang-luon-la-cao-cao-tai-thuong-Xj5lVVS4CBUxJET2
Conan chi yếu nhất hệ thống mạnh nhất công lược,Refugee,"Diễn sinh , Bách hợp , Hiện đại , OE , Tình cảm , Manga anime , Sinh tồn , Xuyên việt , Ma pháp , Hệ thống , Phá án , Nhiều CP , Đô thị tình duyên , Thế giới song song , 1v1 , Thị giác nữ chủ , Conan",Tạm ngưng,91794,1175,58,397,https://wikicv.net/truyen/conan-chi-yeu-nhat-he-thong-manh-nhat-co-YwcD6WHe7BWTECY3
Trọng sinh đấu phá chi ta là Nạp Lan Yên Nhiên,Nguyệt Chi Hoa Thương,"Diễn sinh , Bách hợp , Cổ đại , HE , Tình cảm , Huyền huyễn , Xuyên việt , Chủ công , Nam biến nữ , Đấu khí , 1v1",Hoàn thành,91763,1050,37,119,https://wikicv.net/truyen/trong-sinh-dau-pha-chi-ta-la-nap-lan-yen-YDdydlS4CCcrtPwG
Ốm yếu thiếu nữ bất tử với tang thi bắt chước khí,Bất Lạc Phong,"Nguyên sang , Bách hợp , Hiện đại , HE , Tình cảm , Kinh dị , Mạt thế , Sinh tồn , Xuyên việt , Dị năng , Hệ thống , Thị giác nữ chủ , Hắc thủ lưu",Hoàn thành,91535,3302,66,1301,https://wikicv.net/truyen/om-yeu-thieu-nu-bat-tu-voi-tang-thi-bat--YxHsuvTaECD92EKg
Sau khi tỷ của nam chủ trọng sinh [ xuyên thư ],Lương Bì Tựu Diện Bao,"Nguyên sang , Bách hợp , Hiện đại , HE , Tình cảm , Ngọt văn , Trọng sinh , Xuyên thư , Hào môn thế gia , Giới giải trí , Chủ thụ , Nhẹ nhàng , Hài hước , Đô thị tình duyên , Duyên trời tác hợp , Ngược tra , 1v1 , Xuyên thành vai chính",Hoàn thành,91374,550,13,309,https://wikicv.net/truyen/sau-khi-ty-cua-nam-chu-trong-sinh-xuyen--XZB%7ENTzLcmYG1kx9
Ngàn vạn không cần chọc nữ xứng ( xuyên nhanh ),Tửu Oa Động Nhân,"Nguyên sang , Bách hợp , Cổ đại , Cận đại , Hiện đại , HE , Tình cảm , Mạt thế , Tu chân , Ngọt văn , Hệ thống , Xuyên nhanh , Hoan hỉ oan gia , Nhẹ nhàng , Hỗ công",Hoàn thành,91326,1941,15,640,https://wikicv.net/truyen/ngan-van-khong-can-choc-nu-xung-xuyen-nh-Xkz9wzzLci9tatj5
Thí thần giả chung sẽ gia nhập group chat,Tài Bất Đương Anh Anh Quái,"Diễn sinh , Bách hợp , Hiện đại , HE , Manga anime , Xuyên việt , Ma pháp , Hệ thống , Nam biến nữ , Naruto , One Piece , Thần thoại , Vô hạn lưu , Thăng cấp lưu , Sảng văn , Pokemon , Thị giác nữ chủ , Fate , Vô địch lưu , Đàn xuyên , Group chat",Hoàn thành,91299,916,38,391,https://wikicv.net/truyen/thi-than-gia-chung-se-gia-nhap-group-cha-XxQmiEbIjkt2gzal
Lexington chu du thế giới,Đông Miên Đích Thính Phong Thạch,"Diễn sinh , Bách hợp , Hiện đại , HE , Manga anime , Võng du , Xuyên việt , Nam biến nữ , NP , Thị giác nữ chủ",Hoàn thành,91143,3427,52,1392,https://wikicv.net/truyen/lexington-chu-du-the-gioi-XqWtLju262S%7E9lTi
Pháo hôi sau khi thức tỉnh thành nữ chủ trong lòng hảo ( mau xuyên ),Lai Cá Thượng Thượng Thiêm,"Nguyên sang , Bách hợp , Hiện đại , HE , Tình cảm , Ngọt văn , Hệ thống , Xuyên nhanh , Chủ công , Nhẹ nhàng , 1v1",Hoàn thành,90939,1353,20,371,https://wikicv.net/truyen/phao-hoi-sau-khi-thuc-tinh-thanh-nu-chu--ZXyRI1S4CDprZL4I
"Ta, Hậu Thổ, chưởng địa đạo, chế tạo tối cao Vu Môn",Hoa Thiên Lạc,"Nguyên sang , Bách hợp , Cổ đại , HE , Tình cảm , Tiên hiệp , Xuyên việt , Hồng hoang , Chủ công , NP , Nữ cường , Thị giác nữ chủ",Hoàn thành,90877,1656,14,312,https://wikicv.net/truyen/ta-hau-tho-chuong-dia-dao-che-tao-toi-ca-ZVobPGHe7G9642b6
Hôm nay vẫn không biết lão bà là nhà giàu số một,Diệp Vô Chi,"Nguyên sang , Bách hợp , Hiện đại , HE , Tình cảm , Ngọt văn , Niên hạ , Chủ công , Hào môn thế gia , 1v1",Hoàn thành,90705,1207,26,93,https://wikicv.net/truyen/hom-nay-van-khong-biet-lao-ba-la-nha-gia-ZdhBxlS4CDcaMmMU
Ở rể,Thỉnh Quân Mạc Tiếu,"Nguyên sang , Bách hợp , Cổ đại , HE , Tình cảm , Kinh thương , Xuyên việt , Chủ công , Cải trang giả dạng , Kim bài đề cử 🥇 , Kim Bảng 🏆 , Chậm nhiệt",Hoàn thành,90677,798,9,207,https://wikicv.net/truyen/o-re-YStB71S4CFfIWT3v
"Thân là thiếu nữ Zeus ta, như thế nào mới có thể chạy thoát năm cái muội khống",Vũ Lam Phượng Cơ,"Diễn sinh , Bách hợp , Cổ đại , HE , Manga anime , Huyền huyễn , Huyền học , Dị thế , Nam biến nữ , Ngựa giống , NP , Thần thoại , Thăng cấp lưu , Sảng văn , Nhẹ nhàng , Nhiều CP , Hài hước , Tây huyễn , Ấm áp , Phương Tây , Thị giác nữ chủ , Vô địch lưu",Hoàn thành,90525,822,59,302,https://wikicv.net/truyen/than-la-thieu-nu-zeus-ta-nhu-the-nao-moi-X2L25UbIjhUT9Z_i
Ngọc Sinh Yên cướp tân nhân tiểu đội,Dữu Vu Tử Duyệt,"Nguyên sang , Bách hợp , Cổ đại , HE , Tiên hiệp , Báo thù , Tu chân , Xuyên việt , Ngọt văn , Trọng sinh , Cường cường , Chủ thụ , Nhẹ nhàng , Ngược tra , Vả mặt",Hoàn thành,90151,2055,8,460,https://wikicv.net/truyen/ngoc-sinh-yen-cuop-tan-nhan-tieu-doi-W1%7EwDlS4CCW0UFkG
"Ta, Liễu Tiên, đều không phải là Thần Long, chớ quấy rầy",Đường Thi A,"Diễn sinh , Bách hợp , Cổ đại , OE , Tình cảm , Huyền huyễn , Sinh tồn , Xuyên việt , Thần tiên yêu quái , NP , Tây Du , Thế giới song song , Thị giác nữ chủ , Vô địch lưu , Lữ hành",Còn tiếp,89952,2865,51,423,https://wikicv.net/truyen/ta-lieu-tien-deu-khong-phai-la-than-long-Yyi6kDzLcg%7EnZVr%7E
Phải bị bồi dưỡng thành tuyệt sắc vưu vật làm sao bây giờ,Hoa Nhạ Trần,"Nguyên sang , Bách hợp , Hiện đại , OE , Tiên hiệp , Huyền huyễn , Dị thế , Tu chân , Xuyên việt , Hệ thống , Thần tiên yêu quái , NP , Phát sóng trực tiếp",Hoàn thành,89659,1560,45,570,https://wikicv.net/truyen/phai-bi-boi-duong-thanh-tuyet-sac-vuu-va-YGi1wzu263fO6dXh
Ốm yếu công chúa bắt đầu thật sự là quá tốt!,Dư Dữ Ngư,"Nguyên sang , Bách hợp , Cổ đại , HE ,
                     , Dị thế , Xuyên việt , Ma pháp , Nam biến nữ , Tây huyễn",Hoàn thành,88121,2890,55,256,https://wikicv.net/truyen/om-yeu-cong-chua-bat-dau-that-su-la-qua--YPmEGTzLck2mkeeb
Sủng thê như mạng,Mị Cốt,"Nguyên sang , Bách hợp , Hiện đại , HE , Tình cảm , Ngọt văn , Giới giải trí , Hoan hỉ oan gia , Nhẹ nhàng , Hỗ công , Đô thị tình duyên , 1v1",Hoàn thành,88043,551,5,211,https://wikicv.net/truyen/sung-the-nhu-mang-Xda54FS4CDPN_%7Er_
Thật thiên kim không làm lạp,Du Côn,"Nguyên sang , Bách hợp , Cận đại , Hiện đại , HE , Tình cảm , Báo thù , Trọng sinh , Giới giải trí , Cường cường , Nhẹ nhàng , Kim bài đề cử 🥇 , Ngược tra , Vả mặt , 1v1",Hoàn thành,87897,1665,25,455,https://wikicv.net/truyen/that-thien-kim-khong-lam-lap-XqJoPlS4CAzIN1aQ
Quy tắc quái đàm nhưng tự mang lão bà,Phong Thính Lan,"Nguyên sang , Bách hợp , Hiện đại , HE , Tình cảm , Kinh dị , Chủ công , Sảng văn , Phát sóng trực tiếp",Hoàn thành,87641,2800,22,372,https://wikicv.net/truyen/quy-tac-quai-dam-nhung-tu-mang-lao-ba-ZYWXFFS4CDXKSumx
Nữ chủ là cái đại vai ác [ xuyên nhanh ],Ngư Dạ,"Nguyên sang , Bách hợp , Cổ đại , Hiện đại , HE , Tình cảm , Xuyên việt , Ngọt văn , Hệ thống , Xuyên nhanh , Chủ thụ , Sảng văn , Nhẹ nhàng",Hoàn thành,87383,1817,11,662,https://wikicv.net/truyen/nu-chu-la-cai-dai-vai-ac-xuyen-nhanh-XwQOtFS4CFkhm8k3
Đấu la chi Bạch Hổ thần nữ,Cô Hồn Phiêu Đãng,"Nguyên sang , Bách hợp , Cổ đại , HE , Tình cảm , Võ hiệp , Manga anime , Huyền huyễn , Dị thế , Dị năng , Nam biến nữ , Đấu khí , Thị giác nữ chủ , Đấu La đại lục",Hoàn thành,87369,906,23,221,https://wikicv.net/truyen/dau-la-chi-bach-ho-than-nu-YW0DEFS4CB1zZk1X
Ngân hà săn đoàn,Ái Lệ Ti Uy Chấn Thiên,"Nguyên sang , Bách hợp , Hiện đại , Tương lai , HE , Tình cảm , Khoa học viễn tưởng , Mạt thế , Sinh tồn , Xuyên việt , Dị năng , Tinh tế , Nam biến nữ , NP , Thăng cấp lưu , Sảng văn , Thị giác nữ chủ , Lữ hành",Hoàn thành,86694,2657,44,256,https://wikicv.net/truyen/ngan-ha-san-doan-Y2oKLTu263VVx3U8
Một giấc ngủ dậy ta nhiều cái lão bà,Chúc An Quân,"Nguyên sang , Bách hợp , Hiện đại , HE , Tình cảm , Ngọt văn , Xuyên thư , Sinh con , Chủ công , Cẩu huyết , ABO , Kim bài đề cử 🥇 , Vả mặt , 1v1",Hoàn thành,86117,837,14,299,https://wikicv.net/truyen/mot-giac-ngu-day-ta-nhieu-cai-lao-ba-Yc2J5VS4CA34FwLU
Xuyên thành vợ trước của bạch nguyệt quang [ Xuyên thư ],Phong Thỏ Tử,"Nguyên sang , Bách hợp , Hiện đại , HE , Tình cảm , Ngọt văn , Xuyên thư , Hào môn thế gia , Giới giải trí , Nhẹ nhàng , Hỗ công",Hoàn thành,85797,1093,27,619,https://wikicv.net/truyen/xuyen-thanh-vo-truoc-cua-bach-nguyet-qua-XSF05lS4CH7ExMEu
Lấy cứu vớt nữ xứng làm nhiệm vụ của mình [ xuyên nhanh ],Kiến Kình Lạc,"Nguyên sang , Bách hợp , Hiện đại , HE , Tình cảm , Hệ thống , Xuyên nhanh , Xuyên thư , Cường cường , Nhẹ nhàng",Hoàn thành,85496,2083,16,337,https://wikicv.net/truyen/lay-cuu-vot-nu-xung-lam-nhiem-vu-cua-min-YtPJlVS4CDyRa88z
Ta muốn cùng siêu nhân hẹn đánh nhau,Lạt Tương Nhiệt Càn Diện,"Diễn sinh , Bách hợp , Hiện đại , OE , Manga anime , Khoa học viễn tưởng , Xuyên việt , Ma pháp , Nam biến nữ , Tây huyễn , Siêu anh hùng , Phương Tây , Phim Anh Mỹ",Chưa xác minh,84845,2962,37,544,https://wikicv.net/truyen/ta-muon-cung-sieu-nhan-hen-danh-nhau-YJK0BlS4CEUeqXjn
Kén vợ kén chồng tiêu chuẩn [ xuyên thư ],Ma Thự Tiểu Tỷ,"Nguyên sang , Bách hợp , Hiện đại , HE , Tình cảm , Ngọt văn , Xuyên thư , Giới giải trí",Hoàn thành,84376,661,44,333,https://wikicv.net/truyen/ken-vo-ken-chong-tieu-chuan-xuyen-thu-Xb%7ERDlS4CEjPHHGF
"Ta, Raiden Shogun, gia nhập group chat",Thư Âm Phù Tự,"Diễn sinh , Bách hợp , Cận đại , Hiện đại , OE , Tình cảm , Manga anime , Nam biến nữ , NP , Vô hạn lưu , Thị giác nữ chủ , Group chat , Xuyên game , Genshin , Honkai",Còn tiếp,84177,1182,31,177,https://wikicv.net/truyen/ta-raiden-shogun-gia-nhap-group-chat-Yeb2XGHe7CQKm_qg
Xuyên thành tra A đem điên mỹ đại lão đánh dấu,Phúc Tạp Phúc Phúc,"Nguyên sang , Bách hợp , Hiện đại , HE , Tình cảm , Ngọt văn , Song khiết 🕊️ , Niên hạ , Chủ công , ABO , Giới giải trí , Nhẹ nhàng , Đô thị tình duyên , Chậm nhiệt",Hoàn thành,83974,878,73,412,https://wikicv.net/truyen/xuyen-thanh-tra-a-dem-dien-my-dai-lao-da-Yyn6MVS4CG2_khVA
Tại hậu cung văn phản tra Long Ngạo Thiên [ xuyên nhanh ],Thanh Liễm,"Nguyên sang , Bách hợp , Cổ đại , Hiện đại , HE , Tình cảm , Ngọt văn , Xuyên nhanh , Xuyên thư , Chủ thụ , Sảng văn , Nhẹ nhàng , Kim bài đề cử 🥇",Hoàn thành,83803,1196,24,240,https://wikicv.net/truyen/tai-hau-cung-van-phan-tra-long-ngao-thie-X2RTRVS4CA4AJvwh
Tiểu dương đà [ xuyên thư ],Vô Liêu Đáo Để,"Nguyên sang , Bách hợp , Cổ đại , HE , Tình cảm , Huyền huyễn , Dị thế , Ngọt văn , Hệ thống , Thần tiên yêu quái , Xuyên thư , Chủ thụ , Nhẹ nhàng , Cận thủy lâu đài , Pháo hôi , Duyên trời tác hợp , 1v1 , Main là động vật , Manh sủng , Chữa lành",Hoàn thành,83687,2005,28,348,https://wikicv.net/truyen/tieu-duong-da-xuyen-thu-YDwRLVS4CFRqFhoS
Xuyên thành vai ác tìm đường chết vị hôn thê [ xuyên thư ],Sơn Trúc Hảo Cật,"Nguyên sang , Bách hợp , Hiện đại , HE , Tình cảm , Ngọt văn , Trọng sinh , Xuyên thư , Nữ phụ , Giới giải trí , Chủ thụ , Hài hước , Chậm nhiệt",Hoàn thành,83548,998,36,257,https://wikicv.net/truyen/xuyen-thanh-vai-ac-tim-duong-chet-vi-hon-XpWrQVS4CE2lDqjo
Một không cẩn thận cưới Hoàng Hậu tiểu tỷ tỷ [ xuyên qua ],Bút Mặc Tích Tượng,"Nguyên sang , Bách hợp , Cổ đại , HE , Tình cảm , Xuyên việt , Ngọt văn , 1v1",Hoàn thành,83070,614,12,346,https://wikicv.net/truyen/mot-khong-can-than-cuoi-hoang-hau-tieu-t-XXhZ_1S4CED85H0q
Biến thân thổ hào thiếu nữ,Hôi Sắc Đoạn Tội,"Nguyên sang , Bách hợp , Hiện đại , OE , Tình cảm , Nam biến nữ , Hào môn thế gia , Hài hước , Thế giới song song",Hoàn thành,83002,640,6,130,https://wikicv.net/truyen/bien-than-tho-hao-thieu-nu-WT6g7u8h7BfTWD7o
Nhặt được nữ chủ thiếu niên khi,Tiểu Ngô Quân,"Nguyên sang , Bách hợp , Hiện đại , HE , Tình cảm , Ngọt văn , Hệ thống , Xuyên thư , Chủ thụ , Nhẹ nhàng , Dưỡng thành",Hoàn thành,82910,874,40,398,https://wikicv.net/truyen/nhat-duoc-nu-chu-thieu-nien-khi-XZDkAVS4CHz0wQDZ
Ta đối thần quái có biết một vài,Chân Tiếu,"Nguyên sang , Bách hợp , Hiện đại , OE , Huyền huyễn , Sảng văn , Linh dị thần quái , Thị giác nữ chủ",Hoàn thành,82623,3388,18,912,https://wikicv.net/truyen/ta-doi-than-quai-co-biet-mot-vai-YdhBRfTaEDH2a17M
Ta không muốn làm tóc vàng a!,Mã Tự Miêu,"Diễn sinh , Bách hợp , Hiện đại , HE , Tình cảm , Manga anime , Trọng sinh , Hệ thống , Nam biến nữ , Vườn trường , NP , Sảng văn , Nhẹ nhàng , Nhiều CP , Dưỡng thành , Hài hước , Đô thị tình duyên , Bình bộ thanh vân , Ấm áp , Duyên trời tác hợp , Thị giác nữ chủ , Bình dân sinh hoạt",Tạm ngưng,82557,1606,40,430,https://wikicv.net/truyen/ta-khong-muon-lam-toc-vang-a-X7JgKTu261K9tNj1
Ác độc nữ xứng đầu quả tim sủng [ xuyên nhanh ],Qua Vân Tê,"Nguyên sang , Bách hợp , Cổ đại , Hiện đại , HE , Tình cảm , Ngọt văn , Xuyên nhanh , Xuyên thư , Chủ công , Sảng văn , Nhẹ nhàng",Hoàn thành,82474,1029,10,390,https://wikicv.net/truyen/ac-doc-nu-xung-dau-qua-tim-sung-xuyen-nh-YB0xDmHe7GEZlTRE
Nâng cốc chuyện nông canh,Thời Vi Nguyệt Thượng,"Nguyên sang , Bách hợp , Cổ đại , HE , Tình cảm , Làm ruộng , Xuyên việt , Ngọt văn , Ấm áp , 1v1 , Thị giác nữ chủ , Bình dân sinh hoạt",Hoàn thành,82440,548,20,287,https://wikicv.net/truyen/nang-coc-chuyen-nong-canh-XpRvCVS4CHVp5Veh
Điện cạnh đại thần trở về Tân Thủ thôn,Vu Tiểu Sam,"Nguyên sang , Bách hợp , Hiện đại , HE , Tình cảm , Xuyên việt , Thi đấu cạnh kỹ , Cường cường , Sảng văn , Hỗ công , Kim bài đề cử 🥇 , Thế giới song song",Hoàn thành,82409,2305,22,603,https://wikicv.net/truyen/dien-canh-dai-than-tro-ve-tan-thu-thon-aHDbulS4CBamGmD0
[ Xuyên nhanh ] Nữ chủ cuồng bá khốc huyễn túm,Quân Tịch Nhược,"Nguyên sang , Bách hợp , Cổ đại , Hiện đại , Tương lai , HE , Tình cảm , Ngọt văn , Trọng sinh , Hệ thống , Xuyên nhanh , Nữ phụ , Chủ thụ , Sảng văn , Nhẹ nhàng , Duyên trời tác hợp , 1v1",Hoàn thành,82406,828,7,271,https://wikicv.net/truyen/xuyen-nhanh-nu-chu-cuong-ba-khoc-huyen-t-WBsewXCVfBGPY6v6
Cầu xin ngươi đừng điểm mị lực,Phản Chuyển Lâm,"Diễn sinh , Bách hợp , Cổ đại , Hiện đại , HE , Manga anime , Xuyên việt , Hệ thống , Nam biến nữ , Thăng cấp lưu , Nhẹ nhàng , Nhiều CP , Hài hước , Thế giới song song , Thị giác nữ chủ",Hoàn thành,82293,1394,46,343,https://wikicv.net/truyen/cau-xin-nguoi-dung-diem-mi-luc-YDzSezzLckkWe51J
"Các ngươi tìm thiên lý, quan ta tuyền chi tinh linh chuyện gì?",Ατριήλ,"Diễn sinh , Bách hợp , Cổ đại , Hiện đại , HE , Tình cảm , Manga anime , Ma pháp , Thần tiên yêu quái , Thăng cấp lưu , Duyên trời tác hợp , Thế giới song song , Thị giác nữ chủ , Genshin , Honkai",Hoàn thành,82102,1125,37,312,https://wikicv.net/truyen/cac-nguoi-tim-thien-ly-quan-ta-tuyen-chi-YhpnLDu261gDqm_W
Xuyên nhanh chi bi thảm nhân sinh hệ thống,Tư Kính Cừ,"Nguyên sang , Bách hợp , Cổ đại , Cận đại , Hiện đại , HE , Tình cảm , Khoa học viễn tưởng , Huyền huyễn , Ngọt văn , Hệ thống , Xuyên nhanh , Nữ phụ , Chủ thụ , Sảng văn , Kiếp trước kiếp này , Nghịch tập , Vả mặt , 1v1",Hoàn thành,82029,981,24,236,https://wikicv.net/truyen/xuyen-nhanh-chi-bi-tham-nhan-sinh-he-tho-W1x2p1S4CDnjfHbx
Xuyên thành nữ chủ vai ác sư tôn,Cao Cử,"Nguyên sang , Bách hợp , Cổ đại , HE , Tình cảm , Tiên hiệp , Tu chân , Ngọt văn , Hệ thống , Xuyên thư , Sảng văn , Nhẹ nhàng , Hài hước , Xuyên thành vai ác , Sư đồ , 1v1",Hoàn thành,81481,777,18,264,https://wikicv.net/truyen/xuyen-thanh-nu-chu-vai-ac-su-ton-X2bXMVS4CBNz6qzE
[ mau xuyên ] vai ác công lược gl,Ất Thuần,"Nguyên sang , Bách hợp , Cổ đại , Hiện đại , HE , Tình cảm , Hệ thống",Hoàn thành,81388,676,31,290,https://wikicv.net/truyen/mau-xuyen-vai-ac-cong-luoc-gl-WGvHpHCVfGdgoIec
Đấu la chi Huyền Vũ tỷ tỷ,Cô Hồn Phiêu Đãng,"Diễn sinh , Bách hợp , Cổ đại , Cận đại , OE , Tình cảm , Huyền huyễn , Trọng sinh , Xuyên thư , Nam biến nữ , Đấu khí , Linh dị thần quái , Vô địch lưu",Chưa xác minh,81378,431,20,75,https://wikicv.net/truyen/dau-la-chi-huyen-vu-ty-ty-YPpb5lS4CDsg1hl0
Quốc dân nam thần tại tuyến sủng thê ［ mau xuyên ］,Trạch Thành Cư Sĩ,"Nguyên sang , Bách hợp , Cổ đại , Hiện đại , Tương lai , HE , Tình cảm , Ngọt văn , Xuyên nhanh , Chủ công , Giới giải trí , Vườn trường , Sảng văn , Nhẹ nhàng",Hoàn thành,81329,1058,5,248,https://wikicv.net/truyen/quoc-dan-nam-than-tai-tuyen-sung-the-mau-Xln2lUbIjmih2U33
Không cẩn thận công lược nữ chủ sư tôn,Thời Chước,"Nguyên sang , Bách hợp , Cổ đại , HE , Tình cảm , Tiên hiệp , Tu chân , Ngọt văn , Trọng sinh , Xuyên thư , Cường cường , Thăng cấp lưu , Chủ thụ , Sảng văn , Hỗ công , Ngược tra , Sư đồ , Vả mặt , 1v1 , Song trọng sinh , Chậm nhiệt",Hoàn thành,81208,1496,13,386,https://wikicv.net/truyen/khong-can-than-cong-luoc-nu-chu-su-ton-ZCGkb_TaEBy4pyqu
Ta ở Schicksal làm thánh nữ,Nguyệt Lạc Chi Quý,"Diễn sinh , Bách hợp , Hiện đại , HE , Manga anime , Xuyên việt , Nam biến nữ , Thăng cấp lưu , Nhiều CP , Hài hước , Ấm áp , Thị giác nữ chủ",Tạm ngưng,80603,1473,50,632,https://wikicv.net/truyen/ta-o-schicksal-lam-thanh-nu-XzRGpkbIjntucEAm
Nữ xứng luôn là tự mình đa tình,Điều Hí Quân Lâm Thiên Hạ,"Nguyên sang , Bách hợp , Hiện đại , HE , Tình cảm , Ngọt văn , Song khiết 🕊️ , Xuyên nhanh , Nữ phụ , Chủ thụ , Nhẹ nhàng , Kiếp trước kiếp này , Đô thị tình duyên , Duyên trời tác hợp , 1v1 , Xuyên thành vai chính",Hoàn thành,80597,1315,27,306,https://wikicv.net/truyen/nu-xung-luon-la-tu-minh-da-tinh-XDlrYFS4CFWFJ7xa
Xuyên Nhanh Chi Luôn Là Cứu Lầm Người,Ngung Ngung,"Nguyên sang , Bách hợp , Hiện đại , HE , Tình cảm , Ngọt văn , Xuyên nhanh , Chủ công",Hoàn thành,80593,1030,7,160,https://wikicv.net/truyen/xuyen-nhanh-chi-luon-la-cuu-lam-nguoi-XnZrx1S4CB41fQD2
Toàn thế giới đều làm chúng ta phục hôn [ trọng sinh ],Nghịch Thiêm.,"Nguyên sang , Bách hợp , Hiện đại , HE , Tình cảm , Trọng sinh , Giới giải trí , Nhẹ nhàng , Hỗ công",Hoàn thành,80534,907,6,317,https://wikicv.net/truyen/toan-the-gioi-deu-lam-chung-ta-phuc-hon--Xi6jCFS4CC6WXEkP
Xuyên thành tra A kiều O hoài nhãi con,Na Chỉ Dương,"Nguyên sang , Bách hợp , Hiện đại , HE , Tình cảm , Ngọt văn , Song khiết 🕊️ , Xuyên thư , Sinh con , Chủ công , Cẩu huyết , ABO , Đô thị tình duyên , 1v1",Hoàn thành,80497,723,17,133,https://wikicv.net/truyen/xuyen-thanh-tra-a-kieu-o-hoai-nhai-con-ZJ_11WHe7AMAx6fW
Cùng nàng kết hôn trước yêu sau,Thanh Thang Xuyến Hương Thái,"Nguyên sang , Bách hợp , Hiện đại , HE , Tình cảm , Cưới trước yêu sau , Khế ước tình nhân , Đô thị tình duyên , Kim bài đề cử 🥇 , Kim Bảng 🏆",Hoàn thành,79392,246,10,90,https://wikicv.net/truyen/cung-nang-ket-hon-truoc-yeu-sau-XXfJYVS4CGwAGinY
"Ta, Matou Sakura, quan vị mỹ nhân",Thiếu Nữ Luyến Thượng Tỷ Tỷ,"Diễn sinh , Bách hợp , Hiện đại , HE , Manga anime , Ma pháp , Ngọt văn , NP , Thần thoại , Vị diện , Thăng cấp lưu , Nhẹ nhàng , Nhiều CP , Hài hước , Thế giới song song , Mary Sue , Thị giác nữ chủ , Fate , Vô địch lưu",Hoàn thành,79005,2770,83,1070,https://wikicv.net/truyen/ta-matou-sakura-quan-vi-my-nhan-XyehBEbIjgOuFgIp
Đấu la chi diệt long ma đạo sĩ,Nguyệt Chi Hoa Thương,"Diễn sinh , Bách hợp , Cổ đại , OE , Huyền huyễn , Nam biến nữ , Thị giác nữ chủ , Đấu La đại lục",Tạm ngưng,78107,636,19,142,https://wikicv.net/truyen/dau-la-chi-diet-long-ma-dao-si-YQDbPVS4CBc3F%7E6%7E
Kính vị tình thương,Thỉnh Quân Mạc Tiếu,"Nguyên sang , Bách hợp , Cổ đại , HE , Tình cảm , Báo thù , Chủ công , Ngược văn , Cung đấu , Cung đình hầu tước , Cải trang giả dạng , Kim bài đề cử 🥇",Hoàn thành,78017,289,8,86,https://wikicv.net/truyen/kinh-vi-tinh-thuong-XoV3MlS4CBf9twOw
Xuyên thư: Hàng long quyết,Thời Vi Nguyệt Thượng,"Nguyên sang , Bách hợp , Cổ đại , HE , Tình cảm , Tiên hiệp , Huyền huyễn , Tu chân , Xuyên thư , Cường cường , Hỗ công , Kiếp trước kiếp này , Pháo hôi , Sư đồ , Linh dị thần quái , 1v1 , Thị giác nữ chủ",Hoàn thành,77807,2265,11,437,https://wikicv.net/truyen/xuyen-thu-hang-long-quyet-Y2UfiVS4CHmYY_s6
Xuyên thành tra A sau ta ở luyến tổng đương cá mặn,Mã Tự Cơ Ái Thụy Giác,"Nguyên sang , Bách hợp , Hiện đại , HE , Tình cảm , Ngọt văn , Xuyên thư , Chủ công , ABO , Giới giải trí , Cường cường , Tg lai xuyên hiện đại , 1v1",Hoàn thành,77669,899,13,257,https://wikicv.net/truyen/xuyen-thanh-tra-a-sau-ta-o-luyen-tong-du-Yl49JVS4CEmvPdPp
Tam sinh tam thế gặp được ngươi GL,Mộc Tư Mẫn,"Diễn sinh , Bách hợp , Cổ đại , HE , Tình cảm , Tiên hiệp , Tu chân , Xuyên việt , Chủ công , Nhẹ nhàng , Kiếp trước kiếp này , Duyên trời tác hợp",Hoàn thành,77479,289,1,93,https://wikicv.net/truyen/tam-sinh-tam-the-gap-duoc-nguoi-gl-WzLrP%7E8h7GqVZZd1
Xuyên thành vai ác tra A kiều thê sau ta trốn chạy thất bại,Mộc Ức,"Nguyên sang , Bách hợp , Hiện đại , HE , Tình cảm , Ngọt văn , Xuyên thư , Sinh con , Chủ công , ABO , Nhẹ nhàng",Hoàn thành,77160,911,22,241,https://wikicv.net/truyen/xuyen-thanh-vai-ac-tra-a-kieu-the-sau-ta-Y4H4lPTaEGjxjvO9
Ngàn vạn không cần chọc hệ thống ( xuyên nhanh ),Tửu Oa Động Nhân,"Nguyên sang , Bách hợp , Cổ đại , Cận đại , Hiện đại , HE , Tình cảm , Mạt thế , Ngọt văn , Hệ thống , Xuyên nhanh , Giới giải trí , Vườn trường , Dân quốc , Nhẹ nhàng , Hỗ công , Kim bài đề cử 🥇",Hoàn thành,76903,1799,18,732,https://wikicv.net/truyen/ngan-van-khong-can-choc-he-thong-xuyen-n-XnlvYzzLcikpG9Et
Cưới cách vách tỷ tỷ sau,Thời Quang Tái Tiếu,"Nguyên sang , Bách hợp , Cổ đại , HE , Tình cảm , Làm ruộng , Xuyên việt , Chủ công , Nhẹ nhàng , Bình dân sinh hoạt",Hoàn thành,76472,780,15,336,https://wikicv.net/truyen/cuoi-cach-vach-ty-ty-sau-XljyfVS4CGW2ghnX
Như thế nào nhanh chóng trở thành vai chính ( xuyên nhanh ),Y Thanh Nhược,"Nguyên sang , Bách hợp , Cổ đại , Hiện đại , HE , Tình cảm , Làm ruộng , Ngọt văn , Hệ thống , Xuyên nhanh , Cường cường , Chủ thụ , Thiên chi kiêu tử , Duyên trời tác hợp , 1v1",Hoàn thành,76377,3150,9,315,https://wikicv.net/truyen/nhu-the-nao-nhanh-chong-tro-thanh-vai-ch-YiG6ylS4CBpDNlii
Pháo hôi sau khi thức tỉnh cưới đến nữ chủ! [ xuyên nhanh ],Đồ Đồ Họa Họa,"Nguyên sang , Bách hợp , Cổ đại , Hiện đại , HE , Tình cảm , Ngọt văn , Hệ thống , Xuyên nhanh , Sảng văn , Nhẹ nhàng , Hỗ công , Pháo hôi",Hoàn thành,76294,2475,45,608,https://wikicv.net/truyen/phao-hoi-sau-khi-thuc-tinh-cuoi-den-nu-c-YxoaGDzLcnA%7EQNDM
Biến thân Kanna ở Terra,Nhất Phương Hàm Ngư,"Diễn sinh , Bách hợp , Cổ đại , Cận đại , OE , Manga anime , Sinh tồn , Xuyên việt , Ma pháp , Hệ thống , Thần tiên yêu quái , Nam biến nữ , Thăng cấp lưu , Thế giới song song , Thị giác nữ chủ , Lữ hành",Còn tiếp,76240,3040,24,496,https://wikicv.net/truyen/bien-than-kanna-o-terra-Yuu3SDzLcnIiJeSz
Phi nguyệt nữ thần Irina,Hoa Nhạ Trần,"Nguyên sang , Bách hợp , Cổ đại , HE , Huyền huyễn , Dị thế , Xuyên việt , Nam biến nữ , Thăng cấp lưu",Hoàn thành,76147,883,20,170,https://wikicv.net/truyen/phi-nguyet-nu-than-irina-Xpd%7EdVS4CBdz_PKc
[Xuyên Nhanh] Công Lược Nữ Phụ GL,Bạc Thủy Nhất Châu,"Nguyên sang , Bách hợp , Hiện đại , HE , Tình cảm , Xuyên việt , Hệ thống , Xuyên nhanh",Hoàn thành,76106,314,18,69,https://wikicv.net/truyen/xuyen-nhanh-cong-luoc-nu-phu-gl-WIy0JDu26xBncOcv
Bắt cóc nữ lão sư khuê mật,Đệ Ngũ Trạm,"Nguyên sang , Bách hợp , Hiện đại , HE , Tình cảm , Ngọt văn , Niên hạ , Chủ công , Nhẹ nhàng , Duyên trời tác hợp",Hoàn thành,76099,731,23,225,https://wikicv.net/truyen/bat-coc-nu-lao-su-khue-mat-YMXC7jzLcm60y_lP
Muội tử võ tiên chi lữ,Đào Ca Bá Khí,"Diễn sinh , Bách hợp , Cổ đại , Hiện đại , HE , Tiên hiệp , Huyền huyễn , Xuyên việt , Nam biến nữ",Hoàn thành,75704,327,9,115,https://wikicv.net/truyen/muoi-tu-vo-tien-chi-lu-WOcSvu8h7GaLVOaQ
Hayasaka Ai thích Type-Moon võng du,Bất Bàn Quất Miêu,"Diễn sinh , Bách hợp , Hiện đại , HE , Manga anime , Kinh thương , Tranh bá , Xuyên việt , Ma pháp , Hệ thống , Nam biến nữ , Vườn trường , NP , Thần thoại , Thăng cấp lưu , Sảng văn , Nhẹ nhàng , Nhiều CP , Hài hước , Trò chơi , Duyên trời tác hợp , Thế giới song song , Linh dị thần quái , Thị giác nữ chủ , Triệu hoán lưu , Fate , Thực tế ảo , Vô địch lưu , Cao nhân lưu , Lữ hành , Chức nghiệp tinh anh , Hắc thủ lưu , Đệ tứ thiên tai",Hoàn thành,75703,1009,46,287,https://wikicv.net/truyen/hayasaka-ai-thich-type-moon-vong-du-YElwOFS4CHTy5uqe
Ta cùng nam chủ bạch nguyệt quang ở bên nhau [ xuyên thư ],Khương Trầm Dạng,"Nguyên sang , Bách hợp , Hiện đại , HE , Tình cảm , Ngọt văn , Xuyên thư , Chủ công , Giới giải trí , Nhẹ nhàng",Hoàn thành,75689,1258,11,455,https://wikicv.net/truyen/ta-cung-nam-chu-bach-nguyet-quang-o-ben--X6ePBVS4CH%7EuaBOp
Nữ chủ cầu buông tha [ xuyên thư ],Lê Lê Lê Lê Thiếu,"Nguyên sang , Bách hợp , Hiện đại , HE , Tình cảm , Xuyên thư , Sảng văn , Nhẹ nhàng",Hoàn thành,75404,139,3,55,https://wikicv.net/truyen/nu-chu-cau-buong-tha-xuyen-thu-WiGHfO8h7BfpcVTO
Ta chỉ là tưởng xoát hảo cảm a!,Song Ngư Tra Tử,"Diễn sinh , Bách hợp , Cổ đại , OE , Tình cảm , Xuyên việt , Ma pháp , Hệ thống , Thần tiên yêu quái , NP , Thăng cấp lưu , Chủ thụ , Duyên trời tác hợp , Thế giới song song , Thị giác nữ chủ , Genshin",Tạm ngưng,75299,1099,58,296,https://wikicv.net/truyen/ta-chi-la-tuong-xoat-hao-cam-a-YijvjUbIjnFZusNS
"Ta, vai ác đại tiểu thư, bất tử với bắt chước khí Tu La tràng",Nguyệt Hòa Hòa,"Nguyên sang , Bách hợp , Hiện đại , HE , OE , Tình cảm , Khoa học viễn tưởng , Xuyên việt , Dị năng , Trọng sinh , NP , Thăng cấp lưu , Chủ thụ , Sảng văn , Thị giác nữ chủ",Hoàn thành,75096,2760,31,682,https://wikicv.net/truyen/ta-vai-ac-dai-tieu-thu-bat-tu-voi-bat-ch-Y%7EjnPzzLch7gQ28L
Sajyou Manaka xuyên qua hành trình,Phế Chỉ Lâu Tử,"Diễn sinh , Bách hợp , Cổ đại , Hiện đại , Tương lai , HE , Manga anime , Xuyên việt , Ma pháp , Nam biến nữ , Thần thoại , Vị diện , Vô hạn lưu , Thăng cấp lưu , Sảng văn , Thiên chi kiêu tử , Tiểu bạch văn , Thị giác nữ chủ , Fate , Vô địch lưu , Xuyên thành vai chính",Tạm ngưng,74803,573,20,87,https://wikicv.net/truyen/sajyou-manaka-xuyen-qua-hanh-trinh-XviqSUbIjnwSbC6g
Hệ thống muốn ta đương địa chủ gl,Phương Tiện Diện Quân,"Nguyên sang , Bách hợp , Cổ đại , HE , Tình cảm , Làm ruộng , Ngọt văn , Hệ thống , Nhẹ nhàng , Hỗ công , 1v1",Hoàn thành,74773,579,4,185,https://wikicv.net/truyen/he-thong-muon-ta-duong-dia-chu-gl-XjpHyFS4CC5T%7EeGC
Xuyên qua chi thanh hà địa chủ,Phương Tiện Diện Quân,"Nguyên sang , Bách hợp , Cổ đại , HE , Tình cảm , Làm ruộng , Xuyên việt , Hệ thống",Hoàn thành,74757,719,5,204,https://wikicv.net/truyen/xuyen-qua-chi-thanh-ha-dia-chu-W0M_3O8h7E98DKQz
Luôn có người tưởng bẻ cong ta [ xuyên nhanh ],Mộc Tử Tinh,"Nguyên sang , Bách hợp , Cổ đại , Cận đại , Hiện đại , Tương lai , HE , Tình cảm , Khoa học viễn tưởng , Hệ thống , Xuyên nhanh , Chủ thụ , 1v1",Hoàn thành,74368,197,32,106,https://wikicv.net/truyen/luon-co-nguoi-tuong-be-cong-ta-xuyen-nha-WP9tYO8h7B1gfdOp
Xuyên thành nữ chủ mất sớm vị hôn phu,Hoặc Hứa Hữu Nhất Thiên,"Nguyên sang , Bách hợp , Cổ đại , HE , Tình cảm , Xuyên thư , Sảng văn , Hỗ công , Cải trang giả dạng , Cận thủy lâu đài , Kim bài đề cử 🥇 , Kim Bảng 🏆 , 1v1",Hoàn thành,74317,648,9,189,https://wikicv.net/truyen/xuyen-thanh-nu-chu-mat-som-vi-hon-phu-YHDKvVS4CFk7rsi8
Baal tiểu thư muốn nhân sinh không lưu tiếc nuối,Hồ Li Khống,"Diễn sinh , Bách hợp , Cổ đại , Cận đại , OE , Tình cảm , Manga anime , Xuyên việt , Ma pháp , Hệ thống , Thần tiên yêu quái , Nam biến nữ , NP , Vô hạn lưu , Thị giác nữ chủ , Chữa lành , Inuyasha , Genshin , Honkai",Hoàn thành,74192,2300,59,322,https://wikicv.net/truyen/baal-tieu-thu-muon-nhan-sinh-khong-luu-t-YhtE4PTaECL%7EsQ0i
Thiên Đạo sư ân (GL),Thái Dương Khuẩn,"Nguyên sang , Bách hợp , Cổ đại , HE , Tình cảm , Tiên hiệp , Tu chân , Ngọt văn , Sinh con , Cẩu huyết , Ngược văn , Chủ thụ , Tương ái tương sát",Hoàn thành,74101,685,11,134,https://wikicv.net/truyen/thien-dao-su-an-gl-WwLZjDu26yRQ6cOh
Đương bàn tay vàng gặp gỡ nam trang đại lão,L Tứ X Tịch Y,"Nguyên sang , Bách hợp , Tương lai , HE , Tình cảm , Huyền huyễn , Ngọt văn , Hệ thống , Hoan hỉ oan gia , Nhẹ nhàng , Hỗ công , 1v1",Hoàn thành,73684,1651,11,423,https://wikicv.net/truyen/duong-ban-tay-vang-gap-go-nam-trang-dai--Xo0ajlS4CBTW7hG2
Đoản mệnh bạch nguyệt quang chỉ nghĩ cá mặn,Giang Nhất Thủy,"Nguyên sang , Bách hợp , Hiện đại , HE , Tình cảm , Ngọt văn , Niên hạ , Xuyên thư , ABO , Thanh mai trúc mã , Nhẹ nhàng , Hỗ công , Kim bài đề cử 🥇",Hoàn thành,73650,1114,10,310,https://wikicv.net/truyen/doan-menh-bach-nguyet-quang-chi-nghi-ca--XzHqTVS4CEzY%7E3Tm
Nào đó xuyên qua chuyên nghiệp muội muội,Hữu Chỉ Miêu,"Diễn sinh , Bách hợp , Hiện đại , HE , Manga anime , Huyền huyễn , Xuyên việt , Ma pháp , Nam biến nữ , Naruto , Vườn trường , NP , Thần thoại , Thanh mai trúc mã , Vị diện , Vô hạn lưu , Thăng cấp lưu , Nhẹ nhàng , Nhiều CP , Hài hước , Ấm áp , Duyên trời tác hợp , Thế giới song song , Triệu hoán lưu , Vô địch lưu , Đàn xuyên",Hoàn thành,73381,1071,30,305,https://wikicv.net/truyen/nao-do-xuyen-qua-chuyen-nghiep-muoi-muoi-YAUo9TzLcl5GlgVk
Đấu La chi Thanh Mặc,Mặc Tể,"Diễn sinh , Bách hợp , Cổ đại , HE , Tình cảm , Huyền huyễn , Dị thế , Cường cường , Nữ cường , Đấu La đại lục",Hoàn thành,73230,600,11,149,https://wikicv.net/truyen/dau-la-chi-thanh-mac-YBf2r1S4CEMmFmFW
Đừng chậm trễ ta sống lại,Lưu Vân Tùy Nguyệt,"Diễn sinh , Bách hợp , Cổ đại , Cận đại , Hiện đại , HE , Tình cảm , Manga anime , Khoa học viễn tưởng , Sinh tồn , Xuyên việt , Ma pháp , Hệ thống , Naruto , Thần thoại , Vô hạn lưu , Thị giác nữ chủ , Fate , Bleach , Lữ hành , Inuyasha , CC Sakura",Hoàn thành,73003,1724,83,258,https://wikicv.net/truyen/dung-cham-tre-ta-song-lai-Y2GWlkbIjmylqudx
Biểu tiểu thư luôn là rất bận ［ mau xuyên ］,Tiểu Ngô Quân,"Nguyên sang , Bách hợp , Cổ đại , Hiện đại , HE , Tình cảm , Ngọt văn , Hệ thống , Xuyên nhanh , Cường cường , Chủ thụ , Nhẹ nhàng , Pháo hôi , Duyên trời tác hợp , 1v1",Hoàn thành,72977,1270,20,384,https://wikicv.net/truyen/bieu-tieu-thu-luon-la-rat-ban-mau-xuyen-Wo7pMu8h7BmhDIMP
Xuyên qua cổ đại mang cầu chạy trong sách tra A,Công Tử Hạnh Xuyên,"Nguyên sang , Bách hợp , Cổ đại , HE , Tình cảm , Ngọt văn , Xuyên thư , Chủ công , ABO , Cung đình hầu tước , Nhẹ nhàng",Hoàn thành,72689,1230,5,234,https://wikicv.net/truyen/xuyen-qua-co-dai-mang-cau-chay-trong-sac-ZXtjmFS4CBs6AGSA
Nữ nhi nàng xuyên thư mang hệ thống,Tinh Vân Tây Lưu,"Nguyên sang , Bách hợp , Hiện đại , HE , Tình cảm , Ngọt văn , Hệ thống , Xuyên thư , Chủ công , Giới giải trí , Cưới trước yêu sau , Nhẹ nhàng , Hài hước",Hoàn thành,72674,1183,26,162,https://wikicv.net/truyen/nu-nhi-nang-xuyen-thu-mang-he-thong-ZX3XclS4CGyu78Pc
Marvel Supernova,Tường Tam Gia,"Diễn sinh , Bách hợp , Hiện đại , OE , Khoa học viễn tưởng , Xuyên việt , Ma pháp , Dị năng , Làm giàu , Nam biến nữ , Thần thoại , Tây huyễn , Siêu anh hùng , Thế giới song song , Linh dị thần quái , Marvel",Hoàn thành,72669,459,23,108,https://wikicv.net/truyen/marvel-supernova-XiPB4lS4CHjFkAJ5
BX mao ta từ lam dải lụa bắt đầu,Lưu Li Tương,"Diễn sinh , Bách hợp , Cổ đại , Cận đại , Hiện đại , OE , Manga anime , Xuyên việt , Ma pháp , Hệ thống , Nam biến nữ , NP , Thần thoại , Vô hạn lưu , Thị giác nữ chủ , Lữ hành",Hoàn thành,72617,1409,37,230,https://wikicv.net/truyen/bx-mao-ta-tu-lam-dai-lua-bat-dau-Yi7NDDzLchG8iPME
Lại bị ngược văn nữ chủ ôm đi ( xuyên nhanh ).,Mộ Thần Khê,"Nguyên sang , Bách hợp , Cổ đại , Hiện đại , HE , Tình cảm , Ngọt văn , Hệ thống , Xuyên nhanh , Nữ phụ , Chủ thụ , Nhẹ nhàng",Hoàn thành,72598,647,4,196,https://wikicv.net/truyen/lai-bi-nguoc-van-nu-chu-om-di-xuyen-nhan-XyIp9FS4CA5PobQU
HP chuyện xưa cùng tân sinh,Nhàn Tư Bút Mặc,"Diễn sinh , Bách hợp , Hiện đại , OE , Tình cảm , Ma pháp , Harry Potter , Cường cường , Chủ thụ , Tây huyễn",Chưa xác minh,72544,736,81,134,https://wikicv.net/truyen/hp-chuyen-xua-cung-tan-sinh-YDy5Z1S4CFOLBFGw
"Xu sắc động lòng người/ Xuyên thành pháo hôi tra A sau, ngọt sủng nữ chủ",Phúc Tạp Phúc Phúc,"Nguyên sang , Bách hợp , Hiện đại , HE , Tình cảm , Ngọt văn , Song khiết 🕊️ , Xuyên thư , ABO , Giới giải trí , Nhẹ nhàng , Hỗ công , 1v1",Hoàn thành,72112,921,10,311,https://wikicv.net/truyen/xu-sac-dong-long-nguoi-xuyen-thanh-phao--Yi6WN1S4CEpw5sRg
Ma pháp làm nguyên tố chính mình phóng liền được rồi,Già Ảnh,"Nguyên sang , Bách hợp , Cổ đại , Cận đại , OE , Tình cảm , Dị thế , Xuyên việt , Ma pháp , Nam biến nữ , Thị giác nữ chủ",Hoàn thành,72095,2178,9,579,https://wikicv.net/truyen/ma-phap-lam-nguyen-to-chinh-minh-phong-l-YQS1SDzLciliK5Jk
Thế giới giả tưởng lãng khách,Ngân Nhãn Đích Trảm Sát Giả,"Diễn sinh , Bách hợp , Cận đại , Hiện đại , OE , Manga anime , Nam biến nữ , Vị diện , Vô hạn lưu , Sảng văn",Hoàn thành,71866,2414,40,442,https://wikicv.net/truyen/the-gioi-gia-tuong-lang-khach-WTbHHu8h7AdjpfV4
Cam quýt vị Hogwarts,Minh Hề,"Diễn sinh , Bách hợp , Cận đại , Hiện đại , OE , Tình cảm , Manga anime , Xuyên việt , Ma pháp , Hệ thống , Harry Potter , NP , Thế giới song song , Thị giác nữ chủ , Chậm nhiệt",Còn tiếp,71686,2013,46,441,https://wikicv.net/truyen/cam-quyt-vi-hogwarts-Ywb73fTaECk8PU0k
Xuyên thành ngược văn nữ chủ làm sao đây [ xuyên thư ],Mễ Tửu Viên Tử,"Nguyên sang , Bách hợp , Hiện đại , HE , Tình cảm , Ngọt văn , Xuyên thư , Mỹ thực , Chủ thụ , Nhẹ nhàng , Hài hước , Đô thị tình duyên , Ấm áp",Hoàn thành,71536,905,17,379,https://wikicv.net/truyen/xuyen-thanh-nguoc-van-nu-chu-lam-sao-day-XMQ1IVS4CAjZURMs
Trọng sinh chi sủng thê sổ tay,Vân Võng Nhiên,"Nguyên sang , Bách hợp , Hiện đại , HE , Tình cảm , Ngọt văn , Trọng sinh , Xuyên thư , Giới giải trí , Hỗ công , Phát sóng trực tiếp , 1v1 , Song trọng sinh",Hoàn thành,71455,3822,9,645,https://wikicv.net/truyen/trong-sinh-chi-sung-the-so-tay-ZB4TlVS4CA1_3_gU
Mỗ tân viêm vô hạn lữ đồ,Thỏ Thỏ Nhất Đốn Cật Bát Oản,"Diễn sinh , Bách hợp , Cổ đại , Cận đại , Hiện đại , OE , Tình cảm , Manga anime , Khoa học viễn tưởng , Ma pháp , Hệ thống , Thần tiên yêu quái , NP , Vô hạn lưu , Kiếp trước kiếp này , Thiên chi kiêu tử , Duyên trời tác hợp , Thế giới song song , Thị giác nữ chủ , Fate , Lữ hành , Xuyên game , Genshin , Honkai",Tạm ngưng,71363,823,33,139,https://wikicv.net/truyen/mo-tan-viem-vo-han-lu-do-YhpvJUbIjlNE4xOe
Xuyên thành lòng dạ hiểm độc nữ xứng,Tam Vô Dung Nhân,"Nguyên sang , Bách hợp , Hiện đại , HE , Tình cảm , Ngọt văn , Hệ thống , Xuyên thư , Nữ phụ , Nhẹ nhàng , Hỗ công , Hài hước , Đô thị tình duyên , Tương ái tương sát",Hoàn thành,71324,832,39,393,https://wikicv.net/truyen/xuyen-thanh-long-da-hiem-doc-nu-xung-XVvhxmHe7Hmv0vMU
Tiên môn sỉ nhục,Phong Nhận Tác Thư,"Nguyên sang , Bách hợp , Cổ đại , HE , Tình cảm , Tiên hiệp , Tu chân , Ngọt văn , Nhẹ nhàng , Hỗ công , Vả mặt",Hoàn thành,70853,1729,18,707,https://wikicv.net/truyen/tien-mon-si-nhuc-XXzkxDzLcn9Bqclj
Ở Conan hỗn nhật tử hằng ngày,Tự Mộ,"Diễn sinh , Bách hợp , Hiện đại , HE , Tình cảm , Trinh thám , Manga anime , Xuyên việt , Phá án , Thế giới song song , 1v1 , Thị giác nữ chủ , Conan",Hoàn thành,70849,1208,46,405,https://wikicv.net/truyen/o-conan-hon-nhat-tu-hang-ngay-ZrBL0PTaECfJzSRh
Nữ xứng hoa thức tự hắc [ xuyên nhanh ],Ngư Dạ,"Nguyên sang , Bách hợp , Hiện đại , HE , Tình cảm , Xuyên việt , Hệ thống , Xuyên nhanh , Chủ thụ , Nhẹ nhàng",Hoàn thành,70805,716,10,339,https://wikicv.net/truyen/nu-xung-hoa-thuc-tu-hac-xuyen-nhanh-XlvA0DzLcmP8KvK6
Nữ chủ nàng hảo không thích hợp [ xuyên nhanh ],Dư Ngư,"Nguyên sang , Bách hợp , Cổ đại , HE , Tình cảm , Ngọt văn , Song khiết 🕊️ , Xuyên nhanh , Nữ phụ , Chủ thụ , Hỗ công , Kiếp trước kiếp này , 1v1 , Điên phê , Ôn nhu",Hoàn thành,70800,1140,52,363,https://wikicv.net/truyen/nu-chu-nang-hao-khong-thich-hop-xuyen-nh-ZXnwG1S4CAwkndtO
Đương nữ chủ bắt đầu cố chấp ( xuyên nhanh ),Lai Cá Thượng Thượng Thiêm,"Nguyên sang , Bách hợp , Cổ đại , Hiện đại , HE , Tình cảm , Hệ thống , Xuyên nhanh , Chủ công , Sảng văn , Nhẹ nhàng",Hoàn thành,70763,876,39,399,https://wikicv.net/truyen/duong-nu-chu-bat-dau-co-chap-xuyen-nhanh-YjM99zu261v4e7FX
Đấu la: Tan vỡ buông xuống,Chu Cơ Bạch Chức,"Diễn sinh , Bách hợp , Cổ đại , OE , Huyền huyễn , Xuyên việt , Thị giác nữ chủ , Đấu La đại lục",Chưa xác minh,70706,1029,54,260,https://wikicv.net/truyen/dau-la-tan-vo-buong-xuong-Yr6c7VS4CAHpSA1a
Không làm vai ác? Thật hương! gl [ hệ thống ],Lưu Li Tiên Thảo,"Nguyên sang , Bách hợp , Cổ đại , HE , Tình cảm , Huyền huyễn , Xuyên việt , Ngọt văn , Hệ thống , Chủ công , Duyên trời tác hợp",Hoàn thành,70359,699,11,285,https://wikicv.net/truyen/khong-lam-vai-ac-that-huong-gl-he-thong-W3gCAFS4CFTGy_WD
Người qua đường Giáp xách đi hàng trí nữ xứng ( xuyên nhanh ),Thập Tửu Công Tử,"Nguyên sang , Bách hợp , Cổ đại , Hiện đại , HE , Tình cảm , Ngọt văn , Xuyên nhanh , Xuyên thư , Chủ công , Sảng văn , Nhẹ nhàng",Hoàn thành,69983,923,17,143,https://wikicv.net/truyen/nguoi-qua-duong-giap-xach-di-hang-tri-nu-ZDWGejzLcn7Kf81%7E
Biến thân thần trang thiếu nữ,Viên Thần Diễm Ma,"Diễn sinh , Bách hợp , Hiện đại , HE , Huyền huyễn , Nam biến nữ",Hoàn thành,69408,357,29,49,https://wikicv.net/truyen/bien-than-than-trang-thieu-nu-WGhsI3CVfB5wFtDb
Trong núi nhặt cái tiểu phúc tinh,A Tiêu,"Nguyên sang , Bách hợp , Cổ đại , HE , Tình cảm , Làm ruộng , Ngọt văn , Mỹ thực , Chủ công",Hoàn thành,69336,1969,12,678,https://wikicv.net/truyen/trong-nui-nhat-cai-tieu-phuc-tinh-Z4uZ9lS4CHhldGJb
Trở thành ma pháp thiếu nữ ta chỉ nghĩ làm bách hợp,Chiến Tranh Chủ Tể,"Diễn sinh , Bách hợp , Hiện đại , HE , Manga anime , Xuyên việt , Ma pháp , Hệ thống , Nam biến nữ , NP , Thần thoại , Vô hạn lưu , Thăng cấp lưu , Sảng văn , Nhẹ nhàng , Nhiều CP , Dưỡng thành , Trò chơi , Thế giới song song , Thị giác nữ chủ , Triệu hoán lưu , Fate , Vô địch lưu , Xuyên thành vai chính",Hoàn thành,69103,693,80,83,https://wikicv.net/truyen/tro-thanh-ma-phap-thieu-nu-ta-chi-nghi-l-Xm0HLzzLchARHsei
"Nhân loại, ta tà ác sao?",Bất Phôi,"Diễn sinh , Bách hợp , Cổ đại , Cận đại , Hiện đại , OE , Tình cảm , Manga anime , Xuyên việt , Ma pháp , Thần tiên yêu quái , NP , Thế giới song song , Thị giác nữ chủ , Vô địch lưu , Lữ hành , Genshin , Honkai",Hoàn thành,69043,2267,57,227,https://wikicv.net/truyen/nhan-loai-ta-ta-ac-sao-YhISlzzLcnZg8qdB
"Ta ở trường sinh thêm chút tu tiên, đạo hữu như thế nào ứng đối",Nịnh Mông Trà Toan Nhã!,"Nguyên sang , Bách hợp , Cổ đại , HE , Tình cảm , Tiên hiệp , Huyền huyễn , Tu chân , Hệ thống , Chủ công , Nam biến nữ , NP , Sảng văn , Thị giác nữ chủ",Hoàn thành,68987,1312,26,344,https://wikicv.net/truyen/ta-o-truong-sinh-them-chut-tu-tien-dao-h-ZuamsFS4CBb4pLWc
"Đừng truy ta, không kết quả",Nhiệt Đáo Hôn Quyết,"Nguyên sang , Bách hợp , Hiện đại , HE , Tình cảm , Ngọt văn , Hào môn thế gia , Giới giải trí , Chủ thụ , Khế ước tình nhân , Nhẹ nhàng , Đô thị tình duyên , Cận thủy lâu đài , Duyên trời tác hợp , Ngược tra , 1v1",Hoàn thành,68953,951,27,548,https://wikicv.net/truyen/dung-truy-ta-khong-ket-qua-XuXam1S4CEkMba4N
Phân cách,Hiểu Bạo,"Nguyên sang , Bách hợp , Hiện đại , HE , Tình cảm , Nhiều CP , Đô thị tình duyên",Hoàn thành,68896,152,2,48,https://wikicv.net/truyen/phan-cach-X%7E2UOjzLck4TANxw
Vì mạng sống không thể không cùng nữ chủ yêu đương,Mỹ Dương Dương Công Chủ Điện Hạ,"Nguyên sang , Bách hợp , Hiện đại , HE , Tình cảm , Hào môn thế gia , Nữ phụ , Giới giải trí , Chủ thụ , Hài hước , Kim bài đề cử 🥇 , 1v1",Hoàn thành,68772,1106,26,307,https://wikicv.net/truyen/vi-mang-song-khong-the-khong-cung-nu-chu-XgQafVS4CFWSHMIf
Ác độc nữ xứng mang cầu chạy,Từ Hiết,"Nguyên sang , Bách hợp , Hiện đại , HE , Tình cảm , Ngọt văn , Xuyên thư , Sinh con , Hào môn thế gia , Chủ thụ , Nhẹ nhàng , Hài hước , Xuyên thành vai ác , Nghịch tập",Hoàn thành,68766,321,23,95,https://wikicv.net/truyen/ac-doc-nu-xung-mang-cau-chay-XRThGTzLckbmKK41
Công lược giả vai ác [ xuyên nhanh ],Tửu Oa Động Nhân,"Nguyên sang , Bách hợp , Cổ đại , Hiện đại , HE , Tình cảm , Xuyên việt , Ngọt văn , Hệ thống , Xuyên nhanh , Nhẹ nhàng , Hỗ công , 1v1",Hoàn thành,68707,1147,6,316,https://wikicv.net/truyen/cong-luoc-gia-vai-ac-xuyen-nhanh-XyatblS4CDWUMxQL
Thần quái văn quan đế Boss lại là lão bà của ta,Phong Thính Lan,"Nguyên sang , Bách hợp , Hiện đại , HE , Tình cảm , Kinh dị , Làm ruộng , Xuyên thư , Chủ công , Duyên trời tác hợp , Kim Bảng 🏆 , 1v1 , NPC",Hoàn thành,68501,2137,46,609,https://wikicv.net/truyen/than-quai-van-quan-de-boss-lai-la-lao-ba-Y%7E%7Ex51S4CFh%7EWfKv
Đấu la chi ta biến thành Thiên Nhận Tuyết võ hồn,Anh Hoa Tưởng Kiến ni,"Diễn sinh , Bách hợp , Cổ đại , OE , Huyền huyễn , Xuyên việt , Nam biến nữ , Thị giác nữ chủ , Đấu La đại lục , Đấu phá thương khung",Chưa xác minh,68464,972,12,126,https://wikicv.net/truyen/dau-la-chi-ta-bien-thanh-thien-nhan-tuye-YSXA9FS4CAeRs%7EjK
Kim bài biên kịch thế giới cải tạo kế hoạch [ xuyên nhanh ],Mặc Nhiễm Trà Hương,"Nguyên sang , Bách hợp , Cổ đại , Hiện đại , Tương lai , HE , Tình cảm , Tiên hiệp , Báo thù , Tu chân , Hệ thống , Xuyên nhanh , Vườn trường , Nhẹ nhàng , Đô thị tình duyên , Ngược tra , Vả mặt",Hoàn thành,68354,1468,28,552,https://wikicv.net/truyen/kim-bai-bien-kich-the-gioi-cai-tao-ke-ho-XvMSNTu26zGGR_5_
Khó chơi,Ngư Sương,"Nguyên sang , Bách hợp , Hiện đại , HE , Tình cảm , Ngọt văn , Chủ thụ , Nhẹ nhàng , Phát sóng trực tiếp , Đô thị tình duyên , Ngược tra , 1v1 , Thị giác nữ chủ",Hoàn thành,68316,1148,13,124,https://wikicv.net/truyen/kho-choi-YYg8v1S4CD2Jg8U5
Lão bà là tra A văn đại lão nữ chủ,Tiếu Lam,"Nguyên sang , Bách hợp , Cổ đại , HE , Tình cảm , Làm ruộng , Ngọt văn , Trọng sinh , Xuyên thư , Chủ công , ABO , Nhẹ nhàng",Hoàn thành,68290,257,13,72,https://wikicv.net/truyen/lao-ba-la-tra-a-van-dai-lao-nu-chu-ZR425Tu263l7U%7EBz
Alice con rối không phải Gundam,Lưu Li Tương,"Diễn sinh , Bách hợp , Cổ đại , Cận đại , Hiện đại , OE , Manga anime , Xuyên việt , Ma pháp , Thần tiên yêu quái , Vô hạn lưu , Thế giới song song , Thị giác nữ chủ , Vô địch lưu , Lữ hành",Tạm ngưng,68266,3857,39,1160,https://wikicv.net/truyen/alice-con-roi-khong-phai-gundam-YrCKlzzLclYuv_EC
Tử Sĩ-chan cảm thấy dạng này không ổn,Ám Chi Ma Thần,"Diễn sinh , Bách hợp , Cổ đại , Hiện đại , HE , Manga anime , Xuyên việt , Ma pháp , Hệ thống , Nam biến nữ , NP , Thần thoại , Vị diện , Vô hạn lưu , Thăng cấp lưu , Nhẹ nhàng , Nhiều CP , Hài hước , Duyên trời tác hợp , Người qua đường , Thế giới song song , Linh dị thần quái , Thị giác nữ chủ , Triệu hoán lưu , Đàn xuyên , Lữ hành , Xuyên game , Honkai",Tạm ngưng,67914,589,47,108,https://wikicv.net/truyen/tu-si-chan-cam-thay-dang-nay-khong-on-YHQNJ1S4CBttd_aF
Luôn có lão sư muốn thỉnh gia trưởng,Cảnh Ngô,"Nguyên sang , Bách hợp , Hiện đại , HE , Tình cảm , Nhẹ nhàng , Hỗ công , Đô thị tình duyên , Duyên trời tác hợp , 1v1",Hoàn thành,67805,447,8,394,https://wikicv.net/truyen/luon-co-lao-su-muon-thinh-gia-truong-Xjue61S4CBBpFvs0
Xuyên đến gương sau thành nàng bảo hộ thần tiểu thư,Ba La Lao Phạn,"Nguyên sang , Bách hợp , Hiện đại , HE , Tình cảm , Xuyên việt , Ngọt văn , Hào môn thế gia , Chủ thụ , Nhẹ nhàng",Hoàn thành,67622,1919,38,289,https://wikicv.net/truyen/xuyen-den-guong-sau-thanh-nang-bao-ho-th-YEN5eGHe7BbeVboo
Làm nam chủ tiểu cô cô hoài nhãi con sau,Tái Lai Lưỡng Đàn Tửu,"Nguyên sang , Bách hợp , Hiện đại , HE , Tình cảm , Xuyên thư , Sinh con , ABO , Nhẹ nhàng",Hoàn thành,67370,584,7,107,https://wikicv.net/truyen/lam-nam-chu-tieu-co-co-hoai-nhai-con-sau-aBDax1S4CHA09y%7En
Mạnh nhất ngự thú sư ( xuyên qua ),Nhạn Quá Ngô Ngân,"Nguyên sang , Bách hợp , Cổ đại , HE , Tình cảm , Sinh con , Cường cường , Thăng cấp lưu , Chủ thụ , Sảng văn , Nhẹ nhàng",Hoàn thành,67305,1269,22,385,https://wikicv.net/truyen/manh-nhat-ngu-thu-su-xuyen-qua-Xsym3jzLcnvJ84rS
Xuyên thành cổ đại ngu hiếu văn tra A,Lạc Tiểu Phái,"Nguyên sang , Bách hợp , Cổ đại , HE , Tình cảm , Ngọt văn , Xuyên thư , Chủ công , ABO , Sảng văn , Nhẹ nhàng , Vả mặt",Hoàn thành,66929,372,8,86,https://wikicv.net/truyen/xuyen-thanh-co-dai-ngu-hieu-van-tra-a-ZXtxHlS4CE8G4bL%7E
Toàn thế giới đều đang đợi ngươi tâm động,Tố Tây,"Nguyên sang , Bách hợp , Hiện đại , HE , Tình cảm , Ngọt văn , Hắc bang , Giới giải trí , Cường cường , Song hướng yêu thầm , Chủ thụ , Nhẹ nhàng , Đô thị tình duyên , Kim bài đề cử 🥇 , 1v1 , Chậm nhiệt",Hoàn thành,66614,382,19,93,https://wikicv.net/truyen/toan-the-gioi-deu-dang-doi-nguoi-tam-don-XwmtgEbIjjE95HSB
Nữ xứng có bệnh ( xuyên nhanh ),Quan Tây Chử,"Nguyên sang , Bách hợp , Cổ đại , Hiện đại , HE , OE , Tình cảm , Báo thù , Xuyên nhanh , Sảng văn , Nhẹ nhàng , Hỗ công , Kim bài đề cử 🥇 , Ngược tra",Hoàn thành,66562,866,32,242,https://wikicv.net/truyen/nu-xung-co-benh-xuyen-nhanh-XoV4SFS4CBf9twPA
Nhất kiếm lăng hàn gl,JQ Vạn Niên Khanh,"Nguyên sang , Bách hợp , Cổ đại , HE , Tình cảm , Tiên hiệp , Xuyên việt , Ngọt văn , Sinh con , Chủ công , Cải trang giả dạng , Kim bài đề cử 🥇",Hoàn thành,66373,542,6,259,https://wikicv.net/truyen/nhat-kiem-lang-han-gl-X%7ESD8jzLcmnuocZz
"Thân hoạn bệnh nan y, ta trở thành nghiên cứu khoa học nữ thần",Hải Đường Vô Hương,"Nguyên sang , Bách hợp , Hiện đại , HE , Tình cảm , Khoa học viễn tưởng , Sinh tồn , Xuyên việt , Hệ thống , Nam biến nữ , Thanh mai trúc mã , Thế giới song song , 1v1 , Thị giác nữ chủ , Học bá",Hoàn thành,66360,1003,14,185,https://wikicv.net/truyen/than-hoan-benh-nan-y-ta-tro-thanh-nghien-Yx4vYvTaEEZZyMdk
Giới giải trí nữ võ thế [ cổ xuyên kim ],Hoa Sinh Tô Đường,"Nguyên sang , Bách hợp , Hiện đại , HE , Tình cảm , Xuyên việt , Cổ xuyên kim , Chủ công , Giới giải trí",Hoàn thành,66063,1016,18,307,https://wikicv.net/truyen/gioi-giai-tri-nu-vo-the-co-xuyen-kim-W31tWlS4CAuG1Y54
Cùng nhà tư sản đại lão ẩn hôn sau gl[ giới giải trí ],Hà Cô,"Nguyên sang , Bách hợp , Hiện đại , HE , Tình cảm , Ngọt văn , Giới giải trí , Chủ thụ , Nhẹ nhàng , Nghịch tập , Vả mặt , 1v1",Hoàn thành,65839,892,12,286,https://wikicv.net/truyen/cung-nha-tu-san-dai-lao-an-hon-sau-gl-gi-XgCy31S4CFrvBlaY
Liêu nam chủ hậu cung,Lâu Phi Bạch,"Nguyên sang , Bách hợp , Cổ đại , HE , Tình cảm , Tiên hiệp , Tu chân , Niên hạ , Xuyên thư , Chủ công , Thăng cấp lưu , Kim bài đề cử 🥇 , Chậm nhiệt",Hoàn thành,65836,1344,24,152,https://wikicv.net/truyen/lieu-nam-chu-hau-cung-YPL0UVS4CBv_lzNX
Cốt truyện tựa hồ không đúng chỗ nào [ mạt thế ],Thuần Sắc Bàn Thứ,"Nguyên sang , Bách hợp , Hiện đại , HE , Tình cảm , Mạt thế , Dị năng , Ngọt văn , Trọng sinh , Tùy thân không gian , Xuyên thư , Chủ thụ",Hoàn thành,65683,589,4,133,https://wikicv.net/truyen/cot-truyen-tua-ho-khong-dung-cho-nao-mat-WFe7lnCVfB%7EWrqkV
Xuyên thành tu tiên văn giả thiên kim,Lạc Tiểu Phái,"Nguyên sang , Bách hợp , Cổ đại , HE , Tình cảm , Huyền huyễn , Tu chân , Ngọt văn , Xuyên thư , Chủ công , Cường cường , Sảng văn , Ngược tra , Vả mặt",Hoàn thành,65478,977,15,241,https://wikicv.net/truyen/xuyen-thanh-tu-tien-van-gia-thien-kim-YIXnBlS4CFbZS9hZ
Xuyên thành tra A sau đem vai ác đánh dấu,Tứ Quý Vô Ưu,"Nguyên sang , Bách hợp , Hiện đại , HE , Tình cảm , Xuyên thư , Sinh con , ABO , Giới giải trí , Cường cường , Nhẹ nhàng",Hoàn thành,65377,1108,26,375,https://wikicv.net/truyen/xuyen-thanh-tra-a-sau-dem-vai-ac-danh-da-YqiE7lS4CAM22_h0
Bị bắt cùng vai ác ẩn hôn sau có oa [ xuyên thư ],Sơ Hựu Hựu,"Nguyên sang , Bách hợp , Tương lai , HE , Tình cảm , Ngọt văn , Xuyên thư , Sinh con , Nữ phụ , Giới giải trí , Chủ thụ , Nhẹ nhàng",Hoàn thành,65234,1058,4,379,https://wikicv.net/truyen/bi-bat-cung-vai-ac-an-hon-sau-co-oa-xuye-Xuz%7EMGHe7Hq2O4m1
Hắc liên hoa đoạt đi rồi bạch nguyệt quang [ trọng sinh ],Phi Phi,"Nguyên sang , Bách hợp , Cổ đại , HE , Tình cảm , Tiên hiệp , Huyền huyễn , Tu chân , Trọng sinh , Xuyên thư , Nữ phụ , Chủ thụ , Nhẹ nhàng",Hoàn thành,65086,623,12,206,https://wikicv.net/truyen/hac-lien-hoa-doat-di-roi-bach-nguyet-qua-Xqv2X2He7HgOHbJ2
Lâm thị lang cố,Huyền Tiên,"Nguyên sang , Bách hợp , Hiện đại , HE , Tình cảm , Ngọt văn , Gương vỡ lại lành , Cường cường , Khế ước tình nhân , Thanh thủy văn , Hài hước , Ấm áp , Duyên trời tác hợp",Hoàn thành,65010,26,7,2,https://wikicv.net/truyen/lam-thi-lang-co-XMUjXEbIjknNGnqO
Xuyên thành tàn tật đại lão vai ác tra thê,Lý Tư Nặc,"Nguyên sang , Bách hợp , Hiện đại , HE , Tình cảm , Xuyên thư , Chủ công , Cưới trước yêu sau , Chữa lành , Chức nghiệp tinh anh",Hoàn thành,65003,178,14,81,https://wikicv.net/truyen/xuyen-thanh-tan-tat-dai-lao-vai-ac-tra-t-ZXtxiFS4CBs6AGSs
Together [HP],tea Mạt,"Diễn sinh , Bách hợp , Hiện đại , HE ,
                     , Harry Potter , Tây huyễn",Hoàn thành,64974,241,1,83,https://wikicv.net/truyen/together-hp-WvjgOu8h7CutuOsx
Manh manh Sơn Hải Kinh sửa văn bách hợp bản,Phì Diện Bao,"Diễn sinh , Bách hợp , Cổ đại , HE , Tiên hiệp , Huyền huyễn , Tu chân , NP , Thăng cấp lưu , Thị giác nữ chủ",Hoàn thành,64799,3095,28,714,https://wikicv.net/truyen/manh-manh-son-hai-kinh-sua-van-bach-hop--X1uwz2He7FMVRgQn
Honkai thế giới chi ta thật không phải Kallen,Nhị Thứ Nguyên の Sang Thế Kỷ,"Diễn sinh , Bách hợp , Hiện đại , HE , Manga anime , Xuyên việt , Dị năng , Nam biến nữ , NP , Thăng cấp lưu , Nhẹ nhàng , Hài hước , Duyên trời tác hợp , Thế giới song song , Thị giác nữ chủ , Vô địch lưu",Hoàn thành,64661,484,23,154,https://wikicv.net/truyen/honkai-the-gioi-chi-ta-that-khong-phai-k-YID%7EEEbIjm_edzq9
"Ta bắt chước nhân sinh, thế nhưng cho hấp thụ ánh sáng?",Đông Miên Đích Thính Phong Thạch,"Diễn sinh , Bách hợp , Hiện đại , OE , Tình cảm , Manga anime , Khoa học viễn tưởng , Làm ruộng , Xây dựng , Sinh tồn , Xuyên việt , Ma pháp , Hệ thống , Nam biến nữ , Thần thoại , Vô hạn lưu , Sảng văn , Thế giới song song , Thị giác nữ chủ , Fate , Vô địch lưu , Kanmusu , Genshin , Honkai",Hoàn thành,64573,1007,39,155,https://wikicv.net/truyen/ta-bat-chuoc-nhan-sinh-the-nhung-cho-hap-YsoZgju26wGbRuxY
Azeroth tân trật tự,Tưởng Tĩnh Tĩnh Đích Đốn Hà,"Diễn sinh , Bách hợp , Cận đại , HE , Huyền huyễn , Huyền học , Xuyên việt , Ma pháp , Làm giàu , Nam biến nữ , Huyết tộc , Thần thoại , Tây huyễn , Linh dị thần quái , Triệu hoán lưu , World of Warcraft",Hoàn thành,64478,7851,29,6171,https://wikicv.net/truyen/azeroth-tan-trat-tu-XYuANlS4CEI8rpFP
Bị trà nghệ vai ác theo dõi sau [ xuyên nhanh ],Tiền Tây Tử,"Nguyên sang , Bách hợp , Cổ đại , Hiện đại , HE , Tình cảm , Hệ thống , Xuyên nhanh , Xuyên thư , Nữ phụ , Chủ thụ , Nhẹ nhàng , Kim bài đề cử 🥇",Hoàn thành,64398,1345,25,411,https://wikicv.net/truyen/bi-tra-nghe-vai-ac-theo-doi-sau-xuyen-nh-YMIuwFS4CBBZT3R6
Xuyên vì cổ đại chạy nạn văn tra A,Lạc Tiểu Phái,"Nguyên sang , Bách hợp , Cổ đại , HE , Tình cảm , Xuyên nhanh , Tùy thân không gian , ABO",Hoàn thành,64320,781,12,53,https://wikicv.net/truyen/xuyen-vi-co-dai-chay-nan-van-tra-a-aB4oG1S4CD6xJMLL
Từ lãnh cung công chúa đến Thiên Đình nữ đế,Bất Ái Cật Hàm Thái,"Nguyên sang , Bách hợp , Cổ đại , HE , Tình cảm , Huyền huyễn , Sinh tồn , Tu chân , Xuyên việt , Hệ thống , Thần tiên yêu quái , NP , Sảng văn , Thế giới song song , Thị giác nữ chủ , Vô địch lưu , Lữ hành",Hoàn thành,63978,1121,33,141,https://wikicv.net/truyen/tu-lanh-cung-cong-chua-den-thien-dinh-nu-Yuu8WzzLcnXrfpWq
"Ta, Kiriko, beater",Duyên Hạ,"Diễn sinh , Bách hợp , Cổ đại , Cận đại , Hiện đại , HE , Manga anime , Xuyên việt , Ma pháp , Hệ thống , Nam biến nữ , Thần thoại , Vị diện , Vô hạn lưu , Sảng văn , Nhẹ nhàng , Nhiều CP , Hài hước , Ấm áp , Thế giới song song , Thị giác nữ chủ , Triệu hoán lưu , Fate , Vô địch lưu , Đàn xuyên",Hoàn thành,63972,585,59,120,https://wikicv.net/truyen/ta-kiriko-beater-X9b5plS4CED61Q7l
Hệ thống cho ta phát đối tượng [ mạt thế ],Phương Tiện Diện Quân,"Nguyên sang , Bách hợp , Hiện đại , HE , Tình cảm , Mạt thế , Sinh tồn , Hệ thống , Chủ công , Thăng cấp lưu , Nhẹ nhàng , 1v1",Hoàn thành,63912,2297,20,567,https://wikicv.net/truyen/he-thong-cho-ta-phat-doi-tuong-mat-the-Xtc2QTzLcnUQQAbt
Scathach chung cực chi lộ,A Trạch ZYX,"Diễn sinh , Bách hợp , Cổ đại , Cận đại , Hiện đại , OE , Tình cảm , Manga anime , Khoa học viễn tưởng , Xuyên việt , Ma pháp , Hệ thống , NP , Thần thoại , Vô hạn lưu , Chủ thụ , Sảng văn , Thiên chi kiêu tử , Siêu anh hùng , Duyên trời tác hợp , Thế giới song song , Phim Anh Mỹ , Thị giác nữ chủ , Fate , Vô địch lưu , Marvel , Lữ hành",Tạm ngưng,63870,1602,52,349,https://wikicv.net/truyen/scathach-chung-cuc-chi-lo-YikCAzu26zigZFlm
Lầm đánh dấu tiền nhiệm đại lão tỷ tỷ sau,Tiếu Lam,"Nguyên sang , Bách hợp , Hiện đại , HE , Tình cảm , Ngọt văn , Niên hạ , Chủ công , Hào môn thế gia , ABO , Cưới trước yêu sau , Kim Bảng 🏆 , 1v1",Hoàn thành,63770,346,21,203,https://wikicv.net/truyen/lam-danh-dau-tien-nhiem-dai-lao-ty-ty-sa-ZVnU3lS4CFDRVfFh
"Đừng bẻ, ta chính mình tự cong [Mau xuyên]",Hề Mộc Tiêu Tiêu,"Nguyên sang , Bách hợp , Cổ đại , Cận đại , Hiện đại , HE , Tình cảm , Võ hiệp , Tiên hiệp , Hệ thống , Xuyên nhanh , Xuyên thư , Sảng văn , Nhẹ nhàng , Hỗ công , Hài hước , Ấm áp , Ngược tra",Hoàn thành,63656,706,12,332,https://wikicv.net/truyen/dung-be-ta-chinh-minh-tu-cong-mau-xuyen-XIp2VmHe7EtRuQhs
Cùng cao lãnh chi hoa làm ruộng dưỡng oa đánh thiên hạ / Hệ thống chi nông nữ xoay người truy thê ký,Đại Miêu Truy Nguyệt,"Nguyên sang , Bách hợp , Cổ đại , HE , Tình cảm , Làm ruộng , Hệ thống , Sảng văn , Hỗ công , Nghịch tập , 1v1 , Dưỡng oa",Hoàn thành,63536,1243,18,249,https://wikicv.net/truyen/cung-cao-lanh-chi-hoa-lam-ruong-duong-oa-Zogm3kbIji0cAxcj
"Ta, bạch xà, hóa rồng trung, chớ quấy rầy",Ngải Lị Sâm,"Nguyên sang , Bách hợp , Cổ đại , OE , Huyền huyễn , Tu chân , Xuyên việt , Dị năng , Thần tiên yêu quái , Thị giác nữ chủ , Chậm nhiệt",Tạm ngưng,63277,1916,11,227,https://wikicv.net/truyen/ta-bach-xa-hoa-rong-trung-cho-quay-ray-YikM2zzLchtmxlO2
Cửu biệt gặp lại [ trọng sinh ],An Tiêu Tô Tô,"Nguyên sang , Bách hợp , Hiện đại , HE , Tình cảm , Ngọt văn , Trọng sinh , Gương vỡ lại lành , Giới giải trí , Nhẹ nhàng",Hoàn thành,63089,1243,8,349,https://wikicv.net/truyen/cuu-biet-gap-lai-trong-sinh-XRibcjzLcj3YFO3V
Yae Sakura Nhật Bản Chiến quốc chi lữ,Nhất Tích Thủy A,"Diễn sinh , Bách hợp , Cổ đại , HE , Manga anime , Huyền huyễn , Phim ảnh , Dị thế , NP , Sảng văn",Hoàn thành,62842,644,10,35,https://wikicv.net/truyen/yae-sakura-nhat-ban-chien-quoc-chi-lu-Wo6hK%7E8h7Ega7%7EHY
Xinh đẹp nữ xứng GL,Thẩm Nhật Thập,"Nguyên sang , Bách hợp , Hiện đại , HE , Tình cảm , Xuyên nhanh , Chủ công , Nữ phụ",Hoàn thành,62652,467,31,225,https://wikicv.net/truyen/xinh-dep-nu-xung-gl-XJ5Q91S4CBem37D9
Đối A? Nếu không khởi! [ xuyên thư ],Hoàn toàn có thể! Cho ta cắn!,"Nguyên sang , Bách hợp , Hiện đại , HE , Tình cảm , Ngọt văn , Xuyên thư , Chủ công , ABO , Giới giải trí , Cường cường , Nhẹ nhàng",Hoàn thành,62517,1599,29,203,https://wikicv.net/truyen/doi-a-neu-khong-khoi-xuyen-thu-YysFLfTaEF4FHhVp
Cõng vai chính cuốn sống cuốn chết,Bạch Xuyên Giới Tử,"Nguyên sang , Bách hợp , Hiện đại , HE , Tình cảm , Hệ thống , Xuyên nhanh , Cường cường , Chủ thụ , Nhẹ nhàng",Hoàn thành,62438,2561,18,192,https://wikicv.net/truyen/cong-vai-chinh-cuon-song-cuon-chet-ZX3L3FS4CGyu78Ov
[ xuyên nhanh ] Nữ chủ cả ngày cùng ta bách niên hảo hợp,Lý Thu Lang,"Nguyên sang , Bách hợp , Hiện đại , HE , Tình cảm , Ngọt văn , Trọng sinh , Xuyên nhanh , Xuyên thư , Nữ phụ , Chủ thụ , Nhẹ nhàng , Kiếp trước kiếp này , Kim bài đề cử 🥇 , 1v1",Hoàn thành,62386,548,9,186,https://wikicv.net/truyen/xuyen-nhanh-nu-chu-ca-ngay-cung-ta-bach--XYiP_VS4CAoTs4%7Et
"Nữ chủ tỉnh tỉnh, ngươi là nam chủ",Tiết Nính,"Nguyên sang , Bách hợp , Hiện đại , HE , Tình cảm , Ngọt văn , Hệ thống , Xuyên nhanh , Chủ thụ , Nhẹ nhàng",Hoàn thành,62312,881,21,381,https://wikicv.net/truyen/nu-chu-tinh-tinh-nguoi-la-nam-chu-XgGEYVS4CEKIfWGe
Nữ đồ tể cùng tiểu kiều nương,Đại Miêu Truy Nguyệt,"Nguyên sang , Bách hợp , Cổ đại , HE , Tình cảm , Làm ruộng , Ngọt văn , Mỹ thực , Nhẹ nhàng , Hỗ công , Bình dân sinh hoạt",Hoàn thành,62233,537,10,277,https://wikicv.net/truyen/nu-do-te-cung-tieu-kieu-nuong-YJ2n1VS4CHSeJzYR
Từ Kimetsu no Yaiba bắt đầu Rengoku chi nữ,Thỏ Thỏ,"Diễn sinh , Bách hợp , Cận đại , Hiện đại , OE , Tình cảm , Manga anime , Xuyên việt , Dị năng , Nam biến nữ , Thị giác nữ chủ , Kimetsu no Yaiba",Tạm ngưng,62215,1364,66,171,https://wikicv.net/truyen/tu-kimetsu-no-yaiba-bat-dau-rengoku-chi--YPGXqzzLckSPcyQU
Xuyên thư: Nữ chủ nàng một hai phải khi ta sư tôn,Lũ Ngọc Tài Băng,"Nguyên sang , Bách hợp , Cổ đại , HE , Tình cảm , Tiên hiệp , Huyền huyễn , Tu chân , Ngọt văn , Trọng sinh , Xuyên thư , Nhẹ nhàng , Hỗ công , Kiếp trước kiếp này , Kim bài đề cử 🥇 , Ngân bài đề cử 🥈 , Linh dị thần quái , 1v1",Hoàn thành,62213,681,16,424,https://wikicv.net/truyen/xuyen-thu-nu-chu-nang-mot-hai-phai-khi-t-YgYI_FS4CB10Vmth
"Chết trốn sau, nữ chủ vì ta nhập ma",Nhân Gian Điềm Chanh,"Nguyên sang , Bách hợp , Cổ đại , HE , Tình cảm , Tiên hiệp , Huyền huyễn , Báo thù , Tu chân , Hệ thống , Song khiết 🕊️ , Xuyên thư , Cường cường , Chủ thụ , Kiếp trước kiếp này , Thiên chi kiêu tử , Xuyên thành vai ác , Ngược tra , Tương ái tương sát , 1v1 , Qua lại thời không",Hoàn thành,62177,1006,40,428,https://wikicv.net/truyen/chet-tron-sau-nu-chu-vi-ta-nhap-ma-YvNF11S4CFN312e1
Sáng thế thần Tiamat Overlord hành trình,Hương Hạ Ngưng,"Diễn sinh , Bách hợp , Hiện đại , HE , Manga anime , Võng du , Xuyên việt , Thị giác nữ chủ",Hoàn thành,62136,883,37,273,https://wikicv.net/truyen/sang-the-than-tiamat-overlord-hanh-trinh-XqWBbju26zoGOyqV
Ta trói định diệt thế đại BOSS,Hoa Nhạ Trần,"Nguyên sang , Bách hợp , Hiện đại , HE , Tình cảm , Sinh tồn , Dị thế , Xuyên việt , Dị năng , Hệ thống , Thần tiên yêu quái , Thăng cấp lưu , Đô thị tình duyên , 1v1 , Thị giác nữ chủ",Hoàn thành,62133,2574,11,235,https://wikicv.net/truyen/ta-troi-dinh-diet-the-dai-boss-ZGcjmmHe7BdMNVXz
Xuyên thành nữ chủ số một tình địch sau,Thị Miên,"Nguyên sang , Bách hợp , Hiện đại , HE , Tình cảm , Xuyên thư , Chủ công , Nữ phụ , Vườn trường , Sảng văn , Nhẹ nhàng",Hoàn thành,62131,721,15,153,https://wikicv.net/truyen/xuyen-thanh-nu-chu-so-mot-tinh-dich-sau-X3yTbmHe7A2CQAs6
Nguyên thần: Ta chuyển sinh thành Ellin,Li Li Li,"Diễn sinh , Bách hợp , Cổ đại , OE , Tình cảm , Võng du , Xuyên việt , Ma pháp , Trọng sinh , Hệ thống , Thần tiên yêu quái , Nam biến nữ , NP , Thăng cấp lưu , Thế giới song song , Mary Sue , Thị giác nữ chủ , Lữ hành , Genshin",Hoàn thành,62114,1432,19,129,https://wikicv.net/truyen/nguyen-than-ta-chuyen-sinh-thanh-ellin-YoRnFjzLcjUM5chj
Cắt đứt nam chủ kia viên tiểu miêu! [ xuyên nhanh ],Thương Dực Chi Lang,"Nguyên sang , Bách hợp , Cổ đại , Hiện đại , Tương lai , HE , Tình cảm , Ngọt văn , Hệ thống , Xuyên nhanh , Xuyên thư , Nhẹ nhàng , Hỗ công , Hài hước , Ngược tra , Vả mặt , 1v1",Hoàn thành,62002,839,25,337,https://wikicv.net/truyen/cat-dut-nam-chu-kia-vien-tieu-mieu-xuyen-XXpApju26wEzA%7ECF
"Yuzu tiểu thư, từ luyến ái dưỡng thành trò chơi bắt đầu",Thiếu Nữ Luyến Thượng Tỷ Tỷ,"Nguyên sang , Bách hợp , Hiện đại , OE , Tình cảm , Trọng sinh , Vườn trường , NP , Thị giác nữ chủ",Hoàn thành,61981,2219,55,438,https://wikicv.net/truyen/yuzu-tieu-thu-tu-luyen-ai-duong-thanh-tr-Ytqnbju263%7EitON6
Ma nữ lại có cái gì ý xấu,Vân Kiến Nguyệt,"Nguyên sang , Bách hợp , Cổ đại , Cận đại , Hiện đại , OE , Tình cảm , Ma pháp , Thị giác nữ chủ , Cthulhu , Chữa lành",Hoàn thành,61956,1593,39,627,https://wikicv.net/truyen/ma-nu-lai-co-cai-gi-y-xau-YQ6OKju26z5xExUe
Xuyên thư chi nữ chủ nàng OOC rồi,Đường Hồ Lô Lưỡng Nguyên Nhất Xuyến,"Nguyên sang , Bách hợp , Cổ đại , HE , Tình cảm , Tiên hiệp , Tu chân , Ngọt văn , Xuyên thư , Nữ phụ , Chủ thụ , Nhẹ nhàng",Hoàn thành,61883,1630,9,491,https://wikicv.net/truyen/xuyen-thu-chi-nu-chu-nang-ooc-roi-Yakgz0bIjhwqXgXQ
Mau xuyên: Đương vai ác xuyên thành ngược văn nữ chủ,Trinh Thiên,"Nguyên sang , Bách hợp , Cổ đại , Hiện đại , HE , Tình cảm , Xuyên việt , Ngọt văn , Xuyên nhanh , Sảng văn , Kim bài đề cử 🥇 , Nữ cường , 1v1",Hoàn thành,61800,789,23,173,https://wikicv.net/truyen/mau-xuyen-duong-vai-ac-xuyen-thanh-nguoc-WvJcWDu261txuQkh
Ngươi giống như ta nhãi con mẹ,Thiên Địa Giai Nhập Mộng,"Nguyên sang , Bách hợp , Hiện đại , HE , Tình cảm , Huyền học , Sinh con , Chủ công , Giới giải trí , Nhẹ nhàng , Linh dị thần quái , 1v1",Hoàn thành,61453,1254,16,189,https://wikicv.net/truyen/nguoi-giong-nhu-ta-nhai-con-me-Y5MiXVS4CFVhd7Q6
Cùng hồ yêu nhị đại phụng nhãi con lóe hôn,Tiếu Lam,"Nguyên sang , Bách hợp , Hiện đại , HE , Tình cảm , Ngọt văn , Niên hạ , Sinh con , Chủ công , Nhẹ nhàng , Kim bài đề cử 🥇 , Linh dị thần quái , 1v1",Hoàn thành,61348,381,8,189,https://wikicv.net/truyen/cung-ho-yeu-nhi-dai-phung-nhai-con-loe-h-XbbDXFS4CEZOa2J7
Lãng tử hồi đầu hệ thống [ xuyên nhanh ],Nha Tùng,"Nguyên sang , Bách hợp , Hiện đại , HE , Tình cảm , Ngọt văn , Hệ thống , Xuyên nhanh , Chủ thụ , Cải trang giả dạng , Pháo hôi , Duyên trời tác hợp , Nghịch tập , 1v1",Hoàn thành,61343,1225,33,297,https://wikicv.net/truyen/lang-tu-hoi-dau-he-thong-xuyen-nhanh-XlfSdWHe7FqYu8QS
Khảo vấn quan tiểu thư chỉ nghĩ sờ cá,Tốc Đống Ngọc Mễ,"Nguyên sang , Bách hợp , Cổ đại , OE ,
                     , Dị thế , Ma pháp , NP , Nhẹ nhàng , Hài hước , Tây huyễn , Phương Tây , Thị giác nữ chủ",Còn tiếp,61193,2211,45,286,https://wikicv.net/truyen/khao-van-quan-tieu-thu-chi-nghi-so-ca-YPPlzjzLckpiB%7EI4
Vào nhầm hôn đồ [ giới giải trí ],Tiểu Tiểu Tiểu Tiểu Ô Quy,"Nguyên sang , Bách hợp , Hiện đại , HE , Tình cảm , Ngọt văn , Giới giải trí , Chủ thụ , Sảng văn , Kim bài đề cử 🥇 , Kim Bảng 🏆",Hoàn thành,61181,211,5,229,https://wikicv.net/truyen/vao-nham-hon-do-gioi-giai-tri-WyW7e%7E8h7Ae%7EuINA
Đại lão xuyên tiến ngược văn sau,Thất Thiên Chiết Hí,"Nguyên sang , Bách hợp , Cổ đại , HE , Tình cảm , Ngọt văn , Xuyên thư , Chủ công , Hào môn thế gia , Cung đình hầu tước , Sảng văn , 1v1 , Thị giác nữ chủ",Hoàn thành,61038,982,19,409,https://wikicv.net/truyen/dai-lao-xuyen-tien-nguoc-van-sau-YZ14eFS4CDxPEjJV
Xuyên thành ngược văn nữ chủ vai ác tình địch [ xuyên nhanh ],Yến Tam Tài,"Nguyên sang , Bách hợp , Cổ đại , HE , Tình cảm , Ngọt văn , Hệ thống , Song khiết 🕊️ , Xuyên nhanh , Xuyên thư , Chủ công , Nhẹ nhàng , 1v1",Hoàn thành,61014,1133,45,332,https://wikicv.net/truyen/xuyen-thanh-nguoc-van-nu-chu-vai-ac-tinh-YKc1V1S4CFs_1XuN
Xuyên thành làm ruộng trong sách tra A,Nhược Đào Lý,"Nguyên sang , Bách hợp , Cổ đại , HE , Tình cảm , Làm ruộng , Song khiết 🕊️ , Niên hạ , Xuyên thư , Chủ công , Duyên trời tác hợp , 1v1",Hoàn thành,61014,1088,10,432,https://wikicv.net/truyen/xuyen-thanh-lam-ruong-trong-sach-tra-a-YeIQlVS4CD1xygcZ
Phân hoá sau đánh dấu đối thủ một mất một còn,Cố Phùng Thâm Thu,"Nguyên sang , Bách hợp , Hiện đại , HE , Tình cảm , Ngọt văn , Chủ công , ABO , Vườn trường , Thanh mai trúc mã , Nhẹ nhàng",Hoàn thành,60971,362,8,162,https://wikicv.net/truyen/phan-hoa-sau-danh-dau-doi-thu-mot-mat-mo-YB2PHVS4CBfsgg1C
Ta đem bạch nguyệt quang ảnh hậu làm tới tay [ trọng sinh ],An Tiêu Tô Tô,"Nguyên sang , Bách hợp , Hiện đại , HE , Tình cảm , Ngọt văn , Trọng sinh , Giới giải trí , Nhẹ nhàng",Hoàn thành,60916,1064,8,406,https://wikicv.net/truyen/ta-dem-bach-nguyet-quang-anh-hau-lam-toi-XvMCXTu26xdzv11m
Sở liêu đối tượng tất cả đều hắc hóa như thế nào phá? [ mau xuyên ],Phàm Trần Mộ Phong,"Nguyên sang , Bách hợp , Cổ đại , Cận đại , Hiện đại , Tương lai , HE , Tình cảm , Xuyên việt , Ngọt văn , Hệ thống , Xuyên nhanh , Chủ thụ , Kim bài đề cử 🥇",Hoàn thành,60749,536,7,137,https://wikicv.net/truyen/so-lieu-doi-tuong-tat-ca-deu-hac-hoa-nhu-WKWxl3CVfAUj%7EBta
Alpha tiểu chó săn! ( xuyên thư ),Hàn Nha Tam Xá,"Nguyên sang , Bách hợp , Tương lai , HE , Tình cảm , Khoa học viễn tưởng , Song khiết 🕊️ , Niên hạ , Xuyên thư , Tinh tế , Cơ giáp , Chủ công , Hào môn thế gia , ABO , Cường cường , Sảng văn , 1v1",Chưa xác minh,60644,965,39,314,https://wikicv.net/truyen/alpha-tieu-cho-san-xuyen-thu-X9I0clS4CB8u8O9U
"Người ở Honkai, là đê tiện tha hương người",Tư Nặc,"Diễn sinh , Bách hợp , Hiện đại , OE , Tình cảm , Manga anime , Xuyên việt , Ma pháp , Chủ công , Thần thoại , Nhiều CP , Duyên trời tác hợp , Thế giới song song , 1v1 , Thị giác nữ chủ , Honkai",Hoàn thành,60254,1506,42,290,https://wikicv.net/truyen/nguoi-o-honkai-la-de-tien-tha-huong-nguo-YnkOuTzLchWH9DbR
Xuyên thành đoản mệnh pháo hôi nữ,Dã Toán Tiêu Dao,"Nguyên sang , Bách hợp , Cổ đại , HE , Tình cảm , Ngọt văn , Xuyên thư , Cung đình hầu tước , Sảng văn , Hài hước , Nữ cường , Vả mặt",Hoàn thành,60021,904,12,208,https://wikicv.net/truyen/xuyen-thanh-doan-menh-phao-hoi-nu-XoRCR1S4CEjcylI4
"Honkai 3 viêm luật, khai cục khiêu chiến tân viêm vĩnh châm",Ba Ba,"Diễn sinh , Bách hợp , Hiện đại , OE , Tình cảm , Manga anime , Nam biến nữ , Sảng văn , Thị giác nữ chủ , Chữa lành , Xuyên game , Honkai",Tạm ngưng,59991,762,79,89,https://wikicv.net/truyen/honkai-3-viem-luat-khai-cuc-khieu-chien--YUipWTzLclyEPO7%7E
[ Thần ấn vương tọa ] Đại phù chú sư,Mộc Lân Hề Ngẫu,"Diễn sinh , Bách hợp , Cổ đại , HE , Tình cảm , Huyền huyễn , Song khiết 🕊️ , Thăng cấp lưu , Tây huyễn , 1v1 , Thị giác nữ chủ",Hoàn thành,59900,699,38,245,https://wikicv.net/truyen/than-an-vuong-toa-dai-phu-chu-su-XxLbMju26wi_bbqd
Lực lượng 99999 nhưng là thánh nữ tu sĩ,Ái Lệ Ti Tiểu Tỷ Tỷ,"Nguyên sang , Bách hợp , Cổ đại , OE , Tình cảm , Dị thế , Xuyên việt , Ma pháp , Hệ thống , Thần tiên yêu quái , NP , Tây huyễn , Thị giác nữ chủ , Vô địch lưu , Lữ hành",Còn tiếp,59887,1625,58,204,https://wikicv.net/truyen/luc-luong-99999-nhung-la-thanh-nu-tu-si-ZIhJGmHe7EYiVOrA
Thập phần vừa ý ngươi GL,Thảo Tửu Đích Khiếu Hoa Tử,"Nguyên sang , Bách hợp , Hiện đại , HE , Tình cảm , Ngọt văn , Nhẹ nhàng , Hỗ công , Đô thị tình duyên , Cận thủy lâu đài , Ấm áp , 1v1",Hoàn thành,59785,527,4,340,https://wikicv.net/truyen/thap-phan-vua-y-nguoi-gl-XQzhVjzLcnOK_jtW
Hợp lâu chẳng phân biệt,Ngư Sương,"Nguyên sang , Bách hợp , Hiện đại , HE , Tình cảm , Ngọt văn , Sinh con , Cẩu huyết , Giới giải trí , Chủ thụ , Nhẹ nhàng , 1v1",Hoàn thành,59778,560,6,215,https://wikicv.net/truyen/hop-lau-chang-phan-biet-Xh9bwFS4CFehgedc
Trọng sinh thạch khí đi làm ruộng,Qua Bất Hàm,"Nguyên sang , Bách hợp , Cổ đại , HE , Tình cảm , Làm ruộng , Ngọt văn , Trọng sinh",Hoàn thành,59683,521,13,190,https://wikicv.net/truyen/trong-sinh-thach-khi-di-lam-ruong-W0sHl%7E8h7DvPpX40
Ký chủ lại đối nữ xứng động tâm [ xuyên nhanh ],Khương Trầm Dạng,"Nguyên sang , Bách hợp , Cổ đại , Hiện đại , Tương lai , HE , Tình cảm , Ngọt văn , Hệ thống , Xuyên nhanh , Chủ công , Sảng văn , Nhẹ nhàng , Ngược tra",Hoàn thành,59681,859,10,185,https://wikicv.net/truyen/ky-chu-lai-doi-nu-xung-dong-tam-xuyen-nh-XppskDzLcjO4PdIi
Ta tưởng một mình mỹ lệ [ xuyên nhanh ],Thất Thương Tế,"Nguyên sang , Bách hợp , Cổ đại , Hiện đại , HE , SE , Tình cảm , Xuyên nhanh , Xuyên thư , Nữ phụ , Ngược văn , Cường cường , Chủ thụ , Sảng văn , Kim bài đề cử 🥇 , 1v1",Hoàn thành,59635,980,107,308,https://wikicv.net/truyen/ta-tuong-mot-minh-my-le-xuyen-nhanh-Xj4oGFS4CGBiuz4M
Ta Omega vợ trước có điểm không thích hợp,Cáp Tử Bất Hội Cô Cô Cô,"Nguyên sang , Bách hợp , Hiện đại , HE , Tình cảm , Gương vỡ lại lành , Vườn trường , Nhẹ nhàng , Song trọng sinh",Hoàn thành,59449,637,10,107,https://wikicv.net/truyen/ta-omega-vo-truoc-co-diem-khong-thich-ho-X6zKHVS4CDm8l3te
Lamarck trò chơi,Nhạc Tiểu Vân,"Nguyên sang , Bách hợp , Hiện đại , OE , Tình cảm , Trinh thám , Khoa học viễn tưởng , Huyền huyễn , Tu chân , Ma pháp , Huyết tộc , Vô hạn lưu , Sảng văn , Nữ cường",Hoàn thành,59447,1588,38,345,https://wikicv.net/truyen/lamarck-tro-choi-XvHfpFS4CA6iFT7o
Nguyên soái phu nhân nàng mềm mại nhưng khinh,Công Thụ Kiêm Bị Tiểu Hùng Bảo,"Nguyên sang , Bách hợp , Tương lai , HE , Tình cảm , Khoa học viễn tưởng , Xuyên việt , Hệ thống , Tinh tế , Cường cường , Hỗ công , 1v1",Hoàn thành,59339,2117,16,216,https://wikicv.net/truyen/nguyen-soai-phu-nhan-nang-mem-mai-nhung--Y8DmuFS4CBerUtnW
Xuyên thành tượng nữ thần như thế nào phá,Trường Ngư Tức Mặc,"Nguyên sang , Bách hợp , Cổ đại , HE , Tình cảm , Xuyên việt , Cường cường , Thần thoại , Nhẹ nhàng , Hỗ công , Kiếp trước kiếp này , Tây huyễn , Cận thủy lâu đài , Duyên trời tác hợp , 1v1",Hoàn thành,59312,1526,83,773,https://wikicv.net/truyen/xuyen-thanh-tuong-nu-than-nhu-the-nao-ph-YGjih1S4CFjK9bW_
"Xuyên thư sau, nữ chủ đem ta làm tới tay?",Lạc Tiểu Phái,"Nguyên sang , Bách hợp , Hiện đại , HE , Tình cảm , Ngọt văn , Xuyên thư , Chủ công , Vườn trường , Sảng văn , Nhẹ nhàng",Hoàn thành,59303,591,17,221,https://wikicv.net/truyen/xuyen-thu-sau-nu-chu-dem-ta-lam-toi-tay-YB2ka1S4CE92svcD
Trong lời đồn nhị thế tử,Tiểu Bạch NO1,"Nguyên sang , Bách hợp , Cổ đại , HE , Tình cảm , Xuyên việt , Niên hạ , Chủ công , ABO , Sảng văn , Nhẹ nhàng",Hoàn thành,59289,1196,17,388,https://wikicv.net/truyen/trong-loi-don-nhi-the-tu-YClaJlS4CBEUnk_b
Hệ thống! Ta không làm Thánh Nữ lạp!,Bất Lạc Phong,"Nguyên sang , Bách hợp , Cổ đại , OE ,
                     , Dị thế , Ma pháp , Hệ thống , Nam biến nữ , Tây huyễn , Cải trang giả dạng , Phương Tây , Cthulhu , Áo choàng lưu",Hoàn thành,59163,1410,45,156,https://wikicv.net/truyen/he-thong-ta-khong-lam-thanh-nu-lap-YMyIEzu26w_a7bHs
[ đấu la ] bụi gai chi mộng,Tuyết Hoa Cầu,"Diễn sinh , Bách hợp , Cổ đại , Cận đại , OE , Tình cảm , Manga anime , Huyền huyễn , Dị thế , Xuyên việt , Xuyên thư , Đấu khí , 1v1",Hoàn thành,59052,149,26,7,https://wikicv.net/truyen/dau-la-bui-gai-chi-mong-WoTXEu8h7GB46acu
Xuyên thành bị bắt sủng ái ngược văn nữ chủ vai ác,Cảnh Tiểu Lục,"Nguyên sang , Bách hợp , Hiện đại , HE , Tình cảm , Xuyên thư , Giới giải trí , Nhẹ nhàng , Đô thị tình duyên",Hoàn thành,58980,509,12,250,https://wikicv.net/truyen/xuyen-thanh-bi-bat-sung-ai-nguoc-van-nu--ZX3WfVS4CCeoLnGY
Ta một chân đá bay nam chủ,Nhất Giác Đoạn Tử.,"Nguyên sang , Bách hợp , Cổ đại , Hiện đại , HE , Tình cảm , Ngọt văn , Xuyên nhanh , Giới giải trí , Vườn trường , Chủ thụ , Nhẹ nhàng , Kim bài đề cử 🥇",Hoàn thành,58878,619,14,245,https://wikicv.net/truyen/ta-mot-chan-da-bay-nam-chu-XiSMpVS4CHzQqMZ7
Ảnh hậu trở về mười tám tuyến [ trọng sinh ],Khuynh Sách,"Nguyên sang , Bách hợp , Hiện đại , HE , Tình cảm , Ngọt văn , Trọng sinh , Hào môn thế gia , Giới giải trí , Chủ thụ , Nhẹ nhàng",Hoàn thành,58778,1240,8,161,https://wikicv.net/truyen/anh-hau-tro-ve-muoi-tam-tuyen-trong-sinh-XzbYTFS4CHjhUTje
Cảm hóa ngược văn nữ chủ thất bại,Đông Giao Tiên Sinh,"Nguyên sang , Bách hợp , Cổ đại , HE , Tình cảm , Tiên hiệp , Tu chân , Ngọt văn , Niên hạ , Xuyên thư , Chủ thụ , Nhẹ nhàng",Hoàn thành,58659,989,17,300,https://wikicv.net/truyen/cam-hoa-nguoc-van-nu-chu-that-bai-YJMPAVS4CHLgYsJi
Artoria muốn đọc hiểu nhân tâm,Biến Hình Cơ Cương,"Diễn sinh , Bách hợp , Cổ đại , Cận đại , Hiện đại , OE , Tình cảm , Manga anime , Khoa học viễn tưởng , Xuyên việt , Ma pháp , Thần tiên yêu quái , Nam biến nữ , NP , Vô hạn lưu , Duyên trời tác hợp , Thế giới song song , Thị giác nữ chủ , Fate , Vô địch lưu , Kimetsu no Yaiba , Lữ hành",Hoàn thành,58626,542,22,99,https://wikicv.net/truyen/artoria-muon-doc-hieu-nhan-tam-Yhpibju26026GGO9
"Người ở Honkai, mới vừa hạ Type Moon, Khoa học Thượng đế",Phế Chỉ Lâu Tử Trứ,"Diễn sinh , Bách hợp , Hiện đại , Tương lai , OE , Manga anime , Khoa học viễn tưởng , Xuyên việt , Ma pháp , Dị năng , Thần thoại , Vô hạn lưu , Thăng cấp lưu , Kiếp trước kiếp này , Thiên chi kiêu tử , Siêu anh hùng , Duyên trời tác hợp , Thế giới song song , Thị giác nữ chủ , Fate , Học bá , Xuyên thành vai chính , Marvel , Lữ hành , Honkai",Hoàn thành,58468,602,47,44,https://wikicv.net/truyen/nguoi-o-honkai-moi-vua-ha-type-moon-khoa-YQAGzjzLciRB8Ikt
Xuyên vì cổ đại pháo hôi chuế A,Lạc Tiểu Phái,"Nguyên sang , Bách hợp , Cổ đại , HE , Tình cảm , Xuyên thư , 1v1",Hoàn thành,58431,837,10,196,https://wikicv.net/truyen/xuyen-vi-co-dai-phao-hoi-chue-a-Zmv1elS4CB5qGaTl
Xuyên thành Long Ngạo Thiên cô cô sau,Minh Tiểu Thập,"Nguyên sang , Bách hợp , Cổ đại , HE , Tình cảm , Tiên hiệp , Xuyên thư , Chủ công , Cường cường , Thăng cấp lưu , Nhẹ nhàng",Hoàn thành,58366,1011,14,143,https://wikicv.net/truyen/xuyen-thanh-long-ngao-thien-co-co-sau-YvvHIFS4CAw2IRku
Long châu chi thành Tôn Ngộ Không nữ nhi,Quá Nhất Thiên Toán Nhất Thiên,"Diễn sinh , Bách hợp , Hiện đại , OE , Tình cảm , Manga anime , Trọng sinh , Nam biến nữ , Thị giác nữ chủ , Dragon Ball",Hoàn thành,58348,770,14,119,https://wikicv.net/truyen/long-chau-chi-thanh-ton-ngo-khong-nu-nhi-YkBgpFS4CFnPaPb9
Ta cùng nam chủ đoạt nữ xứng! [ xuyên nhanh ],Đồ Đồ Họa Họa,"Nguyên sang , Bách hợp , Hiện đại , HE , Tình cảm , Ngọt văn , Xuyên nhanh , Sảng văn , Nhẹ nhàng , Hỗ công , 1v1",Hoàn thành,58340,1430,15,414,https://wikicv.net/truyen/ta-cung-nam-chu-doat-nu-xung-xuyen-nhanh-YrfYYVS4CH_uqBNu
Ta mới không cần bị hệ thống biến thành nữ chính a,X Hoàn Tỉnh Tiền,"Nguyên sang , Bách hợp , Hiện đại , HE , Tình cảm , Hệ thống , Nam biến nữ , Vườn trường , NP , Chủ thụ , Nhẹ nhàng , Thị giác nữ chủ , Đoàn sủng",Hoàn thành,58255,1176,3,177,https://wikicv.net/truyen/ta-moi-khong-can-bi-he-thong-bien-thanh--ZnxV9vTaEH2HzAST
Thoát đi bệnh trạng nữ vương ta tựa hồ thực được hoan nghênh,Hàn Sơn Tùng Bách,"Nguyên sang , Bách hợp , Cận đại , OE , Tình cảm , Huyền huyễn , Dị thế , Nam biến nữ , Thị giác nữ chủ",Còn tiếp,58024,832,17,304,https://wikicv.net/truyen/thoat-di-benh-trang-nu-vuong-ta-tua-ho-t-YS8qg1S4CEHT9OFw
Nhang muỗi bài nữ chủ [ xuyên nhanh ],Thương Dực Chi Lang,"Nguyên sang , Bách hợp , Cổ đại , Cận đại , Hiện đại , Tương lai , HE , SE , Tình cảm , Mạt thế , Tu chân , Xuyên việt , Xuyên nhanh , Chủ thụ , Nhẹ nhàng , 1v1",Hoàn thành,58011,669,17,193,https://wikicv.net/truyen/nhang-muoi-bai-nu-chu-xuyen-nhanh-Xz8p_1S4CCB5x76G
Đại sư tỷ một chút đều không vui [xuyên thư],Tình Tự Tán,"Nguyên sang , Bách hợp , Cổ đại , HE , Tình cảm , Xuyên việt , Ngọt văn , Trọng sinh , Song khiết 🕊️ , Xuyên thư , Nhẹ nhàng , Hài hước",Hoàn thành,57982,280,15,79,https://wikicv.net/truyen/dai-su-ty-mot-chut-deu-khong-vui-xuyen-t-WNPCzu8h7CIpq4Ms
Bị đỉnh lưu O cắn sau hồ A phát hỏa / Làm ta cắn một ngụm,Ứng Đắc Tiêu Hạ Lộc,"Nguyên sang , Bách hợp , Hiện đại , HE , Tình cảm , Ngọt văn , Song khiết 🕊️ , Niên hạ , Chủ công , ABO , Giới giải trí , 1v1 , Chậm nhiệt",Hoàn thành,57585,1223,10,103,https://wikicv.net/truyen/bi-dinh-luu-o-can-sau-ho-a-phat-hoa-lam--ZbNfFlS4CDEyxquB
Ở tại ta cách vách túc địch là thư trung ác độc nữ xứng,Hà Vi Đạo,"Nguyên sang , Bách hợp , Hiện đại , HE , Tình cảm , Chủ công , Đô thị tình duyên",Hoàn thành,57510,794,55,268,https://wikicv.net/truyen/o-tai-ta-cach-vach-tuc-dich-la-thu-trung-XqmojlS4CBTeaqVw
Cứu vớt bị xuyên nữ chủ [ Xuyên nhanh ],Lam Cẩu,"Nguyên sang , Bách hợp , Cổ đại , Cận đại , Hiện đại , HE , OE , Tình cảm , Khoa học viễn tưởng , Hệ thống , Xuyên nhanh , Xuyên thư , Lịch sử , Chủ thụ , Sảng văn , Kiếp trước kiếp này , Nữ cường , 1v1",Hoàn thành,57492,530,12,80,https://wikicv.net/truyen/cuu-vot-bi-xuyen-nu-chu-xuyen-nhanh-W1IKIO8h7GOOLZBM
Nàng là vai chính,Nhiệt Đáo Hôn Quyết,"Nguyên sang , Bách hợp , Hiện đại , HE , Tình cảm , Xuyên việt , Ngọt văn , Trọng sinh , Giới giải trí , Nhẹ nhàng , Hỗ công",Hoàn thành,57461,564,25,269,https://wikicv.net/truyen/nang-la-vai-chinh-XpQQWFS4CBDHtC0c
Xuyên thành pháo hôi quải chạy nữ xứng,Thiên Địa Giai Nhập Mộng,"Nguyên sang , Bách hợp , Cổ đại , HE , Tình cảm , Tiên hiệp , Tu chân , Ngọt văn , Xuyên thư , Chủ công , Cường cường , Nhẹ nhàng",Hoàn thành,57413,1120,22,210,https://wikicv.net/truyen/xuyen-thanh-phao-hoi-quai-chay-nu-xung-Y7Qqfzu26xYwKTPt
"Đều nói, ngốc mao không phải bản thể",Dư Thiên Phồn Tinh,"Diễn sinh , Bách hợp , Hiện đại , HE , Manga anime , Ma pháp , Nhẹ nhàng , Hài hước , Duyên trời tác hợp , Thế giới song song , Thị giác nữ chủ , Fate , Đế vương , Trạch nữ",Hoàn thành,57315,1168,11,215,https://wikicv.net/truyen/deu-noi-ngoc-mao-khong-phai-ban-the-YNC7yDu26wy0_wES
Thịnh Đường nữ đế,Cực Dịch,"Nguyên sang , Bách hợp , Cổ đại , HE , Tình cảm , Võ hiệp , Tranh bá , Xuyên việt , Hệ thống , Nam biến nữ , NP , Lịch sử , Cung đình hầu tước , Nhẹ nhàng , Hài hước , Thị giác nữ chủ",Tạm ngưng,57296,1636,15,159,https://wikicv.net/truyen/thinh-duong-nu-de-XztJAVS4CEX6WZlu
Sử thượng mạnh nhất Eriri,Đạm Phàm,"Diễn sinh , Bách hợp , Cổ đại , Hiện đại , HE , Tình cảm , Manga anime , Xuyên việt , Ma pháp , Thần tiên yêu quái , Nam biến nữ , Huyết tộc , Vườn trường , NP , Vô hạn lưu , Nhẹ nhàng , Hài hước , Thế giới song song , Thị giác nữ chủ , Vô địch lưu , Xuyên thành vai chính , Trạch nữ , Lữ hành , Group chat",Tạm ngưng,57296,1180,48,231,https://wikicv.net/truyen/su-thuong-manh-nhat-eriri-YNk8hEbIjjmUJtvx
Khen thưởng một cái vai ác lão bà [ xuyên nhanh ],Trà Dữ Phi Ngư,"Nguyên sang , Bách hợp , Cổ đại , Hiện đại , HE , Tình cảm , Ngọt văn , Hệ thống , Xuyên nhanh , Chủ công , Sảng văn , Nhẹ nhàng",Hoàn thành,57150,1299,28,222,https://wikicv.net/truyen/khen-thuong-mot-cai-vai-ac-lao-ba-xuyen--YmnolFS4CBQQonzX
Không thể hiểu được thành đoàn sủng 【 đấu la 】,Mạc Đẳng Nhàn Canh,"Diễn sinh , Bách hợp , Tương lai , HE , Tình cảm , Ngọt văn , Hệ thống , Xuyên thư , Chủ thụ , Nhẹ nhàng , Manh sủng , Đấu La đại lục , Đoàn sủng",Hoàn thành,57101,1310,20,404,https://wikicv.net/truyen/khong-the-hieu-duoc-thanh-doan-sung-dau--ZQcfJVS4CDxEAsEg
Black★Rock Shooter hằng ngày sẽ không có vấn đề,Sái Gia Yếu Tửu,"Diễn sinh , Bách hợp , Cổ đại , Hiện đại , HE , Manga anime , Xuyên việt , Ma pháp , Vườn trường , NP , Thần thoại , Vị diện , Vô hạn lưu , Thăng cấp lưu , Sảng văn , Nhẹ nhàng , Hài hước , Ấm áp , Duyên trời tác hợp , Thế giới song song , Linh dị thần quái , Thị giác nữ chủ , Fate , Vô địch lưu , Xuyên thành vai chính , Kimetsu no Yaiba , Lữ hành",Hoàn thành,57098,1269,23,223,https://wikicv.net/truyen/blackrock-shooter-hang-ngay-se-khong-co--YEltiTzLckMc_kos
Mồi câu [ giới giải trí ],Tửu Túy Đích Phúc Điệp,"Nguyên sang , Bách hợp , Hiện đại , HE , Tình cảm , Song khiết 🕊️ , Niên hạ , Chủ công , Gương vỡ lại lành , Giới giải trí , Khế ước tình nhân , Nhẹ nhàng , Đô thị tình duyên , 1v1",Hoàn thành,57081,1094,12,176,https://wikicv.net/truyen/moi-cau-gioi-giai-tri-Yi6WIVS4CE%7EOd0vR
,Ẩn danh,,Đang cập nhật,0,0,0,0,https://wikicv.net/truyen/hoa-no-usa-Wtc9fO8h7HKBcWNT
Marvel chi biến thân Spider-Man,Phức Mính Hiên,"Diễn sinh , Bách hợp , Hiện đại , OE , Tình cảm , Manga anime , Khoa học viễn tưởng , Sinh tồn , Xuyên việt , Ma pháp , Hệ thống , Thần tiên yêu quái , Nam biến nữ , Thế giới song song , Thị giác nữ chủ , Marvel , Lữ hành",Còn tiếp,56866,746,27,135,https://wikicv.net/truyen/marvel-chi-bien-than-spider-man-Y_qFFju262_jYMde
Ấu nữ miện hạ uy nghiêm tràn đầy,Tưởng Tác Tử Đích Linh Hi,"Nguyên sang , Bách hợp , Cổ đại , OE , Tình cảm , Làm ruộng , Dị thế , Xuyên việt , Nam biến nữ , Thị giác nữ chủ",Còn tiếp,56770,1544,70,162,https://wikicv.net/truyen/au-nu-mien-ha-uy-nghiem-tran-day-YaBjFkbIjimfMC_F
Nếu ta là thiên hạ đệ nhất,Phong Đình Tuyết,"Nguyên sang , Bách hợp , Cổ đại , HE , Võ hiệp , Nam biến nữ , Thị giác nữ chủ",Hoàn thành,56653,727,20,166,https://wikicv.net/truyen/neu-ta-la-thien-ha-de-nhat-XncBmEbIjhwN7CNa
Cẩu huyết ngược văn Alpha chỉ nghĩ Be/ Ngược văn thế thân Alpha không làm,Nhân Vưu,"Nguyên sang , Bách hợp , Hiện đại , HE , Tình cảm , Ngọt văn , Xuyên thư , Chủ công , ABO , Giới giải trí , Vườn trường , Nhẹ nhàng , 1v1",Hoàn thành,56598,218,25,113,https://wikicv.net/truyen/cau-huyet-nguoc-van-alpha-chi-nghi-be-ng-YHD5ZFS4CFk7rsk4
Nữ chủ đem ác độc nữ xứng liền người mang kịch bản cùng nhau đoạt đi rồi ( mau xuyên ),Hòa Trù,"Nguyên sang , Bách hợp , Cổ đại , Hiện đại , HE , Tình cảm , Ngọt văn , Xuyên nhanh , Chủ công , Cường cường , Sảng văn , Nhẹ nhàng",Hoàn thành,56512,1338,15,610,https://wikicv.net/truyen/nu-chu-dem-ac-doc-nu-xung-lien-nguoi-man-YPjlwVS4CAp_tgNP
Ran Mori muốn công lược Haibara Ai,Thiên Niên Thụ,"Diễn sinh , Bách hợp , Hiện đại , HE , Trinh thám , Manga anime , Khoa học viễn tưởng , Ấm áp",Tạm ngưng,56353,216,7,168,https://wikicv.net/truyen/ran-mori-muon-cong-luoc-haibara-ai-WqEbC%7E8h7H9HCoKJ
Nữ chủ tại thượng [ mau xuyên GL],Lê Lê Lê Lê Thiếu,"Nguyên sang , Bách hợp , Cận đại , Hiện đại , HE , Khoa học viễn tưởng , Hệ thống , Xuyên nhanh , Nữ phụ , Chủ thụ , Kim bài đề cử 🥇 , 1v1",Hoàn thành,56348,577,10,177,https://wikicv.net/truyen/nu-chu-tai-thuong-mau-xuyen-gl-W0nt4O8h7H9Cyhx_
Giáo thảo là nữ sinh [ xuyên thư ],Du Phù,"Nguyên sang , Bách hợp , Hiện đại , HE , Tình cảm , Xuyên thư , Chủ công , Vườn trường , Cường cường , Sảng văn , Nhẹ nhàng , Cải trang giả dạng",Hoàn thành,56311,771,13,298,https://wikicv.net/truyen/giao-thao-la-nu-sinh-xuyen-thu-XtskOlS4CC4E5tkn
Xuyên Nhanh Chi Ngụy Trang Thánh Mẫu,Ngung Ngung,"Nguyên sang , Bách hợp , Cổ đại , Hiện đại , Tương lai , HE , Tình cảm , Ngọt văn , Xuyên nhanh , Chủ công , Cường cường , 1v1",Hoàn thành,56296,2083,44,466,https://wikicv.net/truyen/xuyen-nhanh-chi-nguy-trang-thanh-mau-YtzwkvTaEHE4Fgf6
Trọng sinh chi Thiên Đạo thù tình,Khinh Niên,"Nguyên sang , Bách hợp , Cổ đại , HE , Tình cảm , Tiên hiệp , Tu chân , Trọng sinh , Chủ công , Thăng cấp lưu , Kiếp trước kiếp này",Hoàn thành,56150,504,7,146,https://wikicv.net/truyen/trong-sinh-chi-thien-dao-thu-tinh-WyHgSO8h7BRkZoIO
Chuế A chỉ nghĩ ăn no chờ chết,Ngốc Mao Cáp,"Nguyên sang , Bách hợp , Hiện đại , HE , Tình cảm , Xuyên việt , Ngọt văn , Chủ công , ABO , Giới giải trí , Nhẹ nhàng",Hoàn thành,56052,357,17,79,https://wikicv.net/truyen/chue-a-chi-nghi-an-no-cho-chet-YLMDglS4CGmWk5Xg
"Ta, chết luật, ở Honkai thế giới quấy rối",Duyệt Thi,"Diễn sinh , Bách hợp , Hiện đại , OE , Tình cảm , Manga anime , Chủ thụ , Dưỡng thành , Thị giác nữ chủ , Honkai",Tạm ngưng,55978,610,24,107,https://wikicv.net/truyen/ta-chet-luat-o-honkai-the-gioi-quay-roi-YgTIkfTaEG%7EWg4EQ
Ta Chính Là Có Hậu Đài,Nha Tùng,"Nguyên sang , Bách hợp , Tương lai , HE , Tình cảm , Ngọt văn , Hệ thống , Xuyên nhanh , Chủ thụ , Nhẹ nhàng , Kim bài đề cử 🥇 , Ngược tra , 1v1 , Mất trí nhớ",Hoàn thành,55772,1295,16,462,https://wikicv.net/truyen/ta-chinh-la-co-hau-dai-W6oRcVS4CBrdWu9r
Tướng công là nam trang đại lão,Triệu Cửu Đường,"Nguyên sang , Bách hợp , Cổ đại , HE , Tình cảm , Làm ruộng , Xuyên việt , Cải trang giả dạng",Hoàn thành,55756,843,14,188,https://wikicv.net/truyen/tuong-cong-la-nam-trang-dai-lao-XYTnhFS4CELYhADr
Đầu lưỡi thượng chinh phục [GL],Bạch Nương Tử,"Nguyên sang , Bách hợp , Hiện đại , HE , Tình cảm , Kinh thương , Ngược văn , Giới giải trí , Cường cường , 1v1",Hoàn thành,55582,737,5,68,https://wikicv.net/truyen/dau-luoi-thuong-chinh-phuc-gl-XZ2dHVS4CCZlUPc2
hp Lella · Lorraine gl ( toàn viên ooc! ),Trí Ngã Đích Não Động Quân,"Diễn sinh , Bách hợp , Hiện đại , HE ,
                     , Harry Potter , Tây huyễn",Hoàn thành,55506,557,1,136,https://wikicv.net/truyen/hp-lella-lorraine-gl-toan-vien-ooc-WvfzdO8h7E2OWFO4
hp Sigrid · Black gl,Trí Ngã Đích Não Động Quân,"Diễn sinh , Bách hợp , Hiện đại , HE , Tình cảm , Ma pháp , Harry Potter , Phương Tây , 1v1",Hoàn thành,55319,838,9,273,https://wikicv.net/truyen/hp-sigrid-black-gl-YNhUCFS4CGVsXSGt
Honkai thế giới: Ta biến thành ngu ngốc na bản thể lạp!,Hoàng Qua Tử,"Diễn sinh , Bách hợp , Hiện đại , OE , Manga anime , Xuyên việt , Nam biến nữ , Tây huyễn , Thế giới song song , Thị giác nữ chủ , Xuyên thành vai chính , Honkai",Tạm ngưng,55315,543,30,67,https://wikicv.net/truyen/honkai-the-gioi-ta-bien-thanh-ngu-ngoc-n-X89jSDzLcgUBYGzC
Trốn bất quá hắc tâm liên nữ xứng [ xuyên thư ],Đát Đát Lạp Ái Nhĩ,"Nguyên sang , Bách hợp , Hiện đại , HE , Tình cảm , Ngọt văn , Hệ thống , Xuyên thư , Nữ phụ , Thanh mai trúc mã , Chủ thụ , Nhẹ nhàng , Dưỡng thành , Đô thị tình duyên , 1v1 , Xuyên thành vai chính , Qua lại thời không",Hoàn thành,55300,955,23,363,https://wikicv.net/truyen/tron-bat-qua-hac-tam-lien-nu-xung-xuyen--X1eTx1S4CEnBWkHh
Ảnh hậu mau vào trong chén đi!,Yên Ba Điếu Nguyệt,"Nguyên sang , Bách hợp , Hiện đại , HE , Tình cảm , Ngọt văn , Mỹ thực , Giới giải trí , Nhẹ nhàng , Hài hước , Cận thủy lâu đài , Ấm áp , Tiểu bạch văn , Kim Bảng 🏆",Hoàn thành,55296,1189,7,259,https://wikicv.net/truyen/anh-hau-mau-vao-trong-chen-di-WveaaDu26yWoJwaP
Xuyên thành tra A sau ngọt sủng hắc liên hoa nữ chủ O,Thập Nguyệt Chiêu Chiêu,"Nguyên sang , Bách hợp , Hiện đại , HE , Tình cảm , Ngọt văn , Trọng sinh , Xuyên thư , Chủ công , Hào môn thế gia , ABO , Giới giải trí , Chậm nhiệt",Hoàn thành,55248,665,10,172,https://wikicv.net/truyen/xuyen-thanh-tra-a-sau-ngot-sung-hac-lien-YrBNRVS4CBZ0YKls
Trọng sinh chi cưng chiều thành nghiện,Bổn Điểu Tiên Phi,"Nguyên sang , Bách hợp , Cổ đại , HE , Tình cảm , Ngọt văn , Trọng sinh , Chủ công , Cung đình hầu tước , Nhẹ nhàng , Đơn hướng yêu thầm",Hoàn thành,55241,336,3,93,https://wikicv.net/truyen/trong-sinh-chi-cung-chieu-thanh-nghien-W6XuOVS4CGEPwbx1
Hệ thống cảm thấy ta thiếu ái ( xuyên nhanh ),Ngã Thủ Lí Hữu Chi Bút,"Nguyên sang , Bách hợp , Cổ đại , Hiện đại , HE , Tình cảm , Ngọt văn , Hệ thống , Xuyên nhanh , Xuyên thư , Nhẹ nhàng , Hỗ công",Hoàn thành,55133,1043,7,343,https://wikicv.net/truyen/he-thong-cam-thay-ta-thieu-ai-xuyen-nhan-XxkhiTzLcn7BkwOO
Thanh lãnh Tiên Tôn hoài hồ hồ ta nhãi con,Vân Thâm Kiến Lộc,"Nguyên sang , Bách hợp , Cổ đại , HE , Tình cảm , Tiên hiệp , Xuyên thư , Sinh con , Nhẹ nhàng",Hoàn thành,55066,1086,18,351,https://wikicv.net/truyen/thanh-lanh-tien-ton-hoai-ho-ho-ta-nhai-c-Z0C6u_TaEGgaZp4L
Ta ở tuyển tú văn đương cuốn vương,Thiên Địa Giai Nhập Mộng,"Nguyên sang , Bách hợp , Hiện đại , HE , Tình cảm , Ngọt văn , Trọng sinh , Hệ thống , Xuyên thư , Giới giải trí , Hỗ công , 1v1",Hoàn thành,54978,1955,17,266,https://wikicv.net/truyen/ta-o-tuyen-tu-van-duong-cuon-vuong-ZYHfRFS4CCgAxvHr
Ảnh hậu Ma giáo giáo chủ [ xuyên qua ],Mộ Vũ Hề Hề,"Nguyên sang , Bách hợp , Hiện đại , HE , Tình cảm , Ngọt văn , Cổ xuyên kim , Giới giải trí",Hoàn thành,54915,541,23,183,https://wikicv.net/truyen/anh-hau-ma-giao-giao-chu-xuyen-qua-WyN9Y%7E8h7C3Rb5S8
Nữ chủ thu tiền bức ta yêu đương,Lý Thu Lang,"Nguyên sang , Bách hợp , Hiện đại , HE , Tình cảm , Ngọt văn , Hệ thống , Xuyên nhanh , Chủ thụ , Nhẹ nhàng , Kim bài đề cử 🥇 , 1v1",Hoàn thành,54892,950,14,292,https://wikicv.net/truyen/nu-chu-thu-tien-buc-ta-yeu-duong-Xi5IQVS4CEhopP2B
Khi ta vứt bỏ vai chính sau [ xuyên nhanh ],Thất Thương Tế,"Nguyên sang , Bách hợp , Hiện đại , HE , Tình cảm , Hệ thống , Xuyên nhanh , Chủ công , Nữ phụ , Sảng văn , Nhẹ nhàng , 1v1",Hoàn thành,54872,1216,60,339,https://wikicv.net/truyen/khi-ta-vut-bo-vai-chinh-sau-xuyen-nhanh-YXH%7EI1S4CFPzGJvR
"Nữ vương, bức hôn (GL)",Vô Đức Vô Năng,"Nguyên sang , Bách hợp , Hiện đại , HE , Tình cảm , Khế ước tình nhân",Hoàn thành,54862,34,4,23,https://wikicv.net/truyen/nu-vuong-buc-hon-gl-WGvBQnCVfGU3lNbX
Nữ phò mã,Mạnh Kim Khán,"Nguyên sang , Bách hợp , Cổ đại , HE , Tình cảm , Ngọt văn , Trọng sinh , Chủ công , Cưới trước yêu sau , Cung đình hầu tước , Cải trang giả dạng",Hoàn thành,54775,496,16,206,https://wikicv.net/truyen/nu-pho-ma-ZXxuvVS4CGWLI0f5
Pháo hôi cùng bạch nguyệt quang [Xuyên nhanh GL],Kỉ Kiều,"Nguyên sang , Bách hợp , Cổ đại , Hiện đại , Tương lai , HE , Tình cảm , Huyền huyễn , Xuyên việt , Hệ thống , Xuyên nhanh , Tinh tế , Chủ công , Giới giải trí , Nhẹ nhàng , Trò chơi , Pháo hôi , Kim bài đề cử 🥇 , Nghịch tập , 1v1",Hoàn thành,54699,438,13,75,https://wikicv.net/truyen/phao-hoi-cung-bach-nguyet-quang-xuyen-nh-XTskeVS4CB6ObQpS
Thiên Đạo nói không cưới lão bà không cho phi thăng,Tiểu Lục Long,"Nguyên sang , Bách hợp , Cổ đại , HE , Tình cảm , Huyền huyễn , Tu chân , Ngọt văn , Trọng sinh , Chủ công , Song hướng yêu thầm , Cung đình hầu tước , Sảng văn , Kiếp trước kiếp này , Duyên trời tác hợp , Ngược tra , 1v1 , Song trọng sinh",Hoàn thành,54686,1434,14,415,https://wikicv.net/truyen/thien-dao-noi-khong-cuoi-lao-ba-khong-ch-ZM9zEDzLcjNyoxQr
Cứu vớt tiểu bạch hoa hành động [ mau xuyên GL],Thẩm Nhật Thập,"Nguyên sang , Bách hợp , Cổ đại , Cận đại , Hiện đại , HE , Tình cảm , Xuyên nhanh , Chủ công",Hoàn thành,54674,386,22,87,https://wikicv.net/truyen/cuu-vot-tieu-bach-hoa-hanh-dong-mau-xuye-WweNhu8h7B4kx_K1
Tổng phim ảnh: Hấp dẫn nữ đào hoa ký chủ sát điên rồi,Dương Tử Hỉ Hoan Tiểu Dạ,"Diễn sinh , Bách hợp , Cổ đại , Hiện đại , HE , Tình cảm , Phim ảnh , Ngọt văn , Xuyên nhanh",Hoàn thành,54667,1705,18,609,https://wikicv.net/truyen/tong-phim-anh-hap-dan-nu-dao-hoa-ky-chu--ZR3F_VS4CDYqcu3r
Xuyên thành tra A sau ta câu đi ngược văn nữ chủ,Cẩu Cẩu Cật Cốt Đầu,"Nguyên sang , Bách hợp , Hiện đại , HE , Tình cảm , Ngọt văn , Xuyên thư , Chủ công , ABO , Giới giải trí , Nhẹ nhàng , Duyên trời tác hợp",Hoàn thành,54620,661,4,75,https://wikicv.net/truyen/xuyen-thanh-tra-a-sau-ta-cau-di-nguoc-va-YsUiAVS4CG2scLdX
Biến thân loli đạo diễn,Siêu Cấp Viên,"Diễn sinh , Bách hợp , Hiện đại , HE , Manga anime , Xuyên việt , Hệ thống , Nam biến nữ , Giới giải trí , Vườn trường , Sảng văn , Nhẹ nhàng , Nhiều CP , Hài hước , Bình bộ thanh vân , Thế giới song song , Thị giác nữ chủ , Fate , Vô địch lưu , Kimetsu no Yaiba",Hoàn thành,54613,94,39,112,https://wikicv.net/truyen/bien-than-loli-dao-dien-YARa_ju261n8q2%7Eb
[ Xuyên nhanh ] Nữ chủ nàng tổng ở cong gl,Ất Thuần,"Nguyên sang , Bách hợp , Cổ đại , Cận đại , Hiện đại , Tương lai , HE , Tình cảm , Mạt thế , Tu chân , Hệ thống , Xuyên nhanh , Xuyên thư , Tinh tế , Nữ phụ , Cung đấu , Giới giải trí , Chủ thụ , Mỹ nhân ngư",Hoàn thành,54546,312,9,96,https://wikicv.net/truyen/xuyen-nhanh-nu-chu-nang-tong-o-cong-gl-W5LKKVS4CH7S1PwH
Xuyên thư: Xuyên thành tra A sau bị O ngọt sủng,Kiều An Sanh,"Nguyên sang , Bách hợp , Hiện đại , HE , Tình cảm , Xuyên thư , Chủ công , Hào môn thế gia , Nữ phụ , ABO , Nhẹ nhàng , 1v1 , Thị giác nữ chủ",Hoàn thành,54429,486,7,139,https://wikicv.net/truyen/xuyen-thu-xuyen-thanh-tra-a-sau-bi-o-ngo-YihOM1S4CCXal_OW
Gặp được Omega sau ta biến thành nãi cẩu,Nam Khái Bắc Mộng,"Nguyên sang , Bách hợp , Hiện đại , HE , Tình cảm , Ngọt văn , ABO , Vườn trường , Nhẹ nhàng , Hỗ công",Hoàn thành,54365,235,8,93,https://wikicv.net/truyen/gap-duoc-omega-sau-ta-bien-thanh-nai-cau-X9mNelS4CAy39I9s
Trạch ma nữ,Hàm Ngư Thành Tiên,"Nguyên sang , Bách hợp , Hiện đại , Tương lai , OE , Huyền huyễn , Dị thế , Ma pháp , Nam biến nữ , Nhẹ nhàng , Tây huyễn , Nữ cường , Thị giác nữ chủ , Chậm nhiệt",Chưa xác minh,54302,1811,17,387,https://wikicv.net/truyen/trach-ma-nu-Ya3evlS4CFNOCet_
Tiểu ngốc tử làm ruộng ký/ Ta dựa làm ruộng dưỡng tức phụ ( xuyên qua ),Đại Miêu Truy Nguyệt,"Nguyên sang , Bách hợp , Cổ đại , HE , Tình cảm , Làm ruộng , Xuyên việt , Hỗ công , Cải trang giả dạng",Hoàn thành,54267,342,6,238,https://wikicv.net/truyen/tieu-ngoc-tu-lam-ruong-ky-ta-dua-lam-ruo-YFlzkTzLcg4E3dEp
"Moba: Ta, hẻm núi hư nữ nhân!",Ân Ly Ly Bất Ly,"Diễn sinh , Bách hợp , Hiện đại , OE , Tình cảm , Nam biến nữ , Trò chơi , 1v1 , Thị giác nữ chủ , Liên Minh Huyền Thoại",Tạm ngưng,54267,923,20,73,https://wikicv.net/truyen/moba-ta-hem-nui-hu-nu-nhan-YfT9YjzLcjx2jP%7EP
Xuyên đến điên mỹ tra A mất khống chế trước,Bất Hư Bất Hư,"Nguyên sang , Bách hợp , Hiện đại , HE , Tình cảm , Ngọt văn , Xuyên thư , Chủ công , ABO , Nhẹ nhàng , Duyên trời tác hợp",Hoàn thành,54177,381,18,148,https://wikicv.net/truyen/xuyen-den-dien-my-tra-a-mat-khong-che-tr-Yn4BNlS4CE8en7DF
Ta dựa cấp nữ xứng khắc kim phản hiện,Phong Thính Lan,"Nguyên sang , Bách hợp , Hiện đại , HE , Tình cảm , Xuyên thư , Chủ công , Giới giải trí , Sảng văn",Hoàn thành,54171,780,7,158,https://wikicv.net/truyen/ta-dua-cap-nu-xung-khac-kim-phan-hien-ZYNExFS4CDz1%7EU_m
Trước khi trở thành ma thần ta gia nhập group chat,Bạch Dạ Lẫm Âm,"Diễn sinh , Bách hợp , Cổ đại , Hiện đại , HE , Manga anime , Xuyên việt , Ma pháp , Hệ thống , Nam biến nữ , Vị diện , Vô hạn lưu , Thăng cấp lưu , Sảng văn , Nhẹ nhàng , Nhiều CP , Hài hước , Pokemon , Ấm áp , Duyên trời tác hợp , Người qua đường , Thế giới song song , Thị giác nữ chủ , Fate , Vô địch lưu",Tạm ngưng,54042,513,22,219,https://wikicv.net/truyen/truoc-khi-tro-thanh-ma-than-ta-gia-nhap--YEXarDu26w2PyU91
"Ta, Miketsu, là cái thần minh",Tiêm Dịch Chi Vũ,"Diễn sinh , Bách hợp , Cổ đại , Hiện đại , OE , Manga anime , Xuyên việt , Ma pháp , Thần tiên yêu quái , Nam biến nữ , Âm Dương Sư , Fate",Tạm ngưng,54009,1348,13,392,https://wikicv.net/truyen/ta-miketsu-la-cai-than-minh-YC5P2ju263YlYB62
Ngươi không được lại thân ta lạp [ xuyên nhanh ],Ba La Lao Phạn,"Nguyên sang , Bách hợp , Cổ đại , Hiện đại , HE , Tình cảm , Ngọt văn , Hệ thống , Song khiết 🕊️ , Xuyên nhanh , Xuyên thư , Mỹ thực , Giới giải trí , Vị diện , Niên thượng , Chủ thụ , Cung đình hầu tước , Đô thị tình duyên , Pháo hôi , Xuyên thành vai ác , Linh dị thần quái , 1v1 , Đế vương , Qua lại thời không , Điên phê , Trung khuyển , Đại lão , Si tình , Chiếm hữu dục , Ôn nhu , Mỹ nhân , Mỹ thụ , Dấm vương , Mị ma , Cố chấp , Phi nhân loại , Cưỡng chế ái , Trưởng thành , Văn nhã bại hoại , Si hán , Xúc tu , Thần minh , Cắt miếng , Luyến ái não , Hoàng hậu , Biến thái",Hoàn thành,53639,1137,53,648,https://wikicv.net/truyen/nguoi-khong-duoc-lai-than-ta-lap-xuyen-n-ZX1AKVS4CFDZA4MX
Đấu phá chi liễm tự một đời đổi ngươi tâm,Lance Chủ Nguyệt,"Diễn sinh , Bách hợp , Cổ đại , HE , Tình cảm , Khoa học viễn tưởng , Huyền huyễn , Hệ thống , Xuyên thư , Ngược văn , Chủ thụ",Hoàn thành,53567,90,7,6,https://wikicv.net/truyen/dau-pha-chi-liem-tu-mot-doi-doi-nguoi-ta-WruO7O8h7DGTNCb8
Xuyên nhanh chi nữ N hào muốn thêm diễn,Tàng Thanh Túc,"Nguyên sang , Bách hợp , Cổ đại , Hiện đại , HE , Tình cảm , Ngọt văn , Xuyên nhanh , Chủ công , Nhẹ nhàng , Vả mặt",Hoàn thành,53311,773,40,206,https://wikicv.net/truyen/xuyen-nhanh-chi-nu-n-hao-muon-them-dien-YsUfElS4CGEuzscz
Nữ chủ nàng thiên vị ta [ xuyên thư ],Phúc Sủng Sủng,"Nguyên sang , Bách hợp , Hiện đại , HE , Tình cảm , Ngọt văn , Xuyên thư , Thanh mai trúc mã , Chủ thụ , Nhẹ nhàng , Duyên trời tác hợp",Hoàn thành,53305,490,16,148,https://wikicv.net/truyen/nu-chu-nang-thien-vi-ta-xuyen-thu-XosjQFS4CDnHARs6
Tiểu độc tiên,Văn Nhã Ai Cập Miêu,"Nguyên sang , Bách hợp , Cổ đại , HE , Tình cảm , Tiên hiệp , Tu chân , Xuyên việt , Song khiết 🕊️ , Hỗ công , Cận thủy lâu đài , 1v1",Hoàn thành,53168,966,9,303,https://wikicv.net/truyen/tieu-doc-tien-XtrJ8Tu260Z9sD13
Haruno Sakura đêm nay muốn ăn thịt nướng,Toan Thái Ngư,"Diễn sinh , Bách hợp , Cổ đại , OE , Manga anime , Dị thế , Xuyên việt , Hệ thống , Nam biến nữ , Naruto , Sảng văn , Hắc ám , Thị giác nữ chủ , Vô địch lưu",Hoàn thành,53015,1343,17,287,https://wikicv.net/truyen/haruno-sakura-dem-nay-muon-an-thit-nuong-Yv%7E35_TaEHV3EYmD
Long châu chi Lăng Diệp truyền kỳ,Vĩnh Hằng Sí Thiên Sử,"Diễn sinh , Bách hợp , Hiện đại , HE , Khoa học viễn tưởng , Huyền huyễn , Xuyên nhanh , Thần thoại , Thăng cấp lưu , Tây huyễn , Dragon Ball",Hoàn thành,53006,1042,7,96,https://wikicv.net/truyen/long-chau-chi-lang-diep-truyen-ky-Wp4%7Ede8h7ELplpli
Tổng cảm thấy tùy thời sẽ tánh mạng khó giữ được ( xuyên thư ),Mộ Thần Khê,"Nguyên sang , Bách hợp , Cổ đại , HE , Tình cảm , Tiên hiệp , Tu chân , Xuyên thư , Cường cường , Thăng cấp lưu , Chủ thụ , Nhẹ nhàng",Hoàn thành,52954,476,8,209,https://wikicv.net/truyen/tong-cam-thay-tuy-thoi-se-tanh-mang-kho--YKBTNFS4CB7kQHYL
Sư tỷ nàng nhu nhược không thể tự gánh vác ( xuyên thư ),Dư Ngư,"Nguyên sang , Bách hợp , Cổ đại , HE , Tình cảm , Tiên hiệp , Tu chân , Ngọt văn , Trọng sinh , Xuyên thư , Cường cường , Niên thượng , Chủ thụ , Sảng văn , Hài hước , Trâu già gặm cỏ non , Xuyên thành vai ác , Linh dị thần quái",Hoàn thành,52936,1091,15,133,https://wikicv.net/truyen/su-ty-nang-nhu-nhuoc-khong-the-tu-ganh-v-Y0rVTlS4CCwwmfaJ
Sắm vai tra nữ si tình đối tượng ( xuyên nhanh ),Giang Đao Đao,"Nguyên sang , Bách hợp , Hiện đại , HE , Tình cảm , Ngọt văn , Song khiết 🕊️ , Xuyên nhanh , Thanh mai trúc mã , Chủ thụ , Nhẹ nhàng , Pháo hôi , Duyên trời tác hợp , 1v1",Hoàn thành,52922,737,3,338,https://wikicv.net/truyen/sam-vai-tra-nu-si-tinh-doi-tuong-xuyen-n-ZJmSu_TaEBj4FEbz
Giả thiên kim Alpha tự cứu bút ký,Long Ngâm Thảo,"Nguyên sang , Bách hợp , Hiện đại , HE , Tình cảm , Xuyên việt , Ngọt văn , Xuyên thư , Nữ phụ , ABO , Nhẹ nhàng , Hỗ công",Hoàn thành,52819,473,20,228,https://wikicv.net/truyen/gia-thien-kim-alpha-tu-cuu-but-ky-YCIziVS4CAfSnLRA
"Ta, siêu nguy hiểm quái dị, là người tốt!",Nhân Ngẫu,"Diễn sinh , Bách hợp , Cổ đại , Cận đại , Hiện đại , OE , Tình cảm , Manga anime , Sinh tồn , Xuyên việt , Ma pháp , Thần tiên yêu quái , NP , Vô hạn lưu , Thế giới song song , Thị giác nữ chủ , Lữ hành , Group chat , Kanmusu , Genshin , Honkai",Còn tiếp,52727,1688,53,345,https://wikicv.net/truyen/ta-sieu-nguy-hiem-quai-di-la-nguoi-tot-Y5X3iTzLclbNOhvV
Nữ chủ đem nữ xứng quải lạp!,Trường Dạ Cô Ngôn,"Nguyên sang , Bách hợp , Cổ đại , Hiện đại , HE , Tình cảm , Ngọt văn , Xuyên nhanh , Xuyên thư , Nữ phụ , Nhẹ nhàng , Hỗ công , 1v1",Hoàn thành,52659,832,12,180,https://wikicv.net/truyen/nu-chu-dem-nu-xung-quai-lap-Xl53Z2He7EFnaLTl
Ngàn vạn không cần chọc bạch nguyệt quang [ xuyên nhanh ],Nhị Lục Lật,"Nguyên sang , Bách hợp , Cổ đại , Hiện đại , HE , Tình cảm , Ngọt văn , Xuyên nhanh , Nhẹ nhàng , Hỗ công",Hoàn thành,52654,1669,8,269,https://wikicv.net/truyen/ngan-van-khong-can-choc-bach-nguyet-quan-Yp82sTzLcjNNPxIu
Biến thân thiếu nữ sau cũng có thể bị nữ Ma Tôn coi trọng sao,Tác Tử Đại Nhân Lạc Ly,"Nguyên sang , Bách hợp , Cổ đại , HE , Tiên hiệp , Sinh tồn , Tu chân , Xuyên việt , Nam biến nữ , Sảng văn , Thế giới song song , 1v1 , Thị giác nữ chủ , Vô địch lưu , Lữ hành",Hoàn thành,52627,957,16,275,https://wikicv.net/truyen/bien-than-thieu-nu-sau-cung-co-the-bi-nu-Y3SR6WHe7GlkPZK%7E
Ta biến thành thần chỉ Miketsu,Dạ Lai Phong Diệp Dĩ Minh Lang,"Diễn sinh , Bách hợp , Cổ đại , Cận đại , Hiện đại , OE , Tình cảm , Manga anime , Sinh tồn , Xuyên việt , Ma pháp , Hệ thống , Thần tiên yêu quái , Naruto , NP , Vô hạn lưu , Thăng cấp lưu , Thế giới song song , Thị giác nữ chủ , Fate , Kimetsu no Yaiba , Chậm nhiệt , Lữ hành , Inuyasha",Hoàn thành,52592,1438,36,187,https://wikicv.net/truyen/ta-bien-thanh-than-chi-miketsu-Yx4pSPTaEDsTLP3m
Tim đập vì ngươi,Mẫn Nhiên,"Nguyên sang , Bách hợp , Hiện đại , HE , Tình cảm , Gương vỡ lại lành , Vườn trường , Hỗ công , Đô thị tình duyên",Hoàn thành,52328,346,6,77,https://wikicv.net/truyen/tim-dap-vi-nguoi-X_xjr0bIjhZSwhat
Nữ chủ khuê mật không dễ làm ( mạt thế ),Cô Đăng,"Nguyên sang , Bách hợp , Tương lai , HE , Tình cảm , Kinh dị , Mạt thế , Dị năng , Ngọt văn , Xuyên thư , Nữ phụ , Chủ thụ , Cận thủy lâu đài , Duyên trời tác hợp , Kim bài đề cử 🥇",Hoàn thành,52246,757,7,287,https://wikicv.net/truyen/nu-chu-khue-mat-khong-de-lam-mat-the-X0r0YmHe7HPaaHvR
Mê mẩn,Thanh Thang Xuyến Hương Thái,"Nguyên sang , Bách hợp , Hiện đại , HE , Tình cảm , Hỗ công , Đô thị tình duyên , Duyên trời tác hợp , 1v1",Hoàn thành,52216,667,1,181,https://wikicv.net/truyen/me-man-X7RKL1S4CF8rqlL0
Cậy sủng sinh kiều [ trọng sinh ],An Tiêu Tô Tô,"Nguyên sang , Bách hợp , Hiện đại , HE , Tình cảm , Ngọt văn , Trọng sinh , Hào môn thế gia , Giới giải trí , Thanh mai trúc mã , Niên thượng , Chủ thụ , Nhẹ nhàng , Đô thị tình duyên , Duyên trời tác hợp , Kim bài đề cử 🥇 , 1v1",Hoàn thành,52214,561,5,107,https://wikicv.net/truyen/cay-sung-sinh-kieu-trong-sinh-XLslN1S4CHv8SsQ0
Xuyên nhanh chi mỗi ngày đều ở liêu nữ chủ,Khoái Giá Hữu Cá Đậu Bỉ,"Nguyên sang , Bách hợp , Cổ đại , Hiện đại , HE , Tình cảm , Ngọt văn , Hệ thống , Xuyên nhanh , Xuyên thư , Chủ công , Nữ phụ , Nhẹ nhàng , 1v1",Hoàn thành,52180,412,15,126,https://wikicv.net/truyen/xuyen-nhanh-chi-moi-ngay-deu-o-lieu-nu-c-W8yA01S4CD6gBkUt
Ngày Tháng Ở Cạnh Sủng Phi,Phúc Khí Ngận Đại,"Nguyên sang , Bách hợp , Cổ đại , HE , Tình cảm , Xuyên việt , Ngọt văn , Sinh con , Cung đình hầu tước , Nhiều CP , Cận thủy lâu đài , 1v1",Hoàn thành,52137,120,6,6,https://wikicv.net/truyen/ngay-thang-o-canh-sung-phi-Wgh7IO8h7FU%7EWHV0
[ Mau xuyên ] Mỹ nhân mười hai cuốn,Bát Bộ Liên Tâm,"Nguyên sang , Bách hợp , Cổ đại , HE , Tình cảm , Huyền huyễn , Xuyên việt , Xuyên nhanh , Lịch sử , Sảng văn",Hoàn thành,52094,264,8,77,https://wikicv.net/truyen/mau-xuyen-my-nhan-muoi-hai-cuon-WBrae3CVfH9tfQyD
Toàn chức khuê mật: Có ta ngươi còn đánh cái gì công a,Tinh Huy,"Nguyên sang , Bách hợp , Hiện đại , HE , Tình cảm , Làm sự nghiệp , Xuyên việt , Làm giàu , Hào môn thế gia , Nhẹ nhàng , Hài hước , Ấm áp , Thị giác nữ chủ , Nãi nãi , Hằng ngày",Hoàn thành,52087,1766,35,735,https://wikicv.net/truyen/toan-chuc-khue-mat-co-ta-nguoi-con-danh--ZuS8_fTaEFgUfvok
Từ Cardcaptor Sakura bắt đầu ao cá nuôi dưỡng,Lật Tử Tử Lật,"Diễn sinh , Bách hợp , Hiện đại , OE , Tình cảm , Manga anime , Sinh tồn , Xuyên việt , Ma pháp , Thần tiên yêu quái , Thế giới song song , Thị giác nữ chủ , Lữ hành , CC Sakura",Hoàn thành,52081,1915,39,382,https://wikicv.net/truyen/tu-cardcaptor-sakura-bat-dau-ao-ca-nuoi--ZAQIATu263EXd_D%7E
Kết hôn sau ảnh đế tổng tưởng cho ta lưu di sản,Quan Chân,"Nguyên sang , Đam mỹ , Hiện đại , HE , Tình cảm , Ngọt văn , Hệ thống , Xuyên thư , Giới giải trí , Cưới trước yêu sau , Chủ thụ , Nhẹ nhàng , Xuyên thành vai ác , 1v1",Hoàn thành,265547,4429,164,,https://wikicv.net/truyen/ket-hon-sau-anh-de-tong-tuong-cho-ta-luu-Xfl%7EZ1S4CAfVmKBu
Người chế tác hoạt hình mạnh nhất [ Trọng sinh ],Đàm Sơ,"Nguyên sang , Đam mỹ , Hiện đại , HE , OE , Tình cảm , Manga anime , Khoa học viễn tưởng , Ngọt văn , Trọng sinh , Hệ thống , Giới giải trí , Cường cường , Chủ thụ , Sảng văn , Nhẹ nhàng , Bình bộ thanh vân , Thiên chi kiêu tử , Ấm áp , Kim bài đề cử 🥇 , 1v1 , Viết văn , Chức nghiệp tinh anh",Hoàn thành,180738,4424,168,,https://wikicv.net/truyen/nguoi-che-tac-hoat-hinh-manh-nhat-trong--XOC_tFS4CFzbQ0F2
"Cấm mơ ước đáng yêu người chơi [ vô hạn ] / Vạn nhân mê không sợ gì cả [ vô hạn ] / Vô hạn thế giới, cấm luyến ái",Tiểu Kim Ô,"Nguyên sang , Đam mỹ , Tương lai , HE , Tình cảm , Hệ thống , Vô hạn lưu , Chủ thụ , Sảng văn , Linh dị thần quái , 1v1 , Vạn nhân mê",Chưa xác minh,189545,4422,117,,https://wikicv.net/truyen/cam-mo-uoc-dang-yeu-nguoi-choi-vo-han-va-YQSx81S4CErqte2_
Tử Thần đại nhân hắn C vị xuất đạo,Kim Phỉ,"Nguyên sang , Đam mỹ , Hiện đại , HE , Tình cảm , Huyền huyễn , Huyền học , Ngọt văn , Giới giải trí , Chủ thụ , Sảng văn , Kim bài đề cử 🥇 , Linh dị thần quái , 1v1",Hoàn thành,261446,4416,62,,https://wikicv.net/truyen/tu-than-dai-nhan-han-c-vi-xuat-dao-XkGEODzLcnDOpEKe
Xuyên thư: Hung ác nham hiểm Thái Tử tiểu nhân sâm tinh,Vân Sơ Đường,"Nguyên sang , Đam mỹ , Cổ đại , HE , Tình cảm , Huyền huyễn , Ngọt văn , Song khiết 🕊️ , Xuyên thư , Hào môn thế gia , Chủ thụ , Cung đình hầu tước , Sảng văn , Nhẹ nhàng , Pháo hôi , Duyên trời tác hợp , Kim bài đề cử 🥇 , Linh dị thần quái , 1v1 , Thị giác nam chủ",Hoàn thành,238205,4416,101,,https://wikicv.net/truyen/xuyen-thu-hung-ac-nham-hiem-thai-tu-tieu-YqQLyFS4CEdTqIY1
Tu chân giới ấu tể cầu sinh chỉ nam,Thải Thải Lai Liễu,"Nguyên sang , Đam mỹ , Cổ đại , HE , Tình cảm , Huyền huyễn , Tu chân , Ngọt văn , Trọng sinh , Song khiết 🕊️ , Chủ thụ , Ấm áp , 1v1 , Đoàn sủng , Chữa lành",Hoàn thành,226729,4416,238,,https://wikicv.net/truyen/tu-chan-gioi-au-te-cau-sinh-chi-nam-ZWMMDVS4CFz2SMke
Xuyên thư: Đương xã khủng xuyên thành internet tra công sau,Bát Nguyệt Trung Lâm,"Nguyên sang , Đam mỹ , Hiện đại , HE , Tình cảm , Ngọt văn , Song khiết 🕊️ , Xuyên thư , Chủ công , Hào môn thế gia , Vườn trường , Nhẹ nhàng , Đô thị tình duyên , Kim bài đề cử 🥇 , 1v1",Hoàn thành,198325,4415,152,,https://wikicv.net/truyen/xuyen-thu-duong-xa-khung-xuyen-thanh-int-YprlxVS4CBa6zFw3
Tiên sinh đoán mệnh sao?,Thính Thuyết Ngã Thị Hắc Sơn Lão Yêu,"Nguyên sang , Đam mỹ , Hiện đại , HE , Tình cảm , Huyền học , Xuyên việt , Ngọt văn , Phong thủy , Chủ thụ , Sảng văn , Nhẹ nhàng , Linh dị thần quái , 1v1",Hoàn thành,455483,4409,127,,https://wikicv.net/truyen/tien-sinh-doan-menh-sao-WyRvWu8h7ArxXKOO
Dẫn đường hắn thật sự không nghĩ cuốn [ trọng sinh ],Yến Dạ Lí,"Nguyên sang , Đam mỹ , Tương lai , HE , Tình cảm , Báo thù , Ngọt văn , Trọng sinh , Lính gác dẫn đường , Chủ thụ , Kim bài đề cử 🥇 , Ngược tra , Vả mặt , 1v1",Hoàn thành,84735,4404,89,,https://wikicv.net/truyen/dan-duong-han-that-su-khong-nghi-cuon-tr-YLCLw1S4CBs6jHGX
Cá mặn kết hôn,Thừa Việt,"Nguyên sang , Đam mỹ , Hiện đại , HE , Tình cảm , Ngọt văn , Song khiết 🕊️ , Chủ thụ , Khế ước tình nhân , Nhẹ nhàng , Đô thị tình duyên , Duyên trời tác hợp , Kim bài đề cử 🥇 , 1v1 , Thị giác nam chủ",Hoàn thành,191356,4404,172,,https://wikicv.net/truyen/ca-man-ket-hon-YgjkdVS4CDIVXsRq
[ Xuyên nhanh ] Đem vai phụ sinh ra đi!,Cô Độc Đích Bình Tử,"Diễn sinh , Đam mỹ , Cổ đại , Hiện đại , HE , Tình cảm , Manga anime , Ngọt văn , Hệ thống , Xuyên nhanh , Xuyên thư , Sinh con , Song tính , Chủ thụ , Nhẹ nhàng",Hoàn thành,605918,4403,299,,https://wikicv.net/truyen/xuyen-nhanh-dem-vai-phu-sinh-ra-di-WXLqz%7E8h7C59j8sN
Vai chính nhóm đều tưởng độc chiếm ta [ xuyên nhanh ],Thu Thu Đại Vương,"Nguyên sang , Đam mỹ , Hiện đại , OE , Tình cảm , Huyền huyễn , Xuyên việt , Xuyên nhanh , Chủ thụ , Sảng văn , Nhẹ nhàng , Vạn nhân mê",Hoàn thành,231359,4402,203,,https://wikicv.net/truyen/vai-chinh-nhom-deu-tuong-doc-chiem-ta-xu-ZGxwAlS4CBiekp8q
Mãn cấp tà thần hàng không thần quái phát sóng trực tiếp [ vô hạn ],Tuế Thời Khâm,"Nguyên sang , Đam mỹ , Hiện đại , HE , Tình cảm , Cường cường , Vô hạn lưu , Chủ thụ , Sảng văn , Nhẹ nhàng , Linh dị thần quái , Cthulhu",Hoàn thành,110902,4400,52,,https://wikicv.net/truyen/man-cap-ta-than-hang-khong-than-quai-pha-YF%7EiJlS4CDpQVc9m
"Xuyên thành sư tôn, nhưng khai tổ hội",Túc Tinh Xuyên,"Nguyên sang , Đam mỹ , Cổ đại , HE , Tình cảm , Tu chân , Hệ thống , Xuyên thư , Cường cường , Chủ thụ , Sảng văn , Kim bài đề cử 🥇 , Kim Bảng 🏆 , Sư đồ , 1v1",Hoàn thành,100044,4400,461,,https://wikicv.net/truyen/xuyen-thanh-su-ton-nhung-khai-to-hoi-ZhLBt_TaEBBJ00oB
Ta bị lừa hôn!!!,Hắc Miêu Nghễ Nghễ,"Nguyên sang , Đam mỹ , Hiện đại , HE , Tình cảm , Ngọt văn , Giới giải trí , Chủ thụ , Sảng văn , Nhẹ nhàng , Linh dị thần quái , 1v1",Hoàn thành,261807,4394,117,,https://wikicv.net/truyen/ta-bi-lua-hon-Xmw76lS4CAzwflv%7E
[ tổng anh mỹ ] Phi bình thường áo choàng sử dụng sổ tay,Uyển Dịch,"Diễn sinh , Đam mỹ , Hiện đại , HE , Tình cảm , Trinh thám , Phá án , Chủ thụ , Nhẹ nhàng , Siêu anh hùng , Phương Tây , Kim bài đề cử 🥇 , Phim Anh Mỹ , Marvel , Áo choàng lưu , DC",Hoàn thành,67486,4393,50,,https://wikicv.net/truyen/tong-anh-my-phi-binh-thuong-ao-choang-su-ZbvyL1S4CGzj8YUj
Ngoài ý muốn cùng địch quốc Thái Tử có nhãi con sau / Ngoài ý muốn hoài địch quốc Thái Tử nhãi con,Nhược Lan Chi Hoa,"Nguyên sang , Đam mỹ , Cổ đại , HE , Tình cảm , Ngọt văn , Sinh con , Hào môn thế gia , Cường cường , Chủ thụ , Cung đình hầu tước , Nhẹ nhàng , Kim bài đề cử 🥇 , 1v1 , Thị giác nam chủ , Mất trí nhớ , Dưỡng oa",Hoàn thành,361301,4386,242,,https://wikicv.net/truyen/ngoai-y-muon-cung-dich-quoc-thai-tu-co-n-Yhv5V1S4CD8geP7o
Phu lang là cái kiều khí bao,Đảo Lí Thiên Hạ,"Nguyên sang , Đam mỹ , Cổ đại , HE , Tình cảm , Làm ruộng , Sinh con , Chủ công , Kim bài đề cử 🥇",Hoàn thành,280200,4378,90,,https://wikicv.net/truyen/phu-lang-la-cai-kieu-khi-bao-ZTPhRVS4CH6igbEs
Hào môn lão nam nhân nhị hôn nam thê ( trọng sinh ),Quất Tử Chu,"Nguyên sang , Đam mỹ , Cận đại , Hiện đại , HE , Tình cảm , Ngọt văn , Trọng sinh , Sinh con , Hào môn thế gia , Chủ thụ , Nhẹ nhàng , 1v1",Hoàn thành,492062,4377,194,,https://wikicv.net/truyen/hao-mon-lao-nam-nhan-nhi-hon-nam-the-tro-XO%7E56lS4CA5SKQkj
Tận thế tông sư,Thanh Khâu Thiên Dạ,"Nguyên sang , Đam mỹ , Hiện đại , HE , Tình cảm , Mạt thế , Huyền huyễn , Dị năng , Xuyên nhanh , Vô hạn lưu , Chủ thụ , Sảng văn , Hắc ám , Kim bài đề cử 🥇 , Linh dị thần quái , 1v1",Hoàn thành,302843,4372,134,,https://wikicv.net/truyen/tan-the-tong-su-WKQxDnCVfGjKbOpq
Hố quá ta đều quỳ cầu ta làm người / Ta thật sự quá khó khăn,Tiểu Miêu Bất Ái Khiếu,"Nguyên sang , Đam mỹ , Hiện đại , HE , Tình cảm , Làm ruộng , Hệ thống , Mỹ thực , Vườn trường , Cường cường , Y thuật , Chủ thụ , Sảng văn , Nhẹ nhàng , Hài hước , Ấm áp , Kim bài đề cử 🥇 , Ngược tra , Vả mặt , 1v1 , Học bá",Hoàn thành,150471,4370,165,,https://wikicv.net/truyen/ho-qua-ta-deu-quy-cau-ta-lam-nguoi-ta-th-XpNMpFS4CAUzdkRy
Xuyên thành bạch liên Thái Tử Phi sau,Phân Phân Hòa Quang,"Nguyên sang , Đam mỹ , Cổ đại , HE , Tình cảm , Ngọt văn , Hệ thống , Song khiết 🕊️ , Xuyên thư , Hào môn thế gia , Cường cường , Chủ thụ , Cung đình hầu tước , Nhẹ nhàng , Kim bài đề cử 🥇 , Kim Bảng 🏆 , 1v1 , Nữ trang đại lão",Hoàn thành,272966,4366,234,,https://wikicv.net/truyen/xuyen-thanh-bach-lien-thai-tu-phi-sau-YM06B1S4CH1RVTQP
"Tướng quân, ngươi ức chế tề rớt [ xuyên thư ]",Tiếu Trì Tình,"Nguyên sang , Đam mỹ , Tương lai , HE , Tình cảm , Xuyên thư , Tinh tế , Cơ giáp , ABO , Cường cường , Chủ thụ , Sảng văn , Nhẹ nhàng , Kim bài đề cử 🥇 , 1v1",Hoàn thành,261263,4365,135,,https://wikicv.net/truyen/tuong-quan-nguoi-uc-che-te-rot-xuyen-thu-XofoWVS4CGVEsO5y
Ta ở huyền học văn tay xé tà ám,Vân Sơ Đường,"Nguyên sang , Đam mỹ , Hiện đại , HE , Tình cảm , Huyền học , Xuyên thư , Chủ thụ , Sảng văn , Nhẹ nhàng , Duyên trời tác hợp , Kim bài đề cử 🥇 , Linh dị thần quái , 1v1",Hoàn thành,289596,4363,64,,https://wikicv.net/truyen/ta-o-huyen-hoc-van-tay-xe-ta-am-ZJzsP1S4CGQtgXe1
Chúc mừng ngài thành công chạy trốn,Tang Ốc,"Nguyên sang , Đam mỹ , Hiện đại , HE , Tình cảm , Kinh dị , Trinh thám , Xuyên nhanh , Chủ công , Cường cường , Vô hạn lưu , Thăng cấp lưu , Sảng văn , Kim bài đề cử 🥇 , Kim Bảng 🏆 , Linh dị thần quái",Hoàn thành,280102,4361,203,,https://wikicv.net/truyen/chuc-mung-ngai-thanh-cong-chay-tron-W3U_6FS4CEbu23xI
Hiện đại tiểu thành hoàng,Y Lạc Thành Hỏa,"Nguyên sang , Đam mỹ , Hiện đại , HE , Tình cảm , Huyền huyễn , Ngọt văn , Chủ thụ , Sảng văn , Nhẹ nhàng , Thanh thủy văn , Duyên trời tác hợp , Kim bài đề cử 🥇 , Kim Bảng 🏆 , Linh dị thần quái , 1v1",Hoàn thành,267490,4361,113,,https://wikicv.net/truyen/hien-dai-tieu-thanh-hoang-W4IklVS4CCwqmzab
Tinh tế mạnh nhất văn chương sư,Túy Nhiễm Khinh Ca,"Nguyên sang , Đam mỹ , Tương lai , HE , Tình cảm , Khoa học viễn tưởng , Huyền huyễn , Tu chân , Xuyên việt , Trọng sinh , Thú nhân , Song khiết 🕊️ , Tinh tế , Cơ giáp , Cường cường , Thăng cấp lưu , Chủ thụ , Sảng văn , Hoán đổi linh hồn , Kim bài đề cử 🥇 , Kim Bảng 🏆 , Ngược tra , 1v1",Hoàn thành,709718,4356,109,,https://wikicv.net/truyen/tinh-te-manh-nhat-van-chuong-su-WVMFNO8h7G2QPTA3
Đương hung trạch trở thành vạn người ngại về sau,Tô Từ Lí,"Nguyên sang , Đam mỹ , Hiện đại , HE , Tình cảm , Huyền huyễn , Dị năng , Ngọt văn , Giới giải trí , Cường cường , Chủ thụ , Sảng văn , 1v1 , Vô địch lưu , Thật giả thiếu gia",Hoàn thành,279124,4354,209,,https://wikicv.net/truyen/duong-hung-trach-tro-thanh-van-nguoi-nga-YWinO1S4CGUAR%7EPw
Sắm vai đại lão đệ đệ sau hắn chết độn/Huynh đệ bắt chước khí,Nhất Giang Tửu Lai,"Diễn sinh , Đam mỹ , Hiện đại , HE , Tình cảm , Manga anime , Vô hạn lưu , Chủ thụ , Kim bài đề cử 🥇 , Kim Bảng 🏆 , Bungo Stray Dogs , Jujutsu Kaisen",Hoàn thành,140036,4352,246,,https://wikicv.net/truyen/sam-vai-dai-lao-de-de-sau-han-chet-don-h-ZTPhh1S4CH%7EX8Dhy
Ma Tôn hắn có miêu,Tỉnh Đông,"Nguyên sang , Đam mỹ , Cổ đại , HE , Tình cảm , Tiên hiệp , Tu chân , Xuyên việt , Ngọt văn , Xuyên thư , Chủ thụ , Sảng văn , Kim bài đề cử 🥇 , 1v1 , Manh sủng",Hoàn thành,171632,4343,121,,https://wikicv.net/truyen/ma-ton-han-co-mieu-YZCMT1S4CD1ZcDGE
Vạn nhân mê hôm nay OOC sao 2,Tẩy Y Phấn,"Diễn sinh , Đam mỹ , Cổ đại , OE , Tình cảm , Võ hiệp , Kinh dị , Manga anime , Dị năng , Xuyên nhanh , Chủ thụ , Linh dị thần quái , Phim Anh Mỹ , Bungo Stray Dogs , Jack Sue , Jujutsu Kaisen , Tra thụ , Bảng Phong Thần , Hải vương",Hoàn thành,219567,4337,241,,https://wikicv.net/truyen/van-nhan-me-hom-nay-ooc-sao-2-YCR61VS4CHjTAXO3
Nông gia tử làm quan lộ,Thụy Sa,"Nguyên sang , Đam mỹ , Cổ đại , HE , Tình cảm , Làm ruộng , Quan trường , Xuyên việt , Sinh con , Chủ công , Cung đình hầu tước , Nhẹ nhàng , Nam nam thế giới , Kim bài đề cử 🥇",Hoàn thành,625382,4332,93,,https://wikicv.net/truyen/nong-gia-tu-lam-quan-lo-WxylEO8h7CwMxTMq
Mỗi lần xuyên thư đều bị bức thần biến chuyển,Ngư Tiểu Quai Quai,"Nguyên sang , Đam mỹ , Cổ đại , Cận đại , Hiện đại , HE , Tình cảm , Huyền huyễn , Xuyên việt , Ngọt văn , Hệ thống , Song khiết 🕊️ , Xuyên nhanh , Xuyên thư , Cường cường , Chủ thụ , 1v1",Hoàn thành,95801,4332,104,,https://wikicv.net/truyen/moi-lan-xuyen-thu-deu-bi-buc-than-bien-c-Xb%7EJOFS4CEjPHHEL
Xuyên nhanh: Tiểu đáng thương ở Tu La tràng sứt đầu mẻ trán,Dụ Li,"Nguyên sang , Đam mỹ , Hiện đại , HE , Tình cảm , Ngọt văn , Hệ thống , Xuyên nhanh , Chủ thụ , Sảng văn , Nhẹ nhàng , Đô thị tình duyên , Nhược thụ , Nghịch tập , 1v1 , Mary Sue , Vạn nhân mê , Liếm cẩu , Chiếm hữu dục , Mỹ thụ , Tu la tràng",Hoàn thành,280478,4330,264,,https://wikicv.net/truyen/xuyen-nhanh-tieu-dang-thuong-o-tu-la-tra-YeTd1VS4CCeoLrtE
Cá mặn không nghĩ kế thừa trăm tỷ hào môn,Thứ Vị Đích Đường Quả Than,"Nguyên sang , Đam mỹ , Hiện đại , HE , Tình cảm , Xuyên thư , Cường cường , Chủ thụ , Sảng văn , Nhẹ nhàng , Kim bài đề cử 🥇",Hoàn thành,255652,4321,117,,https://wikicv.net/truyen/ca-man-khong-nghi-ke-thua-tram-ty-hao-mo-YD2ZxjzLcmib3Jys
Thử sinh trường,Nguyệt Hạ Tang,"Nguyên sang , Đam mỹ , Cổ đại , HE , Tình cảm , Dị thế , Tu chân , Xuyên việt , Chủ thụ , Kim bài đề cử 🥇 , 1v1",Hoàn thành,185028,4317,167,,https://wikicv.net/truyen/thu-sinh-truong-YFmVJVS4CDuE8rQp
Sa điêu pháo hôi hắn quá moi,Trần Ngũ Dã,"Nguyên sang , Đam mỹ , Hiện đại , HE , Tình cảm , Ngọt văn , Trọng sinh , Song khiết 🕊️ , Xuyên thư , Hào môn thế gia , Giới giải trí , Hoan hỉ oan gia , Song hướng yêu thầm , Chủ thụ , Nhẹ nhàng , Hài hước , Đô thị tình duyên , Cận thủy lâu đài , Pháo hôi , Duyên trời tác hợp , Kim bài đề cử 🥇 , 1v1",Hoàn thành,272745,4316,210,,https://wikicv.net/truyen/sa-dieu-phao-hoi-han-qua-moi-YvMZsFS4CCMlFeHn
Xuyên thành vai ác phải sống sót như thế nào,Y Y Dĩ Dực,"Nguyên sang , Đam mỹ , Cổ đại , Hiện đại , HE , Tình cảm , Xuyên việt , Xuyên thư , Cẩu huyết , Ngược văn , Chủ thụ , Cung đình hầu tước , Sảng văn , Nhiều CP , Hài hước , Pháo hôi , 1v1",Hoàn thành,1344953,4315,292,,https://wikicv.net/truyen/xuyen-thanh-vai-ac-phai-song-sot-nhu-the-XVwrkDu262f2vnww
Câu hệ mỹ nhân cùng cố chấp đại lão liên hôn,Ứng Kỳ,"Nguyên sang , Đam mỹ , Hiện đại , HE , Tình cảm , Ngọt văn , Song khiết 🕊️ , Xuyên thư , Hào môn thế gia , Giới giải trí , Cường cường , Cưới trước yêu sau , Chủ thụ , Nhẹ nhàng , Kiếp trước kiếp này , Phát sóng trực tiếp , Kim bài đề cử 🥇 , Vả mặt , 1v1 , Thật giả thiếu gia",Hoàn thành,288249,4299,66,,https://wikicv.net/truyen/cau-he-my-nhan-cung-co-chap-dai-lao-lien-Y47nxlS4CH1RdndW
Quyền môn độc hậu,Nhan Nhược Ưu Nhã,"Nguyên sang , Đam mỹ , Cổ đại , HE , Tình cảm , Ngọt văn , Trọng sinh , Song khiết 🕊️ , Sinh con , Song tính , Cung đấu , Trạch đấu , Cường cường , Chủ thụ , Cung đình hầu tước , Sảng văn , Ngược tra , Liên Thành 4 sao , 1v1",Hoàn thành,1191265,4295,78,,https://wikicv.net/truyen/quyen-mon-doc-hau-XW0pGju260c1sG%7E5
Tiểu nói lắp mang nhãi con thượng oa tổng,Nhị Nguyệt Sơ Cửu,"Nguyên sang , Đam mỹ , Hiện đại , HE , Tình cảm , Ngọt văn , Xuyên thư , Hào môn thế gia , Giới giải trí , Chủ thụ , Phát sóng trực tiếp , Kim bài đề cử 🥇 , Ngân bài đề cử 🥈 , Kim Bảng 🏆 , 1v1 , Manh bảo , Dưỡng oa , Oa tổng",Hoàn thành,300471,4281,41,,https://wikicv.net/truyen/tieu-noi-lap-mang-nhai-con-thuong-oa-ton-ZAHOi1S4CBiM5ap3
Xuyên đến thời Trung cổ đương mục sư,Chỉ Tiêm Ngôn,"Nguyên sang , Đam mỹ , Cổ đại , Cận đại , HE , Khoa học viễn tưởng , Làm ruộng , Xây dựng , Xuyên việt , Tùy thân không gian , Mỹ thực , Làm giàu , Chủ thụ , Sảng văn , Tây huyễn , Cận thủy lâu đài , Phương Tây , Kim bài đề cử 🥇 , Ngân bài đề cử 🥈 , 1v1 , Chậm nhiệt",Hoàn thành,127885,4276,67,,https://wikicv.net/truyen/xuyen-den-thoi-trung-co-duong-muc-su-Zhb1KlS4CEPQb563
Chữa khỏi cái kia tiểu đáng thương [ xuyên nhanh ],Mặc Thủy Tâm,"Nguyên sang , Đam mỹ , Cổ đại , HE , Tình cảm , Xuyên việt , Ngọt văn , Song khiết 🕊️ , Xuyên nhanh , Chủ thụ , Nhẹ nhàng , Vả mặt , 1v1",Hoàn thành,248914,4273,155,,https://wikicv.net/truyen/chua-khoi-cai-kia-tieu-dang-thuong-xuyen-X_UAuFS4CAlw3ohN
Đại đâm âm dương lộ,Mộc Hề Nương,"Nguyên sang , Đam mỹ , Hiện đại , HE , Tình cảm , Huyền huyễn , Huyền học , Ngọt văn , Song khiết 🕊️ , Phong thủy , Cường cường , Niên thượng , Chủ thụ , Nhẹ nhàng , Nhiều CP , Kim bài đề cử 🥇 , Kim Bảng 🏆 , Linh dị thần quái , 1v1",Hoàn thành,468288,4268,202,,https://wikicv.net/truyen/dai-dam-am-duong-lo-WwC3vO8h7E_eLd_y
Không trung cô đảo [ mạt thế ],Hôi Cốc,"Nguyên sang , Đam mỹ , Hiện đại , HE , Tình cảm , Mạt thế , Làm ruộng , Xây dựng , Trọng sinh , Thăng cấp lưu , Chủ thụ",Hoàn thành,167461,4265,92,,https://wikicv.net/truyen/khong-trung-co-dao-mat-the-ZsFTqFS4CGkGf0YK
Pháo hôi tay xé vai chính quang hoàn [ xuyên nhanh ],Dương Liễu Thùy Đê,"Nguyên sang , Đam mỹ , Cổ đại , Hiện đại , Tương lai , HE , Tình cảm , Mạt thế , Báo thù , Tu chân , Hệ thống , Xuyên nhanh , Xuyên thư , Hào môn thế gia , ABO , Giới giải trí , Chủ thụ , Pháo hôi , Ngược tra , Vả mặt , 1v1 , Nam phụ , Thật giả thiếu gia",Hoàn thành,573947,4263,173,,https://wikicv.net/truyen/phao-hoi-tay-xe-vai-chinh-quang-hoan-xuy-X_kz_VS4CESZHN24
Toàn thế giới đều cho rằng ta ở khoe giàu,Đình Băng,"Nguyên sang , Đam mỹ , Hiện đại , HE , Tình cảm , Hệ thống , Chủ thụ , Sảng văn , Vả mặt",Hoàn thành,149495,4259,43,,https://wikicv.net/truyen/toan-the-gioi-deu-cho-rang-ta-o-khoe-gia-Y%7ES2G1S4CGWyQao2
Hào môn uông hằng ngày,Nam Thư,"Nguyên sang , Đam mỹ , Hiện đại , HE , Tình cảm , Huyền huyễn , Ngọt văn , Trọng sinh , Hào môn thế gia , Giới giải trí , Chủ thụ , Sảng văn , Nhẹ nhàng , Nhiều CP , Hài hước , Đô thị tình duyên , Bình bộ thanh vân , Ấm áp , Kim bài đề cử 🥇 , Kim Bảng 🏆 , 1v1 , Main là động vật",Hoàn thành,252610,4256,119,,https://wikicv.net/truyen/hao-mon-uong-hang-ngay-Wgwfs%7E8h7AyMMOsy
Mã QR năng lượng cao,Thanh Sắc Vũ Dực,"Nguyên sang , Đam mỹ , Hiện đại , HE , Tình cảm , Chủ công , Vô hạn lưu",Hoàn thành,216020,4256,237,,https://wikicv.net/truyen/ma-qr-nang-luong-cao-XIjN01S4CC6_tJLc
Cá mặn xuyên thư sau phát hiện cả nhà đều là vai ác,Trĩ Đường,"Nguyên sang , Đam mỹ , Tương lai , HE , Tình cảm , Ngọt văn , Xuyên thư , Tinh tế , Gương vỡ lại lành , Chủ thụ , Kim bài đề cử 🥇 , Kim Bảng 🏆 , 1v1 , Dưỡng oa",Hoàn thành,613505,4253,277,,https://wikicv.net/truyen/ca-man-xuyen-thu-sau-phat-hien-ca-nha-de-YxCEWVS4CAhzDHIj
Sinh nhãi con trong trò chơi thần quái,Lộ Quy Đồ,"Nguyên sang , Đam mỹ , Cận đại , Hiện đại , HE , Tình cảm , Kinh dị , Xuyên việt , Ngọt văn , Sinh con , Cường cường , Vô hạn lưu , Chủ thụ , Cải trang giả dạng , Linh dị thần quái , 1v1",Hoàn thành,240705,4248,165,,https://wikicv.net/truyen/sinh-nhai-con-trong-tro-choi-than-quai-Xd8tjVS4CGqUkKg5
Này chỉ ấu tể quá mức đáng yêu,La Bặc Hải,"Nguyên sang , Đam mỹ , Tương lai , HE , Tình cảm , Khoa học viễn tưởng , Ngọt văn , Song khiết 🕊️ , Sinh con , Tinh tế , Hào môn thế gia , ABO , Cường cường , Thanh mai trúc mã , Niên thượng , Chủ thụ , Sảng văn , Nhẹ nhàng , Nhiều CP , Hài hước , Cận thủy lâu đài , Ấm áp , 1v1 , Manh bảo , Đoàn sủng , Mỹ công",Hoàn thành,377000,4248,80,,https://wikicv.net/truyen/nay-chi-au-te-qua-muc-dang-yeu-ZEvqiFS4CGrgiJsn
Đồ cổ xuống núi,Duyên Hà Cố,"Nguyên sang , Đam mỹ , Hiện đại , HE , Tình cảm , Huyền học , Thần tiên yêu quái , Song khiết 🕊️ , Phong thủy , Làm giàu , Thần thoại , Chủ thụ , Sảng văn , Kim bài đề cử 🥇 , Kim Bảng 🏆 , Linh dị thần quái , 1v1",Hoàn thành,384305,4241,306,,https://wikicv.net/truyen/do-co-xuong-nui-W7gyeVS4CFPjyG6s
Tô biến Tu Chân giới / Tiếu sơ cuồng [ tu tiên ],Mộ Hàn Công Tử,"Nguyên sang , Đam mỹ , Cổ đại , HE , Tình cảm , Tiên hiệp , Tu chân , Song khiết 🕊️ , Cường cường , Thanh mai trúc mã , Thăng cấp lưu , Chủ thụ , Sảng văn , Nhiều CP , Hài hước , Thiên chi kiêu tử , Ấm áp , Kim bài đề cử 🥇 , 1v1",Hoàn thành,132328,4240,53,,https://wikicv.net/truyen/to-bien-tu-chan-gioi-tieu-so-cuong-tu-ti-Wc_7OO8h7BpiOXf8
Đỉnh cấp công lược [ xuyên thư ],Tiêu Đường Đông Qua,"Nguyên sang , Đam mỹ , Tương lai , HE , Tình cảm , Xuyên việt , Hệ thống , Xuyên thư , ABO , Cường cường , Chủ thụ , Nhẹ nhàng , Kim bài đề cử 🥇 , 1v1",Hoàn thành,140717,4227,265,,https://wikicv.net/truyen/dinh-cap-cong-luoc-xuyen-thu-ZLJZN1S4CEnUO%7Ebh
Mang theo hoàng đế cha thượng oa tổng,Nam Đào,"Nguyên sang , Đam mỹ , Hiện đại , HE , Tình cảm , Xuyên việt , Ngọt văn , Cổ xuyên kim , Hào môn thế gia , Giới giải trí , Chủ thụ , Sảng văn , Kim bài đề cử 🥇 , Kim Bảng 🏆 , Vả mặt , 1v1 , Song xuyên , Xuyên về thế giới cũ",Hoàn thành,205629,4225,98,,https://wikicv.net/truyen/mang-theo-hoang-de-cha-thuong-oa-tong-YylXOFS4CGkwNvSK
Ta ở tinh tế thần thoại sống lại / Ta dựa áo choàng trở thành chúa cứu thế [tinh tế],Bỉnh Yên,"Nguyên sang , Đam mỹ , Tương lai , HE , Tình cảm , Khoa học viễn tưởng , Huyền huyễn , Xuyên việt , Hệ thống , Tinh tế , Cơ giáp , Chủ thụ , Sảng văn , Linh dị thần quái , Nghịch tập , Thị giác nam chủ , Trùng tộc , Áo choàng lưu",Hoàn thành,201664,4222,58,,https://wikicv.net/truyen/ta-o-tinh-te-than-thoai-song-lai-ta-dua--Y8S6IFS4CEHLEeQJ
Thiên tai mạt thế hành,Nam Thư,"Nguyên sang , Đam mỹ , Hiện đại , HE , Tình cảm , Mạt thế , Làm ruộng , Ngọt văn , Trọng sinh , Chủ thụ , Kim Bảng 🏆 , 1v1",Hoàn thành,387258,4219,151,,https://wikicv.net/truyen/thien-tai-mat-the-hanh-YHySN1S4CH_4QsaL
Pháo hôi công tam thành vạn nhân mê [ xuyên nhanh ],Ám Hương Phiêu Phù,"Nguyên sang , Đam mỹ , Hiện đại , HE , Tình cảm , Ngọt văn , Hệ thống , Xuyên nhanh , Xuyên thư , Chủ thụ , Pháo hôi , 1v1 , Vạn nhân mê",Chưa xác minh,277275,4218,148,,https://wikicv.net/truyen/phao-hoi-cong-tam-thanh-van-nhan-me-xuye-Yz6kxVS4CAsXFvWT
Mục tiêu là gả cho hào môn Alpha,Thường Hoa Nhất Tiếu,"Nguyên sang , Đam mỹ , Tương lai , HE , Tình cảm , Xuyên việt , Hệ thống , Cơ giáp , ABO , Chủ thụ , Kim Bảng 🏆 , 1v1 , Vạn nhân mê , Sa điêu , Mỹ thụ",Hoàn thành,119545,4211,61,,https://wikicv.net/truyen/muc-tieu-la-ga-cho-hao-mon-alpha-ZzS5S1S4CHDvxMzL
Giả vai chính thật ma vương [ Tổng ],Duy Mạc Đăng Hỏa,"Diễn sinh , Đam mỹ , Cận đại , Hiện đại , HE , Tình cảm , Manga anime , Huyền huyễn , Xuyên việt , Dị năng , Ngọt văn , Song khiết 🕊️ , Hắc bang , Cường cường , Chủ thụ , Sảng văn , Hài hước , Hitman Reborn , Thiên chi kiêu tử , Siêu anh hùng , Hoàng tử Tennis , Duyên trời tác hợp , Linh dị thần quái , 1v1 , Bungo Stray Dogs , K Project , My Hero Academia",Hoàn thành,206935,4207,166,,https://wikicv.net/truyen/gia-vai-chinh-that-ma-vuong-tong-XMexsFS4CBcNn6Gl
Mất trí nhớ sau ta thành Zenin ánh sáng,Xuy Đồng Vô Lương,"Diễn sinh , Đam mỹ , Hiện đại , HE , Tình cảm , Manga anime , Huyền huyễn , Xuyên việt , Thần tiên yêu quái , Hào môn thế gia , Cường cường , Chủ thụ , Nhẹ nhàng , Hài hước , Thiên chi kiêu tử , Kim bài đề cử 🥇 , Kim Bảng 🏆 , Linh dị thần quái , Triệu hoán lưu , Kimetsu no Yaiba , Jujutsu Kaisen , Qua lại thời không",Tạm ngưng,113719,4204,135,,https://wikicv.net/truyen/mat-tri-nho-sau-ta-thanh-zenin-anh-sang-YNJx6VS4CHbqGjAG
Thủ phụ gia mạo mỹ tiểu phu lang,Thỏ Nguyệt Quan,"Nguyên sang , Đam mỹ , Cổ đại , HE , Tình cảm , Làm ruộng , Quan trường , Xuyên thư , Sinh con , Chủ công , Nam nam thế giới , Kim bài đề cử 🥇 , 1v1",Hoàn thành,329638,4200,132,,https://wikicv.net/truyen/thu-phu-gia-mao-my-tieu-phu-lang-ZS3ou1S4CHduUFgq
Tra bốn cái tra công sau ta trốn chạy,Miêu Bát Tiên Sinh,"Nguyên sang , Đam mỹ , Hiện đại , HE , Tình cảm , Võ hiệp , Dị năng , Ngọt văn , Trọng sinh , Hệ thống , Xuyên thư , Cường cường , Thanh mai trúc mã , Hoan hỉ oan gia , Thăng cấp lưu , Song hướng yêu thầm , Chủ thụ , Sảng văn , Nhẹ nhàng , Hài hước , Trò chơi , Thiên chi kiêu tử , Cận thủy lâu đài , Pháo hôi , Duyên trời tác hợp , Ngược tra , Tương ái tương sát , Nghịch tập , Vả mặt , 1v1 , Bạch nguyệt quang",Hoàn thành,206950,4198,139,,https://wikicv.net/truyen/tra-bon-cai-tra-cong-sau-ta-tron-chay-Xv41bVS4CEfIfZL6
Nam chủ cùng vai ác đều là ta nhãi con [ xuyên thư ],Yên Liễu Nhược Vân,"Nguyên sang , Đam mỹ , Cổ đại , HE , Tình cảm , Tiên hiệp , Huyền huyễn , Tu chân , Hệ thống , Xuyên thư , Sinh con , Ngược văn , Chủ thụ , Sảng văn , Nhẹ nhàng , Tam giáo cửu lưu , Kim bài đề cử 🥇 , Kim Bảng 🏆 , 1v1",Hoàn thành,811178,4195,292,,https://wikicv.net/truyen/nam-chu-cung-vai-ac-deu-la-ta-nhai-con-x-XVYUgVS4CDbSjQt5
Người ở rể văn nam chủ đối ta xuống tay,Đào Lý Sanh Ca,"Nguyên sang , Đam mỹ , Hiện đại , HE , Tình cảm , Ngọt văn , Trọng sinh , Niên hạ , Xuyên thư , Hào môn thế gia , Chủ thụ , Kim bài đề cử 🥇 , 1v1",Hoàn thành,242758,4195,236,,https://wikicv.net/truyen/nguoi-o-re-van-nam-chu-doi-ta-xuong-tay-Yz6kaFS4CAsXFvWP
Nhà ta idol áo choàng lại rớt,Mặc Ngôn Mộc,"Nguyên sang , Đam mỹ , Hiện đại , HE , Tình cảm , Ngọt văn , Giới giải trí , Cường cường , Chủ thụ , Sảng văn , Nhẹ nhàng , Hài hước , Thiên chi kiêu tử , Duyên trời tác hợp , Vả mặt , 1v1 , Xuyên về thế giới cũ",Hoàn thành,451974,4193,98,,https://wikicv.net/truyen/nha-ta-idol-ao-choang-lai-rot-XglmVVS4CGU5EmjS
Tổng Anh Mỹ: Thỉnh các vị tuân kỷ thủ pháp / Tổng Anh Mỹ: Batfamily Ghost Rider,Hàm Ngư Mỗi Thiên Đô Tại Mạc Ngư,"Diễn sinh , Đam mỹ , Hiện đại , HE , Tình cảm , Harry Potter , Cường cường , Siêu anh hùng , Phương Tây , Phim Anh Mỹ , 1v1 , Fate , Marvel , Sherlock Holmes , Qua lại thời không , DC",Hoàn thành,42697,4192,58,,https://wikicv.net/truyen/tong-anh-my-thinh-cac-vi-tuan-ky-thu-pha-aLo6hvTaEHk%7EFQxt
Ở vô hạn thế giới đương BOSS lão sư,La Bặc Hải,"Nguyên sang , Đam mỹ , Tương lai , HE , Tình cảm , Vô hạn lưu , Chủ thụ , Sảng văn , Kim Bảng 🏆 , 1v1 , Đoàn sủng , Vạn nhân mê",Hoàn thành,152569,4191,94,,https://wikicv.net/truyen/o-vo-han-the-gioi-duong-boss-lao-su-Zpxk%7E1S4CDtsRVKy
Xuyên việt chi bưu hãn nhân sinh,Bắc Phong Xuy,"Nguyên sang , Đam mỹ , Cổ đại , HE , Tình cảm , Làm ruộng , Huyền huyễn , Xuyên việt , Dị năng , Chủ thụ , Sảng văn , Ngược tra , Vả mặt , 1v1",Hoàn thành,468669,4188,69,,https://wikicv.net/truyen/xuyen-viet-chi-buu-han-nhan-sinh-W7sy9FS4CH0gYi4D
Pháo hôi N hào [ xuyên nhanh ],Di Thiên Lí,"Nguyên sang , Đam mỹ , Hiện đại , HE , Tình cảm , Xuyên việt , Xuyên nhanh , Xuyên thư , Chủ thụ , 1v1",Hoàn thành,223542,4188,93,,https://wikicv.net/truyen/phao-hoi-n-hao-xuyen-nhanh-XtB1tFS4CFU81XVK
[ Tổng ] Tẩm nhập thức kịch bản thể nghiệm đại sư,Cật Đường Liễu Mạ,"Diễn sinh , Đam mỹ , Cận đại , Hiện đại , HE , Tình cảm , Manga anime , Huyền huyễn , Xuyên việt , Dị năng , Thần tiên yêu quái , Xuyên thư , Sảng văn , Hài hước , Thiên chi kiêu tử , Kim bài đề cử 🥇 , Linh dị thần quái , Bungo Stray Dogs , Kuroko no basket , Jujutsu Kaisen , Viết văn , Hắc thủ lưu , Qua lại thời không , Áo choàng lưu",Hoàn thành,119228,4188,220,,https://wikicv.net/truyen/tong-tam-nhap-thuc-kich-ban-the-nghiem-d-YMPQdFS4CDIiP8Ec
[Tổng Anh Mỹ] Bọn Họ Đều Nói Chúng Ta Ở Bên Nhau Là Lãng Phí Nhân Thiết,Ailsana,"Diễn sinh , Đam mỹ , Hiện đại , HE , Tình cảm , Manga anime , Xuyên việt , Ma pháp , Chủ công , Hắc bang , Cường cường , Siêu anh hùng , Phương Tây , Phim Anh Mỹ , 1v1 , Fate , Marvel , DC , Bình tĩnh",Chưa xác minh,69129,4184,287,,https://wikicv.net/truyen/tong-anh-my-bon-ho-deu-noi-chung-ta-o-be-Xq9eqFS4CG7%7EgBo8
Vongola bút ký,Quá Tử Lăng,"Diễn sinh , Đam mỹ , Hiện đại , HE , Manga anime , Khoa học viễn tưởng , Dị thế , Dị năng , Ngọt văn , Sinh con , Thanh mai trúc mã , Vô hạn lưu , Chủ thụ , Nhẹ nhàng , Hitman Reborn , Cải trang giả dạng , Hunter x Hunter , Hoàng tử Tennis , Duyên trời tác hợp , Ngân bài đề cử 🥈 , Thế giới song song , 1v1 , Conan , Chậm nhiệt , Qua lại thời không , Xem ảnh thể",Còn tiếp,90781,4183,27,,https://wikicv.net/truyen/vongola-but-ky-ZKSXcTzLcg3vJvV3
Xuyên tiến vai ác trong nhà đương đoàn sủng,Phong Mật Mạch Phiến,"Nguyên sang , Đam mỹ , Hiện đại , HE , Tình cảm , Ngọt văn , Hệ thống , Hào môn thế gia , Chủ thụ , Ấm áp , Mỹ nhân ngư , Xuyên thành vai ác , 1v1 , Manh bảo , Manh sủng , Đoàn sủng",Chưa xác minh,203235,4182,128,,https://wikicv.net/truyen/xuyen-tien-vai-ac-trong-nha-duong-doan-s-YnPDJFS4CCzgRf8_
Cầu sinh đếm ngược,Mộc Hề Nương,"Nguyên sang , Đam mỹ , Cổ đại , HE , Tình cảm , Quan trường , Xuyên việt , Ngọt văn , Xuyên thư , Phá án , Cung đấu , Cường cường , Chủ thụ , Cung đình hầu tước , Thiên chi kiêu tử , Duyên trời tác hợp , Xuyên thành vai ác , Kim bài đề cử 🥇 , 1v1 , Thật giả thiếu gia , Chức nghiệp tinh anh",Hoàn thành,358465,4181,377,,https://wikicv.net/truyen/cau-sinh-dem-nguoc-Yq%7Eeb1S4CDMt3k_R
Vô hạn lưu người chơi về hưu về sau,Tang Ốc,"Nguyên sang , Đam mỹ , Tương lai , HE , Tình cảm , Ngọt văn , Cường cường , Vô hạn lưu , Chủ thụ , Sảng văn , Kim bài đề cử 🥇 , 1v1",Hoàn thành,199202,4180,139,,https://wikicv.net/truyen/vo-han-luu-nguoi-choi-ve-huu-ve-sau-X49s_lS4CGCueM4o
Vạn nhân mê cầm pháo hôi kịch bản sau [ xuyên nhanh ],Chẩm Tịch Yểu Yểu,"Nguyên sang , Đam mỹ , Cổ đại , Hiện đại , Tương lai , OE , Tình cảm , Xuyên việt , Ngọt văn , Xuyên nhanh , Chủ thụ , Đoàn sủng , Vạn nhân mê",Hoàn thành,255236,4172,312,,https://wikicv.net/truyen/van-nhan-me-cam-phao-hoi-kich-ban-sau-xu-YLQ83lS4CBNXrVUR
Nam chủ lại lại lại lại đã chết [ xuyên nhanh ],Thính Thuyết Ngã Thị Hắc Sơn Lão Yêu,"Nguyên sang , Đam mỹ , Hiện đại , HE , Tình cảm , Báo thù , Song khiết 🕊️ , Xuyên nhanh , Xuyên thư , Cường cường , Chủ thụ , Sảng văn , Nhẹ nhàng , Pháo hôi , Nghịch tập , Vả mặt , 1v1",Hoàn thành,281005,4171,344,,https://wikicv.net/truyen/nam-chu-lai-lai-lai-lai-da-chet-xuyen-nh-XafYyFS4CAlZZfLL
"Không xong, ngủ quên rồi!",Du Du Tiên,"Nguyên sang , Đam mỹ , Tương lai , HE , Tình cảm , Ngọt văn , Niên hạ , Tinh tế , Chủ thụ , Kim bài đề cử 🥇 , 1v1",Hoàn thành,442823,4163,99,,https://wikicv.net/truyen/khong-xong-ngu-quen-roi-WuVORju2629dSPAR
Hắc liên hoa bị bắt vạn nhân mê [ xuyên nhanh ],Tinh Kỳ Thập,"Nguyên sang , Đam mỹ , Hiện đại , HE , Tình cảm , Ngọt văn , Xuyên nhanh , Chủ thụ , Nhược thụ , Vạn nhân mê , Liếm cẩu , Chiếm hữu dục , Mỹ thụ , Tu la tràng",Hoàn thành,253520,4159,156,,https://wikicv.net/truyen/hac-lien-hoa-bi-bat-van-nhan-me-xuyen-nh-Zb7PuVS4CCmSStDP
Nguyên liệu nấu ăn của ta trải rộng Tu Chân giới,Lão Đại Bạch Miêu,"Nguyên sang , Đam mỹ , Cổ đại , HE , Tình cảm , Tiên hiệp , Làm ruộng , Tu chân , Xuyên việt , Mỹ thực , Chủ thụ , Sảng văn , Kim bài đề cử 🥇 , 1v1",Hoàn thành,486381,4156,89,,https://wikicv.net/truyen/nguyen-lieu-nau-an-cua-ta-trai-rong-tu-c-X0kqxVS4CCk3CZ1f
Vương phi hắn phú khả địch quốc,Cách Bích Đích Gia Phỉ Miêu,"Nguyên sang , Đam mỹ , Cổ đại , HE , Tình cảm , Xây dựng , Xuyên việt , Ngọt văn , Chủ thụ , Sảng văn , Kim bài đề cử 🥇",Hoàn thành,249243,4151,67,,https://wikicv.net/truyen/vuong-phi-han-phu-kha-dich-quoc-YCm8k1S4CFxIeDAm
Giả ngu cùng mắt manh vai ác liên hôn sau [ xuyên thư ],Niệm Tứ,"Nguyên sang , Đam mỹ , Hiện đại , HE , Tình cảm , Ngọt văn , Song khiết 🕊️ , Xuyên thư , Hào môn thế gia , Cường cường , Chủ thụ , Nhẹ nhàng , Ấm áp , Pháo hôi , Vả mặt , 1v1 , Giả heo ăn hổ",Hoàn thành,363784,4131,143,,https://wikicv.net/truyen/gia-ngu-cung-mat-manh-vai-ac-lien-hon-sa-YupBGlS4CH07uzFx
Dân quốc văn hào,Quyết Tuyệt,"Nguyên sang , Đam mỹ , Cận đại , HE , Tình cảm , Xuyên việt , Làm giàu , Chủ công , Dân quốc , Sảng văn , Ấm áp , Kim bài đề cử 🥇 , Kim Bảng 🏆 , Thế giới song song , Nghịch tập",Hoàn thành,274539,4128,216,,https://wikicv.net/truyen/dan-quoc-van-hao-W8W8VEbIjic7tx62
Tinh tế ngốc manh tiểu phu lang,Cứu Vĩ Yêu Hồ,"Nguyên sang , Đam mỹ , Tương lai , HE , Tình cảm , Khoa học viễn tưởng , Làm ruộng , Xuyên việt , Ngọt văn , Hệ thống , Song khiết 🕊️ , Sinh con , Mỹ thực , Tinh tế , Cơ giáp , Niên thượng , Chủ thụ , Sảng văn , Phát sóng trực tiếp , Cổ đại xuyên tươg lai , Cận thủy lâu đài , Ấm áp , Tiểu bạch văn , Liên Thành 3 sao , Nhược thụ , Vả mặt , 1v1",Hoàn thành,1331199,4127,138,,https://wikicv.net/truyen/tinh-te-ngoc-manh-tieu-phu-lang-Wkdupu8h7DO1JHmu
Gả cho hào môn đại Boss,Thừa Việt,"Nguyên sang , Đam mỹ , Hiện đại , HE , Tình cảm , Ngọt văn , Chủ thụ , Đô thị tình duyên , Cận thủy lâu đài , Kim bài đề cử 🥇 , 1v1",Hoàn thành,178468,4127,90,,https://wikicv.net/truyen/ga-cho-hao-mon-dai-boss-Y2fculS4CDaQpFl4
Vai ác nhân thiết rất khó không băng a,Vân Phi Tà,"Nguyên sang , Đam mỹ , Cổ đại , HE , Tình cảm , Tiên hiệp , Tu chân , Ngọt văn , Hệ thống , Song khiết 🕊️ , Xuyên thư , Chủ thụ , Xuyên thành vai ác , 1v1 , Chậm nhiệt , Chữa lành",Hoàn thành,252036,4121,410,,https://wikicv.net/truyen/vai-ac-nhan-thiet-rat-kho-khong-bang-a-ZB2Ik1S4CAyb06uK
Xuyên thành Đại Tần bạo quân “Phò mã”,Thanh Điểu Lâm Tinh,"Diễn sinh , Đam mỹ , Cổ đại , HE , Tình cảm , Xây dựng , Xuyên thư , Lịch sử , Chủ thụ , Sảng văn , Nhẹ nhàng , Kim bài đề cử 🥇",Hoàn thành,78769,4120,21,,https://wikicv.net/truyen/xuyen-thanh-dai-tan-bao-quan-pho-ma-ZFkcg_TaEDNBoP6l
Cùng tinh tế nhân dân cùng nhau làm ruộng,Miêu Miên Nhi,"Nguyên sang , Đam mỹ , Tương lai , HE , Tình cảm , Làm ruộng , Xây dựng , Xuyên việt , Tinh tế , Chủ thụ , Nhẹ nhàng , Kim bài đề cử 🥇 , Thực tế ảo , Manh sủng",Hoàn thành,235840,4117,77,,https://wikicv.net/truyen/cung-tinh-te-nhan-dan-cung-nhau-lam-ruon-YFztDlS4CCYOURRV
Đem bốn cái cự lão viết tiến đam mỹ văn sau,Nguyệt Ly Tranh,"Nguyên sang , Đam mỹ , Tương lai , HE , Tình cảm , Huyền huyễn , Xuyên việt , Ngọt văn , Song khiết 🕊️ , Tinh tế , Chủ thụ , Sảng văn , Nhẹ nhàng , Kim bài đề cử 🥇 , 1v1 , Viết văn",Hoàn thành,151475,4116,207,,https://wikicv.net/truyen/dem-bon-cai-cu-lao-viet-tien-dam-my-van--Xd8tvFS4CGqUkKhC
Trấn phái tiểu hồ ly [ tu chân ],Dữu Vu Tử Duyệt,"Nguyên sang , Đam mỹ , Cổ đại , HE , Tình cảm , Tiên hiệp , Huyền huyễn , Tu chân , Xuyên việt , Ngọt văn , 1v1 , Main là động vật , Manh sủng",Hoàn thành,183749,4115,51,,https://wikicv.net/truyen/tran-phai-tieu-ho-ly-tu-chan-YJ8PvlS4CHmMGb%7EY
Họa Phố,Tinh Nguyệt,"Nguyên sang , Đam mỹ , Cận đại , Hiện đại , HE , Tình cảm , Huyền huyễn , Ngọt văn , Vô hạn lưu , Chủ thụ , Sảng văn , Nhẹ nhàng , Kim Bảng 🏆 , Linh dị thần quái",Hoàn thành,194187,4105,234,,https://wikicv.net/truyen/hoa-pho-XWtlVFS4CA0mWCqF
"Xuyên thành đỉnh cấp lưu lượng sau, nam chính và vai ác thành fanboy của ta",Dịch Diệp Tử,"Nguyên sang , Đam mỹ , Hiện đại , HE , Tình cảm , Xuyên việt , Ngọt văn , Trọng sinh , Hệ thống , Song khiết 🕊️ , Xuyên thư , Giới giải trí , Cường cường , Chủ thụ , Nhẹ nhàng , Đô thị tình duyên , Pháo hôi , Mỹ nhân ngư , 1v1",Hoàn thành,327869,4103,193,,https://wikicv.net/truyen/xuyen-thanh-dinh-cap-luu-luong-sau-nam-c-XO4UT1S4CCj2PJ%7EI
Kỳ lạ trùng đực nhãi con,Tích Tuyết Hạ Đích Hắc Miêu,"Nguyên sang , Đam mỹ , Tương lai , HE , Tình cảm , Khoa học viễn tưởng , Dị năng , Ngọt văn , Tinh tế , Chủ công , Cường cường , Sảng văn , Nhẹ nhàng , 1v1 , Thị giác nam chủ , Trùng tộc",Hoàn thành,269193,4103,201,,https://wikicv.net/truyen/ky-la-trung-duc-nhai-con-YkZfulS4CDXsw4Bo
【 Mau xuyên 】 Tiểu thiếu gia dựa mỹ mạo hoành hành toàn hệ thống,Toàn Cơ Phu Nhân,"Nguyên sang , Đam mỹ , Hiện đại , HE , Tình cảm , Xuyên việt , Hệ thống , Xuyên nhanh , Chủ thụ , 1v1",Hoàn thành,471924,4100,56,,https://wikicv.net/truyen/mau-xuyen-tieu-thieu-gia-dua-my-mao-hoan-Yfjm7VS4CGSLn13R
Ngươi đóng máy rồi / Vai ác Boss bị ta tra đến hoài nghi nhân sinh [ Xuyên nhanh ],Lạc Thập Ý,"Nguyên sang , Đam mỹ , Cận đại , Hiện đại , HE , OE , Tình cảm , Xuyên nhanh , Cường cường , Chủ thụ , Nhẹ nhàng , Kim bài đề cử 🥇",Hoàn thành,151150,4097,291,,https://wikicv.net/truyen/nguoi-dong-may-roi-vai-ac-boss-bi-ta-tra-XtWjyVS4CF5LWf7E
Vai ác ái thịnh thế mỹ nhan ta đều có,Âm Oa,"Nguyên sang , Đam mỹ , Cổ đại , Tương lai , OE , Tình cảm , Xuyên việt , Xuyên nhanh , Chủ thụ , Kim Bảng 🏆 , Mary Sue",Hoàn thành,150961,4093,110,,https://wikicv.net/truyen/vai-ac-ai-thinh-the-my-nhan-ta-deu-co-WowSru8h7C4kyMLr
Dây đằng Boss hôm nay cũng ở ngụy trang nhân loại,Bạch Nhứ Trầm,"Nguyên sang , Đam mỹ , Tương lai , HE , Tình cảm , Xuyên việt , Hệ thống , Chủ công , Cường cường , Nhẹ nhàng , Duyên trời tác hợp , Kim bài đề cử 🥇 , 1v1",Hoàn thành,126560,4090,116,,https://wikicv.net/truyen/day-dang-boss-hom-nay-cung-o-nguy-trang--ZNRjrVS4CA1qQblT
Vô pháp đánh dấu / Đánh dấu thành nghiện / Nghe nói ngươi chỉ đem ta đương bằng hữu,Kỵ Trứ Tảo Trửu Khứ Hỏa Tinh,"Nguyên sang , Đam mỹ , Hiện đại , HE , Tình cảm , Ngọt văn , ABO , Vườn trường , Chủ thụ , Kim bài đề cử 🥇 , 1v1",Hoàn thành,209169,4088,254,,https://wikicv.net/truyen/vo-phap-danh-dau-danh-dau-thanh-nghien-n-X8Qvo1S4CFHxx27a
[ Tổng ] Đem vai chính sinh ra đi!,Cô Độc Đích Bình Tử,"Diễn sinh , Đam mỹ , Cổ đại , Hiện đại , HE , Tình cảm , Võ hiệp , Manga anime , Hệ thống , Sinh con , Song tính , Naruto , Chủ thụ , Hunter x Hunter , Hoàng tử Tennis , 1v1 , Đấu La đại lục , Conan , Bleach , CC Sakura",Hoàn thành,610990,4077,245,,https://wikicv.net/truyen/tong-dem-vai-chinh-sinh-ra-di-WNlAC%7E8h7DsVhmz%7E
Bị tuyệt tình đoạn dục sau ta thành vạn nhân mê / Như thế nào hòa tan một cái băng sơn mỹ nhân [ xuyên thư ],Công Tử Vu Ca,"Nguyên sang , Đam mỹ , Hiện đại , HE , Tình cảm , Ngọt văn , Hệ thống , Xuyên thư , Chủ thụ , Sảng văn , Nhẹ nhàng , Pháo hôi , Kim bài đề cử 🥇 , Ngược tra , Vả mặt , 1v1 , Jack Sue , Xuyên về thế giới cũ , Hải vương",Hoàn thành,305328,4071,219,,https://wikicv.net/truyen/bi-tuyet-tinh-doan-duc-sau-ta-thanh-van--YKHdYFS4CG9o5Lvu
Xuyên thành vai ác thủ phụ gia ngoan bảo,Hoài Nhược Cốc,"Nguyên sang , Đam mỹ , Cổ đại , HE , Tình cảm , Xuyên việt , Chủ thụ , Liên Thành 3 sao , 1v1 , Đoàn sủng",Hoàn thành,273375,4071,63,,https://wikicv.net/truyen/xuyen-thanh-vai-ac-thu-phu-gia-ngoan-bao-Z2rdfPTaEF5xcbHV
Ngươi thế thân gia gia ta xuyên đã trở lại,Lâm Thược,"Nguyên sang , Đam mỹ , Hiện đại , HE , Tình cảm , Ngọt văn , Trọng sinh , Song khiết 🕊️ , Xuyên thư , Hào môn thế gia , Cường cường , Chủ thụ , Sảng văn , Nhẹ nhàng , Trâu già gặm cỏ non , Nghịch tập , Vả mặt , 1v1",Hoàn thành,296975,4065,197,,https://wikicv.net/truyen/nguoi-the-than-gia-gia-ta-xuyen-da-tro-l-XlcZzlS4CHHcdRQT
Kinh tủng thẳng sính [ vô hạn ],Lâm Thược,"Nguyên sang , Đam mỹ , Hiện đại , HE , Tình cảm , Kinh dị , Ngọt văn , Song khiết 🕊️ , Cường cường , Vô hạn lưu , Chủ thụ , Nhẹ nhàng , Trò chơi , Ấm áp , 1v1 , Thẻ bài , App",Hoàn thành,141841,4062,144,,https://wikicv.net/truyen/kinh-tung-thang-sinh-vo-han-X0D1vFS4CE_4q66r
Thẳng nam công cải tạo hệ thống [ xuyên nhanh ],Thiển Mặc Li Thương,"Nguyên sang , Đam mỹ , Cổ đại , Cận đại , Hiện đại , Tương lai , HE , Tình cảm , Huyền huyễn , Xuyên việt , Ngọt văn , Hệ thống , Song khiết 🕊️ , Xuyên nhanh , Tinh tế , Hào môn thế gia , Lính gác dẫn đường , ABO , Giới giải trí , Cường cường , Chủ thụ , Sảng văn , Nhẹ nhàng , Kiếp trước kiếp này , Phát sóng trực tiếp , Linh dị thần quái , 1v1 , Main là động vật",Hoàn thành,540685,4053,108,,https://wikicv.net/truyen/thang-nam-cong-cai-tao-he-thong-xuyen-nh-XT%7E1HzzLcgUASd7O
Thú thế dưỡng lang [ làm ruộng ],Giá Hòa,"Nguyên sang , Đam mỹ , Cổ đại , HE , Tình cảm , Làm ruộng , Xuyên việt , Ngọt văn , Thú nhân , Sinh con , Chủ thụ , Kim Bảng 🏆 , 1v1",Hoàn thành,285136,4053,21,,https://wikicv.net/truyen/thu-the-duong-lang-lam-ruong-ZAHNjVS4CGAOBUq3
Thực tập thần minh sổ tay,Vân Cưu,"Nguyên sang , Đam mỹ , Hiện đại , HE , Tình cảm , Dị thế , Dị năng , Song khiết 🕊️ , Cường cường , Chủ thụ , Kim Bảng 🏆 , 1v1 , Cthulhu , Thần minh",Hoàn thành,112224,4051,103,,https://wikicv.net/truyen/thuc-tap-than-minh-so-tay-ZzS6HPTaEA%7ELA83P
Gả cho Long Ngạo Thiên,Trương Nguyên Khởi,"Nguyên sang , Đam mỹ , Cổ đại , HE , Tình cảm , Tiên hiệp , Tu chân , Xuyên việt , Hệ thống , Xuyên thư , Chủ thụ , Kim bài đề cử 🥇 , Kim Bảng 🏆 , 1v1",Hoàn thành,186177,4050,256,,https://wikicv.net/truyen/ga-cho-long-ngao-thien-YqVYC1S4CCCnmfPM
Ta không có khả năng là di động thiên tai,Nhất Chỉ Vô Kê,"Nguyên sang , Đam mỹ , Tương lai , HE , Kinh dị , Mạt thế , Dị năng , Hệ thống , Cường cường , Chủ thụ , Sảng văn , Nhẹ nhàng",Còn tiếp,66283,4048,40,,https://wikicv.net/truyen/ta-khong-co-kha-nang-la-di-dong-thien-ta-aK9gH1S4CFWDb_E0
Xuyên nhanh: Quản gia tổng bị người mơ ước,Đậu Hủ Quân Đoàn,"Nguyên sang , Đam mỹ , Hiện đại , Tương lai , HE , Tình cảm , Hệ thống , Xuyên nhanh , Hào môn thế gia , Chủ thụ , Đô thị tình duyên , Duyên trời tác hợp , Kim bài đề cử 🥇 , Kim Bảng 🏆 , 1v1 , Thị giác nam chủ , Nam phụ , Vạn nhân mê",Hoàn thành,203160,4043,77,,https://wikicv.net/truyen/xuyen-nhanh-quan-gia-tong-bi-nguoi-mo-uo-Y3eoQFS4CFAHY8mu
Toàn Tiên giới đều cảm thấy ta tràn đầy khổ trung,Yana Lạc Xuyên,"Nguyên sang , Đam mỹ , Cổ đại , HE , Tình cảm , Tiên hiệp , Huyền huyễn , Tu chân , Hệ thống , Xuyên thư , Sinh con , Cường cường , Chủ thụ , Nhẹ nhàng , Pháo hôi , Sư đồ , 1v1",Hoàn thành,353799,4036,325,,https://wikicv.net/truyen/toan-tien-gioi-deu-cam-thay-ta-tran-day--YAGfAVS4CG49qv5U
Thế tử Hàn Tư Ân,Thời Bất Đãi Ngã,"Nguyên sang , Đam mỹ , Cổ đại , HE , Tình cảm , Trọng sinh , Chủ công , Hào môn thế gia , Trạch đấu , Cung đình hầu tước , Sảng văn , Kiếp trước kiếp này , Kim bài đề cử 🥇 , Ngân bài đề cử 🥈 , Ngược tra , Vả mặt",Hoàn thành,368274,4029,102,,https://wikicv.net/truyen/the-tu-han-tu-an-Wk28j%7E8h7H9a%7EfvI
Thời gian tạm dừng về sau ta muốn làm gì thì làm ( vô hạn ),Thanh Khâu Thiên Dạ,"Nguyên sang , Đam mỹ , Hiện đại , HE , Khoa học viễn tưởng , Hệ thống , Vô hạn lưu , Chủ thụ , Kim bài đề cử 🥇 , Kim Bảng 🏆 , 1v1 , Cthulhu",Hoàn thành,105052,4018,220,,https://wikicv.net/truyen/thoi-gian-tam-dung-ve-sau-ta-muon-lam-gi-YJYysFS4CDC9srin
Vì ăn no ta gả cho tân đế,Dật Chúc,"Nguyên sang , Đam mỹ , Cổ đại , HE , Tình cảm , Ngọt văn , Trọng sinh , Mỹ thực , Làm giàu , Chủ thụ , Cung đình hầu tước , Sảng văn , Kim Bảng 🏆 , 1v1",Hoàn thành,202085,4013,63,,https://wikicv.net/truyen/vi-an-no-ta-ga-cho-tan-de-X_PXK1S4CGTyWRJA
Người qua đường Giáp cùng hào môn đại lão liên hôn sau,Ninh Dực,"Nguyên sang , Đam mỹ , Hiện đại , HE , Tình cảm , Ngọt văn , Giới giải trí , Cường cường , Cưới trước yêu sau , Chủ thụ , Nhẹ nhàng , Vạn nhân mê , Áo choàng lưu",Hoàn thành,271415,4008,265,,https://wikicv.net/truyen/nguoi-qua-duong-giap-cung-hao-mon-dai-la-ZSletFS4CAwZWt2P
Tra công sủng phu hằng ngày [ xuyên nhanh ],Bàn Đại Thông,"Nguyên sang , Đam mỹ , Cổ đại , HE , Tình cảm , Tiên hiệp , Tu chân , Ngọt văn , Xuyên nhanh , Chủ công , Sảng văn , Nhẹ nhàng , Tiểu bạch văn , 1v1",Hoàn thành,226270,4006,102,,https://wikicv.net/truyen/tra-cong-sung-phu-hang-ngay-xuyen-nhanh-XrMcjlS4CCTlT0oM
Ngụy Trang Học Tra,Mộc Qua Hoàng,"Nguyên sang , Đam mỹ , Hiện đại , HE , Tình cảm , Ngọt văn , Vườn trường , Hoan hỉ oan gia , Chủ thụ , Nhẹ nhàng , Hài hước , Đô thị tình duyên , Kim bài đề cử 🥇 , Kim Bảng 🏆 , 1v1",Hoàn thành,253175,3998,157,,https://wikicv.net/truyen/nguy-trang-hoc-tra-WlBHEO8h7GyL8%7EdZ
Võng vương chi tiến công Niou-kun,ai Xuyên Việt Đích Hắc Thỏ,"Diễn sinh , Đam mỹ , Hiện đại , HE , Tình cảm , Manga anime , Thi đấu cạnh kỹ , Thể thao , Hoàng tử Tennis , Linh dị thần quái , 1v1",Hoàn thành,126292,3994,27,,https://wikicv.net/truyen/vong-vuong-chi-tien-cong-niou-kun-ZTsqllS4CDcfuO8%7E
Thành thần toàn dựa ta khoác áo choàng,Đạo Trường Đan Phi,"Nguyên sang , Đam mỹ , Tương lai , OE , Tình cảm , Ngọt văn , Hệ thống , Vô hạn lưu , Chủ thụ , Sảng văn , Nhẹ nhàng , Kim bài đề cử 🥇 , 1v1",Còn tiếp,117883,3991,129,,https://wikicv.net/truyen/thanh-than-toan-dua-ta-khoac-ao-choang-ZrMNUlS4CAFC9rKM
Tà thần lại là ta chính mình,Ninh Thế Cửu,"Nguyên sang , Đam mỹ , Tương lai , HE , Tình cảm , Xuyên việt , Chủ thụ , Kim bài đề cử 🥇 , Kim Bảng 🏆 , 1v1",Hoàn thành,102705,3988,72,,https://wikicv.net/truyen/ta-than-lai-la-ta-chinh-minh-Zrz0DkbIjjb69bpn
Sau khi trọng sinh ta về Miêu Cương kế thừa gia nghiệp,Yến Cô Hồng,"Nguyên sang , Đam mỹ , Tương lai , HE , Tình cảm , Kinh dị , Huyền huyễn , Trọng sinh , Cường cường , Chủ thụ , Sảng văn , Kim bài đề cử 🥇 , Linh dị thần quái , 1v1",Hoàn thành,183526,3983,158,,https://wikicv.net/truyen/sau-khi-trong-sinh-ta-ve-mieu-cuong-ke-t-Xt5zKDzLcgIaKCSA
Ngoài ý muốn đánh dấu ( xuyên thư ),Điệp Chi Linh,"Nguyên sang , Đam mỹ , Tương lai , HE , Tình cảm , Ngọt văn , Xuyên thư , Sinh con , Chủ công , ABO , Giới giải trí , Niên thượng , Dưỡng thành , 1v1",Hoàn thành,269259,3981,175,,https://wikicv.net/truyen/ngoai-y-muon-danh-dau-xuyen-thu-X5yUrFS4CE%7EEcUDX
Ta biến thành tiểu long đản của đại lão,Quyển Hàn Tô,"Nguyên sang , Đam mỹ , Hiện đại , HE , Tình cảm , Ngọt văn , Sinh con , Cường cường , Chủ thụ , Nhẹ nhàng , Ấm áp , Duyên trời tác hợp , Kim bài đề cử 🥇 , Linh dị thần quái , 1v1",Hoàn thành,162719,3977,26,,https://wikicv.net/truyen/ta-bien-thanh-tieu-long-dan-cua-dai-lao-X6eru1S4CCuTESTE
Xuyên nhanh chi cứu vớt tiểu đáng thương tức phụ,Nhất Sinh Si Tuyệt,"Nguyên sang , Đam mỹ , Cổ đại , HE , Tình cảm , Ngọt văn , Xuyên nhanh , Chủ công , Ngược tra",Hoàn thành,225372,3977,48,,https://wikicv.net/truyen/xuyen-nhanh-chi-cuu-vot-tieu-dang-thuong-ZF5ow2He7Bg5pfJW
Xuyên thư: Bệnh mỹ nhân cùng hắn trúc mã bảo tiêu,Tô Mang,"Nguyên sang , Đam mỹ , Hiện đại , HE , Tình cảm , Ngọt văn , Trọng sinh , Xuyên thư , Vườn trường , Thanh mai trúc mã , Chủ thụ , Đô thị tình duyên , Pháo hôi , Kim bài đề cử 🥇 , 1v1 , Thị giác nam chủ",Hoàn thành,261849,3967,284,,https://wikicv.net/truyen/xuyen-thu-benh-my-nhan-cung-han-truc-ma--Yqa8BlS4CE%7Eqi%7EQh
Quý tộc học viện người qua đường sẽ mơ thấy F4 sao,Triều Lộ Hi,"Nguyên sang , Đam mỹ , Hiện đại , HE , Tình cảm , Hệ thống , Xuyên thư , Chủ thụ , Sảng văn , Nhẹ nhàng , Người qua đường , Kim Bảng 🏆 , Vạn nhân mê , Học viện quý tộc",Hoàn thành,118312,3968,532,,https://wikicv.net/truyen/quy-toc-hoc-vien-nguoi-qua-duong-se-mo-t-aAUvu_TaEH7dKglu
Gả cho hào môn lão nam nhân,Thiên Phong Nhất Hạc,"Nguyên sang , Đam mỹ , Hiện đại , HE , Tình cảm , Ngọt văn , Sinh con , Hào môn thế gia , Cưới trước yêu sau , Chủ thụ , Nhẹ nhàng , Ấm áp , Trâu già gặm cỏ non , Kim bài đề cử 🥇 , 1v1",Hoàn thành,583643,3963,184,,https://wikicv.net/truyen/ga-cho-hao-mon-lao-nam-nhan-WvehRO8h7C48zJv%7E
Ta lọt vào mắt xanh bạch nguyệt quang của nam chủ  [ xuyên thư ],Nhất Tiết Ngẫu,"Nguyên sang , Đam mỹ , Hiện đại , HE , Tình cảm , Ngọt văn , Xuyên thư , Chủ thụ , Sảng văn , Kim bài đề cử 🥇 , Kim Bảng 🏆 , Nghịch tập , 1v1",Hoàn thành,314075,3962,212,,https://wikicv.net/truyen/ta-lot-vao-mat-xanh-bach-nguyet-quang-cu-XvAVxlS4CC6LTAGZ
Giả thiếu gia hồi thôn sau,Hỉ Thủy Mộc,"Nguyên sang , Đam mỹ , Hiện đại , HE , Tình cảm , Chủ thụ , Thật giả thiếu gia , Trung khuyển , Trưởng thành",Hoàn thành,201641,3960,302,,https://wikicv.net/truyen/gia-thieu-gia-hoi-thon-sau-Z_uA6GHe7B7PPf9B
Cầu xin ngươi đừng trang manh tân [ vô hạn ],Khiết Nhi Bất Xá,"Nguyên sang , Đam mỹ , Hiện đại , HE , Tình cảm , Vô hạn lưu , Chủ thụ , Linh dị thần quái",Hoàn thành,206150,3959,95,,https://wikicv.net/truyen/cau-xin-nguoi-dung-trang-manh-tan-vo-han-XZQrqVS4CBTKvJA0
"Xuyên thành Long Ngạo Thiên, vô số đại lão tranh khi ta liếm cẩu",An Mạn Mạn,"Nguyên sang , Đam mỹ , Cổ đại , HE , Tình cảm , Tiên hiệp , Tu chân , Hệ thống , Xuyên thư , Nhẹ nhàng , Vạn nhân mê",Còn tiếp,135299,3958,161,,https://wikicv.net/truyen/xuyen-thanh-long-ngao-thien-vo-so-dai-la-ZW74dPTaEBSONQeb
Sống tạm ở thế giới tu chân,Dạ Du,"Nguyên sang , Đam mỹ , Cổ đại , HE , Tình cảm , Tiên hiệp , Huyền huyễn , Tu chân , Chủ công , Thăng cấp lưu , Kim bài đề cử 🥇 , Linh dị thần quái",Hoàn thành,208144,3956,95,,https://wikicv.net/truyen/song-tam-o-the-gioi-tu-chan-ZwpA8vTaEHNfVTHW
Xuyên thành vạn nhân mê bạn trai [ xuyên thư ],Tây Oa,"Nguyên sang , Đam mỹ , Hiện đại , HE , Tình cảm , Xuyên thư , Vườn trường , Chủ thụ , Kim bài đề cử 🥇 , Kim Bảng 🏆 , 1v1",Hoàn thành,276909,3955,224,,https://wikicv.net/truyen/xuyen-thanh-van-nhan-me-ban-trai-xuyen-t-XjDsx1S4CBDyxAjN
Sau khi xuyên trở về ta gả vào hào môn,Vô Y yoyo,"Nguyên sang , Đam mỹ , Cận đại , Hiện đại , HE , Tình cảm , Khoa học viễn tưởng , Huyền huyễn , Xuyên việt , Song khiết 🕊️ , Mỹ thực , Hào môn thế gia , Cường cường , Chủ thụ , Sảng văn , Kim bài đề cử 🥇 , Kim Bảng 🏆 , Linh dị thần quái , 1v1",Hoàn thành,284381,3953,91,,https://wikicv.net/truyen/sau-khi-xuyen-tro-ve-ta-ga-vao-hao-mon-W_GeA1S4CGvoSYwZ
Tẩy trắng siêu anh sau bọn họ trọng sinh [ tổng anh mỹ ],Lam Bạch Nội Khố Đích Miêu,"Diễn sinh , Đam mỹ , Hiện đại , HE , Tình cảm , Khoa học viễn tưởng , Huyền huyễn , Phim ảnh , Ma pháp , Ngọt văn , Hệ thống , Ngược văn , Cường cường , Chủ thụ , Hài hước , Siêu anh hùng , Phương Tây , Nghịch tập , Phim Anh Mỹ , 1v1",Hoàn thành,121540,3952,313,,https://wikicv.net/truyen/tay-trang-sieu-anh-sau-bon-ho-trong-sinh-XUlSSFS4CGaVbCo1
Hung nhân ác sát,Niên Chung,"Nguyên sang , Đam mỹ , Hiện đại , HE , Tình cảm , Trinh thám , Huyền huyễn , Cường cường , Chủ thụ , Hắc ám , Linh dị thần quái , 1v1 , Thị giác nam chủ",Hoàn thành,86864,3942,181,,https://wikicv.net/truyen/hung-nhan-ac-sat-YlMyi1S4CAsH3du5
Phá của nhân ngư tiểu nhãi con,Vân Kiếp,"Nguyên sang , Đam mỹ , Tương lai , HE , Tình cảm , Khoa học viễn tưởng , Dị năng , Sinh con , Tinh tế , Cường cường , Thanh mai trúc mã , Chủ thụ , Nhẹ nhàng , Hài hước , Mỹ nhân ngư , Kim bài đề cử 🥇 , 1v1 , Manh bảo , Manh sủng , Nữ trang đại lão",Hoàn thành,245209,3939,165,,https://wikicv.net/truyen/pha-cua-nhan-ngu-tieu-nhai-con-YJY1RlS4CDC9srjQ
Người máy cũng có thể đánh tennis,Tả Mộc Trà Trà Quân,"Diễn sinh , Đam mỹ , Hiện đại , HE , Tình cảm , Manga anime , Chủ thụ , Nhẹ nhàng , Hoàng tử Tennis , Tiểu bạch văn , 1v1 , Chậm nhiệt , Chữa lành , Hằng ngày",Hoàn thành,94355,3932,44,,https://wikicv.net/truyen/nguoi-may-cung-co-the-danh-tennis-ZuFbyzu260lgTH84
Công lược nam thần lật xe hằng ngày,Tiệm Khước Nha,"Nguyên sang , Đam mỹ , Cận đại , Hiện đại , HE , Tình cảm , Dị năng , Ngọt văn , Song khiết 🕊️ , Xuyên thư , Vườn trường , Chủ thụ , Nhẹ nhàng , Mỹ nhân ngư , Kim bài đề cử 🥇 , 1v1",Hoàn thành,236851,3906,348,,https://wikicv.net/truyen/cong-luoc-nam-than-lat-xe-hang-ngay-XhSZc1S4CDc5lipV
Alpha này cực kì thơm [Xuyên sách],Chước Đường,"Nguyên sang , Đam mỹ , Hiện đại , HE , Tình cảm , Xuyên việt , Ngọt văn , Xuyên thư , ABO , Giới giải trí , Chủ thụ , Kim bài đề cử 🥇 , 1v1",Hoàn thành,347894,3903,151,,https://wikicv.net/truyen/alpha-nay-cuc-ki-thom-xuyen-sach-XpxiFTzLcixvDYhB
Làm BOSS trong trò chơi chạy trốn,Dạ Vãn Đích Huyết,"Nguyên sang , Đam mỹ , Hiện đại , HE , Tình cảm , Xuyên việt , Hệ thống , Xuyên nhanh , Vô hạn lưu , Trò chơi , Linh dị thần quái",Hoàn thành,159592,3901,147,,https://wikicv.net/truyen/lam-boss-trong-tro-choi-chay-tron-XVIJrVS4CAFVohZh
Thế thân càng ngày càng đáng yêu làm sao bây giờ,Mạch Thành Lãng,"Nguyên sang , Đam mỹ , Hiện đại , HE , Tình cảm , Xuyên thư , Hào môn thế gia , Chủ thụ , Sảng văn , 1v1 , Chữa lành",Hoàn thành,238787,3900,225,,https://wikicv.net/truyen/the-than-cang-ngay-cang-dang-yeu-lam-sao-YXoQS1S4CELFZM9i
Quái đàm đều nói ta là cái lão lục,Chư Cát Thái,"Nguyên sang , Đam mỹ , Tương lai , HE , Tình cảm , Cường cường , Thăng cấp lưu , Chủ thụ , Sảng văn , Hài hước , Thiên chi kiêu tử , Kim bài đề cử 🥇 , Linh dị thần quái , 1v1",Hoàn thành,96005,3899,93,,https://wikicv.net/truyen/quai-dam-deu-noi-ta-la-cai-lao-luc-ZN8e4_TaECBtLE7u
Bị nhi tử thân cha tìm tới cửa lúc sau,Hắc Miêu Nghễ Nghễ,"Nguyên sang , Đam mỹ , Hiện đại , HE , Tình cảm , Ngọt văn , Thần tiên yêu quái , Song khiết 🕊️ , Sinh con , Hào môn thế gia , Giới giải trí , Chủ thụ , Sảng văn , Nhẹ nhàng , Kiếp trước kiếp này , Kim bài đề cử 🥇 , Linh dị thần quái",Hoàn thành,472238,3897,95,,https://wikicv.net/truyen/bi-nhi-tu-than-cha-tim-toi-cua-luc-sau-Wm0hru8h7FCVtfcS
Tiểu ngọt A ai không thích đâu,Tối Ái Mai Tử Tửu,"Nguyên sang , Đam mỹ , Hiện đại , HE , Tình cảm , Xuyên việt , Ngọt văn , Song khiết 🕊️ , ABO , Niên thượng , Chủ thụ , Nhẹ nhàng , 1v1",Hoàn thành,181113,3892,149,,https://wikicv.net/truyen/tieu-ngot-a-ai-khong-thich-dau-YPFwIlS4CHt%7EBsij
Xuyên đến cổ đại đương hoàng đế,Thời Bất Đãi Ngã,"Nguyên sang , Đam mỹ , Cổ đại , HE , Tình cảm , Xuyên việt , Chủ công , Cường cường , Cung đình hầu tước , Nhẹ nhàng , Ngân bài đề cử 🥈 , 1v1 , Đế vương , Cứu rỗi , Ác độc",Hoàn thành,91245,3886,123,,https://wikicv.net/truyen/xuyen-den-co-dai-duong-hoang-de-aA%7EjxfTaEFMjngBN
Ngôi vị hoàng đế phi ta không thể sao,Xuân Phong Dao,"Nguyên sang , Đam mỹ , Cổ đại , HE , Tình cảm , Xuyên việt , Hệ thống , Cường cường , Chủ thụ , Nhẹ nhàng , Sa điêu",Hoàn thành,104935,3886,269,,https://wikicv.net/truyen/ngoi-vi-hoang-de-phi-ta-khong-the-sao-aNoISlS4CFIcuv4E
Vứt bỏ tra công về sau [ xuyên nhanh ],Thi Hòe,"Nguyên sang , Đam mỹ , Hiện đại , HE , Tình cảm , Ngọt văn , Hệ thống , Xuyên nhanh , Chủ thụ , Sảng văn , Vả mặt , 1v1",Hoàn thành,358380,3881,218,,https://wikicv.net/truyen/vut-bo-tra-cong-ve-sau-xuyen-nhanh-Xw2_6FS4CDNDVzRz
Đường Môn thiên tài cùng cơ giáp nam thần,Manh Dữu,"Nguyên sang , Đam mỹ , Tương lai , HE , Tình cảm , Xuyên việt , Dị năng , Tinh tế , Cơ giáp , Lính gác dẫn đường , Quân văn , Cường cường , Chủ thụ , Nhẹ nhàng , Phát sóng trực tiếp , Thiên chi kiêu tử , Kim bài đề cử 🥇 , 1v1 , Thị giác nam chủ",Hoàn thành,180550,3878,133,,https://wikicv.net/truyen/duong-mon-thien-tai-cung-co-giap-nam-tha-YonMSVS4CHlqapvK
Đương thẳng nam xuyên thành BL văn si tình nam xứng,Quả Ngọc Nãi Ưu,"Nguyên sang , Đam mỹ , Cổ đại , HE , Tình cảm , Tiên hiệp , Tu chân , Ngọt văn , Song khiết 🕊️ , Xuyên thư , Cường cường , Thăng cấp lưu , Chủ thụ , Nhẹ nhàng , Thanh thủy văn , Kim bài đề cử 🥇 , 1v1 , Nam phụ , Đơn hướng yêu thầm , Chậm nhiệt , Mỹ công",Hoàn thành,200690,3853,217,,https://wikicv.net/truyen/duong-thang-nam-xuyen-thanh-bl-van-si-ti-YDL_4lS4CGQk0RhI
Các nguyên soái đồng thời đòi ly hôn,Long Thất,"Nguyên sang , Đam mỹ , Cổ đại , Cận đại , Hiện đại , Tương lai , HE , Tình cảm , Khoa học viễn tưởng , Ngọt văn , Thần tiên yêu quái , Xuyên nhanh , Phong thủy , Tinh tế , Huyết tộc , Giới giải trí , Cường cường , Chủ thụ , Cung đình hầu tước , Sảng văn , Hài hước , Ấm áp , Duyên trời tác hợp , Kim bài đề cử 🥇 , Kim Bảng 🏆 , 1v1 , Main là động vật",Hoàn thành,308591,3852,175,,https://wikicv.net/truyen/cac-nguyen-soai-dong-thoi-doi-ly-hon-WPneG%7E8h7GMOesry
Mang theo quầy bán quà vặt đến cổ đại,Diệp Ức Lạc,"Nguyên sang , Đam mỹ , Cổ đại , HE , Tình cảm , Làm ruộng , Xuyên việt , Tùy thân không gian , Làm giàu , Chủ công , Trạch đấu , Cưới trước yêu sau , Nhẹ nhàng , Liên Thành 3 sao , 1v1",Hoàn thành,910628,3852,107,,https://wikicv.net/truyen/mang-theo-quay-ban-qua-vat-den-co-dai-W4_P3zu262AyLK5g
Con mọt sách thực buồn rầu,Trần Khả Tu,"Nguyên sang , Đam mỹ , Hiện đại , HE , Tình cảm , Ngọt văn , Xuyên thư , Chủ công , ABO , Pháo hôi , Kim bài đề cử 🥇 , Kim Bảng 🏆 , 1v1",Hoàn thành,175955,3851,108,,https://wikicv.net/truyen/con-mot-sach-thuc-buon-rau-ZRSyVVS4CGYPmfS5
Đồng bộ song song thế giới ta chế bá vô hạn lưu / Ta ở vô hạn trò chơi bị chính mình mang bay,Duy Mạc Đăng Hỏa,"Nguyên sang , Đam mỹ , Hiện đại , HE , Tình cảm , Hệ thống , Vô hạn lưu , Thăng cấp lưu , Chủ thụ , Sảng văn , Tự công tự thụ , Phát sóng trực tiếp , Trò chơi , Thế giới song song , Linh dị thần quái , 1v1 , Xuyên game",Hoàn thành,116042,3844,39,,https://wikicv.net/truyen/dong-bo-song-song-the-gioi-ta-che-ba-vo--ZEdHulS4CDvWBh5T
Vô địch người ở rể,Sướng Ái,"Nguyên sang , Đam mỹ , Cổ đại , HE , Tình cảm , Ngọt văn , Song khiết 🕊️ , Chủ công , Thăng cấp lưu , Sảng văn , Liên Thành 3 sao , Nghịch tập , Vả mặt , 1v1",Hoàn thành,283439,3840,68,,https://wikicv.net/truyen/vo-dich-nguoi-o-re-ZuFgHTzLciF2Arrw
Mafia Cảng vị thứ năm cán bộ [ tổng manga ],Niên Hoa Chuyển Sinh,"Diễn sinh , Đam mỹ , Cận đại , Hiện đại , HE , Tình cảm , Manga anime , Huyền huyễn , Xuyên việt , Dị năng , Chủ thụ , Nhẹ nhàng , Kim bài đề cử 🥇 , Kim Bảng 🏆 , Bungo Stray Dogs",Hoàn thành,94401,3839,125,,https://wikicv.net/truyen/mafia-cang-vi-thu-nam-can-bo-tong-manga-Xmw6VVS4CAzwflvt
Toàn phục đầu sát,Niên Chung,"Nguyên sang , Đam mỹ , Tương lai , HE , Tình cảm , Xuyên việt , Cường cường , Chủ thụ , Tây huyễn , Kim bài đề cử 🥇 , 1v1 , Xuyên game , NPC",Hoàn thành,84669,3839,161,,https://wikicv.net/truyen/toan-phuc-dau-sat-ZOQVQVS4CCqmBtJA
Tiểu tang thi hắn không nghĩ bị đánh,Thải Thải Lai Liễu,"Nguyên sang , Đam mỹ , Hiện đại , HE , Tình cảm , Mạt thế , Dị năng , Chủ thụ , 1v1",Hoàn thành,162597,3838,105,,https://wikicv.net/truyen/tieu-tang-thi-han-khong-nghi-bi-danh-YiqN7lS4CC9LnzMn
Từ vô hạn trò chơi sau khi trở về,Thời Kim,"Nguyên sang , Đam mỹ , Hiện đại , HE , Tình cảm , Huyền huyễn , Xuyên việt , Dị năng , Cường cường , Chủ thụ , Sảng văn , Kim bài đề cử 🥇 , 1v1 , Xuyên về thế giới cũ",Hoàn thành,154834,3826,45,,https://wikicv.net/truyen/tu-vo-han-tro-choi-sau-khi-tro-ve-ZJzsdVS4CGd4lPFc
Đại lão dưỡng ba năm người trong sách chạy,Sơn Dữu Tử,"Nguyên sang , Đam mỹ , Hiện đại , HE , Tình cảm , Xuyên việt , Ngọt văn , Giới giải trí , Chủ thụ , Nhẹ nhàng , Trò chơi , Ấm áp , Kim bài đề cử 🥇 , 1v1",Hoàn thành,166760,3823,195,,https://wikicv.net/truyen/dai-lao-duong-ba-nam-nguoi-trong-sach-ch-XqD1dFS4CHcDZqFr
Ám vệ thủ lĩnh C vị xuất đạo [ cổ xuyên kim ],Xuân Vũ Hạnh Hoa Bạch,"Nguyên sang , Đam mỹ , Hiện đại , HE , Tình cảm , Xuyên việt , Ngọt văn , Cổ xuyên kim , Giới giải trí , Cường cường , Song hướng yêu thầm , Chủ thụ , Sảng văn , Ấm áp , Kim bài đề cử 🥇 , 1v1 , Song xuyên",Hoàn thành,187685,3823,110,,https://wikicv.net/truyen/am-ve-thu-linh-c-vi-xuat-dao-co-xuyen-ki-YM4ah1S4CFhPLjbt
Nam xứng muốn cứu giúp một chút,Chử Cá Điềm Tống,"Nguyên sang , Đam mỹ , Tương lai , HE , Tình cảm , Xuyên thư , Chủ công , Cường cường , Nhiều CP , Kim bài đề cử 🥇 , 1v1 , Nam phụ",Hoàn thành,194042,3813,103,,https://wikicv.net/truyen/nam-xung-muon-cuu-giup-mot-chut-ZWTal_TaECkJ8TX7
Đông Bắc tầm bảo chuột,Vinh Tiểu Hiên,"Nguyên sang , Đam mỹ , Tương lai , HE , Tình cảm , Trinh thám , Khoa học viễn tưởng , Ngọt văn , Song khiết 🕊️ , Tinh tế , Chủ thụ , Sảng văn , Phát sóng trực tiếp , Kim bài đề cử 🥇 , Vả mặt , 1v1",Hoàn thành,231165,3811,172,,https://wikicv.net/truyen/dong-bac-tam-bao-chuot-WhVvde8h7DF5v6yQ
Long đồ án quyển tập,Nhĩ Nhã,"Diễn sinh , Đam mỹ , Cổ đại , HE , Tình cảm , Võ hiệp , Kinh dị , Trinh thám , Quan trường , Ngọt văn , Song khiết 🕊️ , Phá án , Thử Miêu CP , Cường cường , Cung đình hầu tước , Giang hồ ân oán , Thất hiệp ngũ nghĩa",Hoàn thành,185690,3809,102,,https://wikicv.net/truyen/long-do-an-quyen-tap-WBYqNHCVfFhZ7Hq1
Ở cẩu huyết văn làm lão sư [ xuyên nhanh ],Nham Thành Thái Sấu Sinh,"Nguyên sang , Đam mỹ , Cổ đại , Hiện đại , HE , Tình cảm , Xuyên việt , Xuyên nhanh , Xuyên thư , Chủ thụ , 1v1",Hoàn thành,138303,3805,236,,https://wikicv.net/truyen/o-cau-huyet-van-lam-lao-su-xuyen-nhanh-ZKRJJFS4CFRH8Q3G
Tinh tế đệ nhất chế tạp sư,Giáp Tử Hợi,"Nguyên sang , Đam mỹ , Tương lai , HE , Tình cảm , Khoa học viễn tưởng , Tinh tế , Chủ công , Thăng cấp lưu , Sảng văn , Nhẹ nhàng , Vả mặt",Hoàn thành,163487,3805,43,,https://wikicv.net/truyen/tinh-te-de-nhat-che-tap-su-ZPBv%7EVS4CDyk1wPI
Xuyên thành Gin đệ đệ ta,Tương Dục,"Diễn sinh , Đam mỹ , Hiện đại , HE , Tình cảm , Trinh thám , Manga anime , Xuyên việt , Dị năng , Song khiết 🕊️ , Phá án , Cường cường , Niên thượng , Chủ thụ , Sảng văn , Nhẹ nhàng , Thanh thủy văn , Hitman Reborn , Thiên chi kiêu tử , 1v1 , Bungo Stray Dogs , Kuroko no basket , Conan",Hoàn thành,166843,3802,161,,https://wikicv.net/truyen/xuyen-thanh-gin-de-de-ta-YUcx01S4CAUTDsYu
Nhìn không thấy chú linh ta mỗi ngày đều ở viết di thư,Thân Đồ Thử Phi,"Diễn sinh , Đam mỹ , Hiện đại , HE , Manga anime , Huyền huyễn , Xuyên việt , Chủ thụ , Nhẹ nhàng , Kim bài đề cử 🥇 , Linh dị thần quái , Jujutsu Kaisen",Hoàn thành,94444,3789,139,,https://wikicv.net/truyen/nhin-khong-thay-chu-linh-ta-moi-ngay-deu-YNYSZVS4CHGkPlS6
Xuyên thành pháo hôi hoàng tử nam thê [ xuyên thư ],Sơ Thất Kiến Hỉ,"Nguyên sang , Đam mỹ , Cổ đại , HE , Tình cảm , Xây dựng , Xuyên việt , Xuyên thư , Chủ thụ , Cung đình hầu tước , 1v1",Hoàn thành,179626,3788,54,,https://wikicv.net/truyen/xuyen-thanh-phao-hoi-hoang-tu-nam-the-xu-ZCb6mlS4CCRN4vn0
Giữa hè cùng thiếu niên,Mệnh Trung Khuyết Thủy Thuyết Toán Mệnh,"Diễn sinh , Đam mỹ , Hiện đại , HE , Tình cảm , Manga anime , Thi đấu cạnh kỹ , Vườn trường , Cường cường , Thể thao , Chủ thụ , Nhẹ nhàng , Thiên chi kiêu tử , Hoàng tử Tennis , Kim bài đề cử 🥇 , 1v1 , Jujutsu Kaisen",Hoàn thành,117289,3787,35,,https://wikicv.net/truyen/giua-he-cung-thieu-nien-ZcJ9RFS4CExLDwb9
Tiểu đáng thương ở oa tổng thành đại lão đoàn sủng,Phi Cầm Tẩu Thú,"Nguyên sang , Đam mỹ , Hiện đại , HE , Tình cảm , Hào môn thế gia , Giới giải trí , Thanh mai trúc mã , Chủ thụ , 1v1 , Manh bảo , Đoàn sủng , Chữa lành",Hoàn thành,204285,3785,197,,https://wikicv.net/truyen/tieu-dang-thuong-o-oa-tong-thanh-dai-lao-ZGJMxlS4CAaSG6SW
Người qua đường Giáp trói định JJ văn học thành sau,Thu Thu Đại Vương,"Nguyên sang , Đam mỹ , Tương lai , HE , Tình cảm , Mạt thế , Dị năng , Cường cường , Thăng cấp lưu , Chủ thụ , Sảng văn , Nhẹ nhàng , Người qua đường , Kim Bảng 🏆 , Tương ái tương sát , 1v1 , Cthulhu , Phế thổ",Còn tiếp,92520,3779,283,,https://wikicv.net/truyen/nguoi-qua-duong-giap-troi-dinh-jj-van-ho-Zv7FnUbIjnQYIznq
Thập Duy Công Ước [Vô Hạn],Phương Tiện Diện Dữ Điều Liêu Bao,"Nguyên sang , Đam mỹ , Hiện đại , HE , Tình cảm , Trinh thám , Khoa học viễn tưởng , Phá án , Tinh tế , Cường cường , Vô hạn lưu , Thăng cấp lưu , Chủ thụ , Sảng văn , Trò chơi , Nghịch tập , Thẻ bài",Hoàn thành,125488,3778,168,,https://wikicv.net/truyen/thap-duy-cong-uoc-vo-han-XYCuPUbIjjEY8oaG
Xuyên thành thư sinh lang,Đảo Lí Thiên Hạ,"Nguyên sang , Đam mỹ , Cổ đại , HE , Tình cảm , Quan trường , Ngọt văn , Xuyên thư , Sinh con , Mỹ thực , Chủ công , Kim bài đề cử 🥇 , Nhược thụ , 1v1",Hoàn thành,230684,3778,78,,https://wikicv.net/truyen/xuyen-thanh-thu-sinh-lang-YdqQZ1S4CH7xwVvt
Trọng sinh thành Long Vương sau ta dựa hải sản làm giàu [ làm ruộng ],Nguyệt Tịch Yên Vũ,"Nguyên sang , Đam mỹ , Hiện đại , HE , Tình cảm , Làm ruộng , Xuyên việt , Ngọt văn , Trọng sinh , Mỹ thực , Chủ thụ , Kim bài đề cử 🥇 , Linh dị thần quái , 1v1",Hoàn thành,252497,3775,71,,https://wikicv.net/truyen/trong-sinh-thanh-long-vuong-sau-ta-dua-h-XvHFv1S4CF5isTJO
Thế thân bắt cóc vai chính tâm ma sau,Hậu Giản,"Nguyên sang , Đam mỹ , Cổ đại , HE , Tình cảm , Tiên hiệp , Tu chân , Ngọt văn , Xuyên thư , Chủ thụ , Sảng văn , Kim Bảng 🏆 , 1v1",Hoàn thành,203490,3772,150,,https://wikicv.net/truyen/the-than-bat-coc-vai-chinh-tam-ma-sau-ZB2I0FS4CGBcDSDZ
Này hôn cần thiết ly! [ giới giải trí ],Quang Minh Tại Án,"Nguyên sang , Đam mỹ , Hiện đại , HE , Tình cảm , Ngọt văn , Hệ thống , Giới giải trí , Chủ thụ , 1v1",Hoàn thành,164178,3770,285,,https://wikicv.net/truyen/nay-hon-can-thiet-ly-gioi-giai-tri-YFda6VS4CCQkXni3
Ta cấp tàn tật đại lão đưa ấm áp [ xuyên nhanh ],Mặc Thủy Tâm,"Nguyên sang , Đam mỹ , Hiện đại , HE , Tình cảm , Xuyên việt , Hệ thống , Xuyên nhanh , Chủ thụ , 1v1",Hoàn thành,338886,3769,125,,https://wikicv.net/truyen/ta-cap-tan-tat-dai-lao-dua-am-ap-xuyen-n-XRll81S4CEFUOdml
Xuyên nhanh chi cùng cố chấp lẫn nhau liêu những cái đó năm,Tòng Thử Khuẩn Bất Tảo Triều,"Nguyên sang , Đam mỹ , Hiện đại , HE , Tình cảm , Báo thù , Xuyên nhanh , Chủ công , Cường cường , Vô hạn lưu , Kiếp trước kiếp này , Xuyên thành vai ác , Ngược tra , Sư đồ , Linh dị thần quái , Vả mặt , 1v1 , Song xuyên , Xuyên về thế giới cũ",Hoàn thành,162877,3765,118,,https://wikicv.net/truyen/xuyen-nhanh-chi-cung-co-chap-lan-nhau-li-Y05yiTzLcnLSmV68
Tránh bóng sau hắn thành điện cạnh đại thần,Lưỡng Tụ Lâm Phong,"Nguyên sang , Đam mỹ , Cận đại , Hiện đại , HE , Tình cảm , Võng du , Ngọt văn , Thi đấu cạnh kỹ , Chủ thụ , Sảng văn , Nhẹ nhàng , Trò chơi , Kim bài đề cử 🥇 , 1v1",Hoàn thành,217041,3761,80,,https://wikicv.net/truyen/tranh-bong-sau-han-thanh-dien-canh-dai-t-XP4ohlS4CHyrPU9k
Nam Bắc Tạp Hoá,Báo Chỉ Hồ Tường,"Nguyên sang , Đam mỹ , Cổ đại , HE , Tình cảm , Làm ruộng , Xuyên việt , Tùy thân không gian , Mỹ thực , Làm giàu , Chủ công , Lịch sử , Kim bài đề cử 🥇 , Kim Bảng 🏆",Hoàn thành,524904,3755,166,,https://wikicv.net/truyen/nam-bac-tap-hoa-WDmqiXCVfEiLeyCI
Cùng đại nhân vật kết hôn sau ta thành tinh tế đệ nhất võng hồng,Tửu Li Tử,"Nguyên sang , Đam mỹ , Tương lai , HE , Tình cảm , Xuyên việt , Ngọt văn , Thú nhân , Tinh tế , Hào môn thế gia , Cường cường , Cưới trước yêu sau , Chủ thụ , Sảng văn , Nhẹ nhàng , Ấm áp , Duyên trời tác hợp , Kim bài đề cử 🥇 , 1v1 , Võng hồng",Hoàn thành,341658,3751,182,,https://wikicv.net/truyen/cung-dai-nhan-vat-ket-hon-sau-ta-thanh-t-XEdAxkbIjmUEIKvl
Ngược tra cốt truyện dẫn tới thoải mái [ xuyên nhanh ],Lâm Tri Lạc,"Nguyên sang , Đam mỹ , Hiện đại , HE , Tình cảm , Khoa học viễn tưởng , Xuyên việt , Ngọt văn , Xuyên nhanh , Giới giải trí , Chủ thụ , Nhẹ nhàng , Trò chơi , Kim bài đề cử 🥇 , Thế giới song song , Vả mặt , 1v1 , Song xuyên",Hoàn thành,164939,3751,171,,https://wikicv.net/truyen/nguoc-tra-cot-truyen-dan-toi-thoai-mai-x-XmRf4FS4CCyJ_ZLF
"Ăn dưa sau, giới giải trí đều cho rằng ta là đại lão / Ta dùng ăn dưa hệ thống phủng hồng nửa cái giới giải trí / Người đại diện, nhưng bàn tay vàng là ăn dưa hệ thống",Bạc Hà Miêu,"Nguyên sang , Đam mỹ , Hiện đại , HE , Tình cảm , Hệ thống , Giới giải trí , Chủ thụ , Sảng văn , Nhẹ nhàng , Thanh thủy văn , Hài hước",Hoàn thành,154154,3751,156,,https://wikicv.net/truyen/an-dua-sau-gioi-giai-tri-deu-cho-rang-ta-ZvLvdmHe7EkWDgwA
Đệ tứ thị giác,Mạc Thần Hoan,"Nguyên sang , Đam mỹ , Tương lai , HE , Tình cảm , Khoa học viễn tưởng , Cường cường , Thăng cấp lưu , Chủ thụ , Sảng văn , Kim bài đề cử 🥇 , Kim Bảng 🏆 , 1v1",Hoàn thành,106585,3749,166,,https://wikicv.net/truyen/de-tu-thi-giac-YZcfCFS4CFhratZ_
"Người qua đường, nhưng hoài tà thần con nối dõi",Nam Siêm Tinh,"Nguyên sang , Đam mỹ , Hiện đại , HE , Tình cảm , Xuyên thư , Sinh con , Chủ thụ , Linh dị thần quái , Cthulhu , Vạn nhân mê",Hoàn thành,176189,3747,119,,https://wikicv.net/truyen/nguoi-qua-duong-nhung-hoai-ta-than-con-n-Z7viyUbIjnINdkeo
Bị hủy đi CP lúc sau ( xuyên nhanh ),Triều Lăng Bất Dạ,"Nguyên sang , Đam mỹ , Hiện đại , Tương lai , HE , Tình cảm , Mạt thế , Song khiết 🕊️ , Xuyên nhanh , Sinh con , Tinh tế , Chủ công , ABO , Cường cường , Sảng văn , Nhẹ nhàng , 1v1",Hoàn thành,162659,3744,159,,https://wikicv.net/truyen/bi-huy-di-cp-luc-sau-xuyen-nhanh-XxsHijzLclWUQ4Z%7E
Phát sóng trực tiếp dưỡng nhãi con sau ta thành đoàn sủng,Huyền Tam Thiên,"Nguyên sang , Đam mỹ , Tương lai , HE , Tình cảm , Ngọt văn , Xuyên thư , Tinh tế , Chủ thụ , Sảng văn , Nhẹ nhàng , Phát sóng trực tiếp , Ấm áp , Xuyên thành vai ác , 1v1 , Manh sủng , Đoàn sủng , Chữa lành",Hoàn thành,240559,3742,130,,https://wikicv.net/truyen/phat-song-truc-tiep-duong-nhai-con-sau-t-YDK5UFS4CBKQVjhG
Ta ở giới giải trí chỉnh đốn không khí / Giới giải trí kim bài kỷ ủy,Hạnh Trục Đào,"Nguyên sang , Đam mỹ , Hiện đại , HE , Tình cảm , Giới giải trí , Cường cường , Chủ thụ , Sảng văn , Nhẹ nhàng , Đô thị tình duyên , Kim bài đề cử 🥇 , Kim Bảng 🏆",Hoàn thành,119182,3737,100,,https://wikicv.net/truyen/ta-o-gioi-giai-tri-chinh-don-khong-khi-g-ZRknOFS4CBIm9rcv
Xuyên thành chính phái ta rớt vào vai ác oa,La Bặc Hoa Thỏ Tử,"Nguyên sang , Đam mỹ , Hiện đại , HE , Tình cảm , Xuyên việt , Ngọt văn , Xuyên thư , Hào môn thế gia , Niên thượng , Cưới trước yêu sau , Chủ thụ , Nhẹ nhàng , Hài hước , Ấm áp , Pháo hôi , Kim bài đề cử 🥇 , 1v1",Hoàn thành,145611,3736,44,,https://wikicv.net/truyen/xuyen-thanh-chinh-phai-ta-rot-vao-vai-ac-ZZdsl1S4CGr5oGOg
Tương tiến tửu,Đường Tửu Khanh,"Nguyên sang , Đam mỹ , Cổ đại , HE , Tình cảm , Quan trường , Báo thù , Ngọt văn , Cung đấu , Cường cường , Niên thượng , Chủ thụ , Cung đình hầu tước , Nhiều CP , Duyên trời tác hợp , Kim bài đề cử 🥇 , Tương ái tương sát , 1v1 , Giả heo ăn hổ",Hoàn thành,369693,3734,443,,https://wikicv.net/truyen/tuong-tien-tuu-XUOuGWHe7GURv_TL
Tinh tế ấp trứng chỉ nam [ xuyên thư ],Tư Tiêu Nhạc,"Nguyên sang , Đam mỹ , Tương lai , HE , Tình cảm , Làm ruộng , Xuyên việt , Hệ thống , Tinh tế , Thăng cấp lưu , Chủ thụ , Phát sóng trực tiếp , Kim bài đề cử 🥇 , 1v1 , Vạn nhân mê",Chưa xác minh,200447,3730,82,,https://wikicv.net/truyen/tinh-te-ap-trung-chi-nam-xuyen-thu-YbViMFS4CDdAlVJo
Xuyên thành tàn tật vai ác chim hoàng yến,Tịch Thủy Cách,"Nguyên sang , Đam mỹ , Hiện đại , HE , Tình cảm , Ngọt văn , Song khiết 🕊️ , Xuyên thư , Hào môn thế gia , Cường cường , Cưới trước yêu sau , Chủ thụ , Sảng văn , Nhẹ nhàng , Phát sóng trực tiếp , 1v1",Hoàn thành,206134,3729,88,,https://wikicv.net/truyen/xuyen-thanh-tan-tat-vai-ac-chim-hoang-ye-Xq%7E3qlS4CCXuy0lM
Bạch nguyệt quang nghịch tập [ xuyên nhanh ],Nam Thư,"Nguyên sang , Đam mỹ , Cận đại , Hiện đại , HE , OE , Tình cảm , Huyền huyễn , Xuyên việt , Song khiết 🕊️ , Xuyên nhanh , Chủ thụ , Sảng văn , Nhẹ nhàng , Nghịch tập , Vả mặt , 1v1",Hoàn thành,288161,3728,195,,https://wikicv.net/truyen/bach-nguyet-quang-nghich-tap-xuyen-nhanh-XQ8HSlS4CDq2id6s
Xuyên thư sau tất cả mọi người bắt đầu yêu ta,Nhất Tiết Ngẫu,"Nguyên sang , Đam mỹ , Hiện đại , HE , Tình cảm , Ngọt văn , Xuyên thư , Vườn trường , Chủ thụ , Sảng văn , Nhẹ nhàng , Pháo hôi",Hoàn thành,383488,3726,87,,https://wikicv.net/truyen/xuyen-thu-sau-tat-ca-moi-nguoi-bat-dau-y-X6i5DlS4CD7VJan_
Ốm yếu tiểu mỹ nhân lâm vào vô hạn Tu La tràng,Đồ Thủ Cật Thảo Môi,"Nguyên sang , Đam mỹ , Tương lai , HE , Tình cảm , Kinh dị , Huyền huyễn , Ngọt văn , Song khiết 🕊️ , Vô hạn lưu , Chủ thụ , Phát sóng trực tiếp , Linh dị thần quái , Nhược thụ , 1v1 , Thị giác nam chủ , Vạn nhân mê",Hoàn thành,181023,3725,185,,https://wikicv.net/truyen/om-yeu-tieu-my-nhan-lam-vao-vo-han-tu-la-YnG8HFS4CFAP1Ai9
Vạn người ngại trọng sinh sau hỏa bạo toàn võng,Dữu Tử Nãi Đường,"Nguyên sang , Đam mỹ , Hiện đại , HE , Tình cảm , Ngọt văn , Trọng sinh , Song khiết 🕊️ , Hào môn thế gia , Giới giải trí , Thanh mai trúc mã , Song hướng yêu thầm , Niên thượng , Chủ thụ , Kiếp trước kiếp này , Nhiều CP , Đô thị tình duyên , Duyên trời tác hợp , Trâu già gặm cỏ non , Nghịch tập , 1v1 , Thật giả thiếu gia , Đoàn sủng , Chữa lành",Hoàn thành,624402,3720,128,,https://wikicv.net/truyen/van-nguoi-ngai-trong-sinh-sau-hoa-bao-to-YWrMalS4CGa7bXGU
Ở bên Husky bảo mệnh nhật tử,Nhất Thế Hoa Thường,"Nguyên sang , Đam mỹ , Hiện đại , HE , Tình cảm , Ngọt văn , Xuyên thư , Chủ thụ , Duyên trời tác hợp , Kim bài đề cử 🥇",Hoàn thành,172597,3718,94,,https://wikicv.net/truyen/o-ben-husky-bao-menh-nhat-tu-XSgiQFS4CFOMlKBu
"Há hốc phải không, ông mày biết bay!",Đả Cương Thi,"Nguyên sang , Đam mỹ , Tương lai , HE , Tình cảm , Xuyên việt , Dị năng , Chủ thụ , Sảng văn , Nhẹ nhàng , Kim bài đề cử 🥇 , Vả mặt",Hoàn thành,138265,3718,189,,https://wikicv.net/truyen/ha-hoc-phai-khong-ong-may-biet-bay-XkY8CFS4CGYwO4EJ
[Tổng] Ở bên nhau,Phù Vân Tố,"Diễn sinh , Đam mỹ , Cận đại , Hiện đại , HE , Manga anime , Xuyên việt , Trọng sinh , Naruto , Thanh mai trúc mã , Hoan hỉ oan gia , Nhiều CP , Hài hước , 1v1",Hoàn thành,138490,3714,161,,https://wikicv.net/truyen/tong-o-ben-nhau-WOHY1%7E8h7DoJI1fM
Thiên quan chúc phúc,Mặc Hương Đồng Xú,"Nguyên sang , Đam mỹ , Cổ đại , HE , Tình cảm , Tiên hiệp , Huyền huyễn , Tu chân , Thần tiên yêu quái , Chủ thụ , Kim bài đề cử 🥇 , Kim Bảng 🏆 , Linh dị thần quái , 1v1",Hoàn thành,604906,3714,208,,https://wikicv.net/truyen/thien-quan-chuc-phuc-WqCOTDu26xfBjDPU
Vì cái gì dưỡng ta đều không phải người,Tự Do Đích Sơn Dương,"Diễn sinh , Đam mỹ , Hiện đại , HE , Tình cảm , Manga anime , Huyền huyễn , Dị năng , Trọng sinh , Linh dị thần quái , Thị giác nam chủ , Bungo Stray Dogs , Kimetsu no Yaiba , Conan , Jujutsu Kaisen , Natsume Yuujinchou",Hoàn thành,92520,3710,79,,https://wikicv.net/truyen/vi-cai-gi-duong-ta-deu-khong-phai-nguoi-Yr%7E73lS4CCV3qeSS
Rõ ràng là công bốn ta biến thành vạn nhân mê,Trích Tinh Quái,"Nguyên sang , Đam mỹ , Cận đại , Hiện đại , HE , Tình cảm , Xuyên thư , Chủ thụ , Sảng văn , Nhẹ nhàng , Linh dị thần quái , Vạn nhân mê",Hoàn thành,253740,3709,130,,https://wikicv.net/truyen/ro-rang-la-cong-bon-ta-bien-thanh-van-nh-YTsE01S4CCaX9IJX
Đế quốc quốc bảo cấp dược thiện sư [ phát sóng trực tiếp ],Thư Nhất,"Nguyên sang , Đam mỹ , Tương lai , HE , Tình cảm , Làm ruộng , Xuyên việt , Mỹ thực , Tinh tế , Làm giàu , Chủ thụ , Sảng văn , Phát sóng trực tiếp , Kim bài đề cử 🥇 , Kim Bảng 🏆 , 1v1",Hoàn thành,260619,3707,62,,https://wikicv.net/truyen/de-quoc-quoc-bao-cap-duoc-thien-su-phat--YM3XaVS4CHX9hNy4
Vận đỏ sau hào môn đại lão thành ta phấn đầu,Nhạn Phi Hành,"Nguyên sang , Đam mỹ , Hiện đại , HE , Tình cảm , Ngọt văn , Giới giải trí , Chủ thụ , Nhẹ nhàng , Kim bài đề cử 🥇 , Vả mặt , 1v1",Hoàn thành,255655,3701,79,,https://wikicv.net/truyen/van-do-sau-hao-mon-dai-lao-thanh-ta-phan-YLVkBFS4CHi_kYpL
Matsuda hi sinh vì nhiệm vụ osananajimi đã trở lại,Băng Lăng Vũ,"Diễn sinh , Đam mỹ , Hiện đại , HE , Tình cảm , Manga anime , Huyền huyễn , Trọng sinh , Hệ thống , Thanh mai trúc mã , Kim bài đề cử 🥇 , Conan",Hoàn thành,110534,3696,139,,https://wikicv.net/truyen/matsuda-hi-sinh-vi-nhiem-vu-osananajimi--Y3e5IVS4CHzJJibX
[BSD] Như thế nào giải thích chính mình chỉ là coser,U Minh Yêu Tinh,"Diễn sinh , Đam mỹ , Hiện đại , HE , Tình cảm , Manga anime , Xuyên việt , Dị năng , Chủ công , Cường cường , Thế giới song song , Đàn xuyên , Bungo Stray Dogs , Jujutsu Kaisen , Xuyên về thế giới cũ , K Project",Hoàn thành,145856,3693,52,,https://wikicv.net/truyen/bsd-nhu-the-nao-giai-thich-chinh-minh-ch-YCWo4FS4CHFUc9bD
Luận kết cục khi trông mặt mà bắt hình dong,Nguyệt Hạ Điệp Ảnh,"Nguyên sang , Đam mỹ , Hiện đại , HE , Tình cảm , Huyền huyễn , Huyền học , Ngọt văn , Thần tiên yêu quái , Song khiết 🕊️ , Phong thủy , Làm giàu , Hào môn thế gia , Sảng văn , Kim bài đề cử 🥇 , Kim Bảng 🏆",Hoàn thành,319467,3690,84,,https://wikicv.net/truyen/luan-ket-cuc-khi-trong-mat-ma-bat-hinh-d-WAiq3XCVfGyhGzea
Xuyên thành tàn tật vai ác pháo hôi bạn lữ,Tọa Quan Sơn Hải,"Nguyên sang , Đam mỹ , Cận đại , Hiện đại , HE , Tình cảm , Ngọt văn , Song khiết 🕊️ , Xuyên thư , Hào môn thế gia , Giới giải trí , Chủ thụ , Nhẹ nhàng , Ấm áp , 1v1",Hoàn thành,329933,3687,316,,https://wikicv.net/truyen/xuyen-thanh-tan-tat-vai-ac-phao-hoi-ban--XdstZFS4CCvQS8oA
Phế sài không gì không biết,Chấp Ninh Chi Thủ,"Nguyên sang , Đam mỹ , Cổ đại , HE , Tình cảm , Tiên hiệp , Tu chân , Ngọt văn , Song khiết 🕊️ , Cường cường , Chủ thụ , Sảng văn , Nhẹ nhàng , Duyên trời tác hợp , Kim bài đề cử 🥇 , Kim Bảng 🏆 , 1v1",Hoàn thành,224222,3687,164,,https://wikicv.net/truyen/phe-sai-khong-gi-khong-biet-XvAXCVS4CC6LTAGo
[ Prince Of Tennis ] Ở tennis trong thế giới ca hát ta còn có đường ra sao,Dữu Mục Hữu Hề,"Diễn sinh , Đam mỹ , Cận đại , Hiện đại , HE , Tình cảm , Manga anime , Huyền huyễn , Hệ thống , Vườn trường , Thể thao , Chủ thụ , Nhẹ nhàng , Hoàng tử Tennis , 1v1",Hoàn thành,187445,3686,50,,https://wikicv.net/truyen/prince-of-tennis-o-tennis-trong-the-gioi-XspBsVS4CF7vgKkE
Vạn người ngại thần thám bằng trăm triệu người thời nay,Vượng Vượng Khảo Bính,"Nguyên sang , Đam mỹ , Hiện đại , HE , Tình cảm , Trinh thám , Quan trường , Song khiết 🕊️ , Xuyên thư , Phá án , Hào môn thế gia , Cường cường , Chủ thụ , Sảng văn , Chế phục tình duyên , Pháo hôi , 1v1 , Thật giả thiếu gia , Chức nghiệp tinh anh , Niên đại văn",Hoàn thành,137392,3687,66,,https://wikicv.net/truyen/van-nguoi-ngai-than-tham-bang-tram-trieu-Zl2vezu262eaZ3Un
Vai ác ooc sau ta bị thổ lộ,Thần Tạp,"Nguyên sang , Đam mỹ , Hiện đại , HE , Tình cảm , Ngọt văn , Hệ thống , Song khiết 🕊️ , Xuyên thư , Hào môn thế gia , Vườn trường , Cường cường , Chủ thụ , Nhẹ nhàng , Nghịch tập , Vả mặt , 1v1",Hoàn thành,161453,3679,96,,https://wikicv.net/truyen/vai-ac-ooc-sau-ta-bi-tho-lo-XmXVRlS4CDftQrB3
Xuyên thành bá tổng bắt cóc pháo hôi,Tích Ngã Hữu Mộng,"Nguyên sang , Đam mỹ , Hiện đại , HE , Tình cảm , Ngọt văn , Xuyên thư , Giới giải trí , Chủ thụ , Nhẹ nhàng , Kim bài đề cử 🥇 , 1v1",Hoàn thành,213344,3677,153,,https://wikicv.net/truyen/xuyen-thanh-ba-tong-bat-coc-phao-hoi-Xh9SIVS4CFehgec3
Xuyên thành vai ác pháo hôi trùng đực sau [ Trùng tộc ],Mục Lương Nhân,"Nguyên sang , Đam mỹ , Tương lai , HE , Tình cảm , Ngọt văn , Hệ thống , Chủ công , Cường cường , Nhẹ nhàng , Duyên trời tác hợp , Trùng tộc",Hoàn thành,209775,3659,184,,https://wikicv.net/truyen/xuyen-thanh-vai-ac-phao-hoi-trung-duc-sa-YNZVdFS4CHGkPlWt
Bạo quân pháo hôi nam hậu [ xuyên thư ],Quyển Quyển Miêu,"Nguyên sang , Đam mỹ , Cổ đại , HE , Tình cảm , Hệ thống , Niên hạ , Xuyên thư , Thanh mai trúc mã , Chủ thụ , Cung đình hầu tước , Hài hước , Ấm áp , Pháo hôi , Kim bài đề cử 🥇 , Kim Bảng 🏆 , 1v1",Hoàn thành,284516,3658,91,,https://wikicv.net/truyen/bao-quan-phao-hoi-nam-hau-xuyen-thu-XAFvRVS4CAti3fkd
Chỉ nam tìm đường chết của BOSS,Quyết Tuyệt,"Nguyên sang , Đam mỹ , Hiện đại , HE , Tình cảm , Mạt thế , Dị thế , Ma pháp , Dị năng , Ngọt văn , Trọng sinh , Cường cường , Chủ thụ , Sảng văn",Hoàn thành,306294,3648,60,,https://wikicv.net/truyen/chi-nam-tim-duong-chet-cua-boss-V_XRFXCVfBUj2k6P
Ta hành để cho ta tới [ điện cạnh ],Tương Tử Bối,"Nguyên sang , Đam mỹ , Hiện đại , HE , Tình cảm , Võng du , Ngọt văn , Thi đấu cạnh kỹ , Cường cường , Chủ thụ , Hài hước , Phát sóng trực tiếp , Trò chơi , Kim bài đề cử 🥇 , 1v1",Hoàn thành,228211,3646,177,,https://wikicv.net/truyen/ta-hanh-de-cho-ta-toi-dien-canh-XwbgtlS4CBH%7EBCC4
Minamoto gia gia chủ không nghĩ chuyển thế,Bội Thanh,"Diễn sinh , Đam mỹ , Hiện đại , HE , Tình cảm , Manga anime , Âm Dương Sư , Jujutsu Kaisen",Hoàn thành,159788,3642,134,,https://wikicv.net/truyen/minamoto-gia-gia-chu-khong-nghi-chuyen-t-YICl2FS4CHFb5zyW
Tinh tế nhà trẻ,Thủy Tinh Phỉ Thúy Nhục,"Nguyên sang , Đam mỹ , Tương lai , HE , Tình cảm , Xuyên việt , Ngọt văn , Tinh tế , Chủ thụ , Kim bài đề cử 🥇 , Manh bảo",Hoàn thành,323669,3639,45,,https://wikicv.net/truyen/tinh-te-nha-tre-YKboxlS4CAjL8rzJ
Nhất hồng hài tinh [ giới giải trí ],Mã Hộ Tử Quân,"Nguyên sang , Đam mỹ , Hiện đại , HE , Tình cảm , Hào môn thế gia , Giới giải trí , Chủ thụ , 1v1",Hoàn thành,109415,3635,211,,https://wikicv.net/truyen/nhat-hong-hai-tinh-gioi-giai-tri-Xm7RiFS4CFKT3Pqe
"Phu quân, ta mang cầu chạy về tới",Thất Tịch Thị Đại Đầu Miêu,"Nguyên sang , Đam mỹ , Cổ đại , HE , Tình cảm , Ngọt văn , Song khiết 🕊️ , Sinh con , Chủ thụ , Cung đình hầu tước , Nhẹ nhàng , 1v1",Hoàn thành,145274,3626,40,,https://wikicv.net/truyen/phu-quan-ta-mang-cau-chay-ve-toi-ZaqaqVS4CCoOT3f_
Ngụy trang thẳng nam [ xuyên thư ],Thường Niệm Quân,"Nguyên sang , Đam mỹ , Tương lai , HE , Tình cảm , Xuyên việt , Ngọt văn , Xuyên thư , Tinh tế , Chủ công , 1v1",Hoàn thành,241524,3622,261,,https://wikicv.net/truyen/nguy-trang-thang-nam-xuyen-thu-Xehdl1S4CBv2uCzZ
Ta là thần y không phải thần côn,Liễu Yến Nghê,"Nguyên sang , Đam mỹ , Hiện đại , HE , Tình cảm , Huyền học , Ngọt văn , Song khiết 🕊️ , Chủ công , Y thuật , Sảng văn , Liên Thành 3 sao , Linh dị thần quái , 1v1",Hoàn thành,339427,3609,30,,https://wikicv.net/truyen/ta-la-than-y-khong-phai-than-con-XQr9bFS4CCmxXY8D
Vị Alpha thân tàn chí kiên này,Tam Oản Quá Cương,"Nguyên sang , Đam mỹ , Tương lai , HE , Tình cảm , Khoa học viễn tưởng , Xuyên thư , Tinh tế , Cơ giáp , Chủ công , Hào môn thế gia , ABO , Cường cường , Kim bài đề cử 🥇 , 1v1",Hoàn thành,227651,3610,346,,https://wikicv.net/truyen/vi-alpha-than-tan-chi-kien-nay-YBfz1TzLcg1FtNbw
Xuyên qua chi tề gia,Ma Lạt Duẩn,"Nguyên sang , Đam mỹ , Cổ đại , HE , Tình cảm , Làm ruộng , Xuyên việt , Trạch đấu , Chủ thụ , 1v1",Hoàn thành,341639,3607,74,,https://wikicv.net/truyen/xuyen-qua-chi-te-gia-YeOdC1S4CGnEod4G
Trọng sinh sau bị xứng đôi cho đế quốc bệ hạ,Thất Tịch Thị Đại Đầu Miêu,"Nguyên sang , Đam mỹ , Tương lai , HE , Tình cảm , Khoa học viễn tưởng , Dị năng , Ngọt văn , Trọng sinh , Tinh tế , Quân văn , Cường cường , Niên thượng , Chủ thụ , Nhẹ nhàng , Thiên chi kiêu tử , Cận thủy lâu đài , Duyên trời tác hợp , Kim bài đề cử 🥇 , 1v1 , Đế vương , Chức nghiệp tinh anh",Hoàn thành,307813,3604,150,,https://wikicv.net/truyen/trong-sinh-sau-bi-xung-doi-cho-de-quoc-b-Yp9KLlS4CCwVJK0n
Thú thế đệ nhất lười thương,Thủy Sam,"Nguyên sang , Đam mỹ , Tương lai , HE , Tình cảm , Khoa học viễn tưởng , Ngọt văn , Trọng sinh , Thú nhân , Tinh tế , Làm giàu , Chủ thụ , Kim bài đề cử 🥇 , 1v1",Hoàn thành,357358,3599,81,,https://wikicv.net/truyen/thu-the-de-nhat-luoi-thuong-W%7ExpeVS4CF2FFl1r
Công chiếm vai ác đại ma vương [ xuyên nhanh ],Ninh Tĩnh de Dạ,"Nguyên sang , Đam mỹ , Tương lai , HE , Tình cảm , Ngọt văn , Song khiết 🕊️ , Xuyên nhanh , Chủ công , Cường cường , Sảng văn , Nhẹ nhàng , Thiên chi kiêu tử",Hoàn thành,260493,3598,134,,https://wikicv.net/truyen/cong-chiem-vai-ac-dai-ma-vuong-xuyen-nha-XvRrwTzLcgq9vfVk
Sau Khi Xuyên Về Mỗi Ngày Đều Ở Tu La Tràng,Cung Thanh Hãn,"Nguyên sang , Đam mỹ , Hiện đại , HE , Tình cảm , Xuyên việt , Cường cường , Chủ thụ , Sảng văn , Nhẹ nhàng , Linh dị thần quái , 1v1 , Xuyên về thế giới cũ",Hoàn thành,114454,3596,167,,https://wikicv.net/truyen/sau-khi-xuyen-ve-moi-ngay-deu-o-tu-la-tr-XoVOM1S4CFIW2W1e
Tu tiên đại lão vạn nhân mê hằng ngày [ Xuyên nhanh ],Mộ Hàn Công Tử,"Nguyên sang , Đam mỹ , Hiện đại , HE , Tình cảm , Ngọt văn , Hệ thống , Song khiết 🕊️ , Xuyên nhanh , Cường cường , Chủ thụ , Sảng văn , Nhẹ nhàng , Hài hước , Kim bài đề cử 🥇 , Vả mặt , 1v1",Hoàn thành,219463,3595,283,,https://wikicv.net/truyen/tu-tien-dai-lao-van-nhan-me-hang-ngay-xu-XM2cMVS4CEyDojgw
Mạnh nhất phụ trợ [ thực tế ảo ],Nghiên Sở,"Nguyên sang , Đam mỹ , Tương lai , HE , Tình cảm , Khoa học viễn tưởng , Huyền huyễn , Võng du , Xuyên việt , Trọng sinh , Mỹ thực , Tinh tế , Cường cường , Chủ thụ , Sảng văn , Trò chơi , Vả mặt , 1v1 , Thực tế ảo",Hoàn thành,257372,3594,189,,https://wikicv.net/truyen/manh-nhat-phu-tro-thuc-te-ao-XwDirlS4CFp4AUJx
Cầu xin các ngươi cho con đường sống đi / Đặc thù luật sư bào chữa: Pháp luật viện trợ hồ sơ,Tiểu Miêu Bất Ái Khiếu,"Nguyên sang , Đam mỹ , Hiện đại , HE , Tình cảm , Báo thù , Ngọt văn , Trọng sinh , Hệ thống , Phá án , Cường cường , Chủ thụ , Sảng văn , Nhẹ nhàng , Ấm áp , Kim bài đề cử 🥇 , Nghịch tập , 1v1",Hoàn thành,164684,3587,118,,https://wikicv.net/truyen/cau-xin-cac-nguoi-cho-con-duong-song-di--XXYLslS4CDTAvLNL
Ta cũng không phải là vạn người ngại [ xuyên nhanh ],Thỏ Tư,"Nguyên sang , Đam mỹ , Hiện đại , HE , Tình cảm , Ngọt văn , Hệ thống , Xuyên nhanh , ABO , Chủ thụ , Đoàn sủng , Vạn nhân mê",Chưa xác minh,200029,3583,386,,https://wikicv.net/truyen/ta-cung-khong-phai-la-van-nguoi-ngai-xuy-ZdLtKlS4CAiaYWyI
Nhưng mà Slime lại làm sai cái gì,Ngạn Li,"Diễn sinh , Đam mỹ , Cổ đại , Cận đại , Hiện đại , HE , Tình cảm , Manga anime , Xuyên việt , Dị năng , Hệ thống , Thần tiên yêu quái , Hắc bang , Cường cường , Nhẹ nhàng , Hài hước , Hitman Reborn , Thiên chi kiêu tử , Duyên trời tác hợp , Kim bài đề cử 🥇 , Linh dị thần quái , 1v1 , Âm Dương Sư , Fate , Bungo Stray Dogs , Jujutsu Kaisen , K Project",Hoàn thành,233728,3570,99,,https://wikicv.net/truyen/nhung-ma-slime-lai-lam-sai-cai-gi-X%7EmXY1S4CAHdkbZE
NPC như thế nào lại bị ta dọa nứt ra [ vô hạn lưu ] / Ta không làm đại ca thật nhiều năm,Ngư Vô Tâm,"Nguyên sang , Đam mỹ , Tương lai , HE , Tình cảm , Kinh dị , Vô hạn lưu , Sảng văn , Linh dị thần quái",Hoàn thành,121331,3569,190,,https://wikicv.net/truyen/npc-nhu-the-nao-lai-bi-ta-doa-nut-ra-vo--XXNQGFS4CCalZXuQ
[ Genshin ] Ta ở Liyue làm dạ xoa,Tà Dương Lạc Tuyết,"Diễn sinh , Đam mỹ , Cổ đại , HE , Tình cảm , Manga anime , Huyền huyễn , Dị thế , Xuyên việt , Dị năng , Hoán đổi linh hồn , Thiên chi kiêu tử , Kim bài đề cử 🥇 , Linh dị thần quái , Genshin",Hoàn thành,71815,3566,43,,https://wikicv.net/truyen/genshin-ta-o-liyue-lam-da-xoa-Yz7UwFS4CB7LpEXR
Ta thật sự không biết diễn kịch,Thanh Khâu Thiên Dạ,"Nguyên sang , Đam mỹ , Hiện đại , HE , Tình cảm , Giới giải trí , Hoan hỉ oan gia , Chủ thụ , Sảng văn , Nhẹ nhàng , Kim bài đề cử 🥇",Hoàn thành,160815,3563,114,,https://wikicv.net/truyen/ta-that-su-khong-biet-dien-kich-WeilZe8h7Ffu4Wtj
Tiểu khóc bao tiến vào ác mộng tuần hoàn về sau,Cúc Trường Đại Nhân,"Nguyên sang , Đam mỹ , Hiện đại , HE , Tình cảm , Ngọt văn , Vô hạn lưu , Chủ thụ , Sảng văn , Nhẹ nhàng , Linh dị thần quái , 1v1",Hoàn thành,108969,3563,81,,https://wikicv.net/truyen/tieu-khoc-bao-tien-vao-ac-mong-tuan-hoan-X6sUNlS4CDG2eP1u
"Ta, gấu trúc, làm chăn nuôi viên thế nhưng đỏ",Tửu Li Tử,"Nguyên sang , Đam mỹ , Tương lai , HE , Tình cảm , Xuyên việt , Ngọt văn , Tinh tế , Hào môn thế gia , Cường cường , Chủ thụ , Sảng văn , Nhẹ nhàng , Phát sóng trực tiếp , Duyên trời tác hợp , Kim bài đề cử 🥇 , Kim Bảng 🏆 , 1v1",Hoàn thành,179356,3560,69,,https://wikicv.net/truyen/ta-gau-truc-lam-chan-nuoi-vien-the-nhung-XKaUwlS4CDvo9Skf
Miêu tưởng báo ân thật sự hảo khó,Thanh Điểu Lâm Tinh,"Nguyên sang , Đam mỹ , Hiện đại , HE , Tình cảm , Ngọt văn , Thần tiên yêu quái , Song khiết 🕊️ , Hào môn thế gia , Cường cường , Chủ thụ , Nhẹ nhàng , Đô thị tình duyên , Thiên chi kiêu tử , Cận thủy lâu đài , Duyên trời tác hợp , Kim bài đề cử 🥇 , Linh dị thần quái , 1v1 , Manh sủng",Hoàn thành,183906,3553,66,,https://wikicv.net/truyen/mieu-tuong-bao-an-that-su-hao-kho-Yxv%7EF1S4CESfmwdR
Ta dùng y thuật ở cổ đại vạn người phía trên,Thả Phất,"Nguyên sang , Đam mỹ , Cổ đại , HE , Tình cảm , Xuyên việt , Ngọt văn , Hệ thống , Xuyên thư , Cung đấu , Chủ thụ , Sảng văn , Kim bài đề cử 🥇 , 1v1",Hoàn thành,353075,3550,185,,https://wikicv.net/truyen/ta-dung-y-thuat-o-co-dai-van-nguoi-phia--X43XBjzLclPykcmX
Liệt Tửu gia tiểu tướng công / Phu lang gia tiểu thủ phụ,Lê Tử Điềm Điềm,"Nguyên sang , Đam mỹ , Cổ đại , HE , Tình cảm , Làm ruộng , Xây dựng , Xuyên việt , Ngọt văn , Sinh con , Chủ công , Kim bài đề cử 🥇 , Kim Bảng 🏆 , 1v1",Hoàn thành,219858,3549,95,,https://wikicv.net/truyen/liet-tuu-gia-tieu-tuong-cong-phu-lang-gi-YyrWMVS4CFw_kPNI
Thỉnh ngài dục thành kinh tủng Boss! [ vô hạn ],Li Tử Diên,"Nguyên sang , Đam mỹ , Hiện đại , HE , Tình cảm , Cường cường , Vô hạn lưu , Chủ thụ , Sảng văn , Nhẹ nhàng , Kim bài đề cử 🥇 , Linh dị thần quái",Hoàn thành,74851,3541,32,,https://wikicv.net/truyen/thinh-ngai-duc-thanh-kinh-tung-boss-vo-h-YL6aHVS4CEQFo6op
Ta dùng siêu sao hệ thống luyện trượt băng,Thanh Đông,"Nguyên sang , Đam mỹ , Hiện đại , HE , Tình cảm , Trọng sinh , Hệ thống , Thi đấu cạnh kỹ , Thể thao , Chủ thụ",Hoàn thành,98823,3539,92,,https://wikicv.net/truyen/ta-dung-sieu-sao-he-thong-luyen-truot-ba-ZKRIWFS4CFRH8Q3B
Vũ trụ đệ nhất chữa khỏi hệ ấu tể,Thải Thải Lai Liễu,"Nguyên sang , Đam mỹ , Tương lai , HE , Tình cảm , Ngọt văn , Trọng sinh , Tinh tế , Thanh mai trúc mã , Chủ thụ , Dưỡng thành , Ấm áp , 1v1 , Song trọng sinh , Manh bảo , Mất trí nhớ , Dưỡng oa",Hoàn thành,241113,3536,99,,https://wikicv.net/truyen/vu-tru-de-nhat-chua-khoi-he-au-te-YylX1lS4CG88XH17
"Triệu hoán người chơi, trùng kiến Đại Ngụy",Tây Phong,"Nguyên sang , Đam mỹ , Cổ đại , HE , Tình cảm , Xây dựng , Xuyên việt , Hệ thống , Xuyên thư , Chủ thụ , Sảng văn , Duyên trời tác hợp , Kim bài đề cử 🥇 , 1v1 , Đệ tứ thiên tai",Hoàn thành,106472,3534,106,,https://wikicv.net/truyen/trieu-hoan-nguoi-choi-trung-kien-dai-ngu-YRMH7VS4CFsfTcHv
Kế thừa vô hạn trò chơi an toàn phòng,Miêu Sao Phạn,"Nguyên sang , Đam mỹ , Hiện đại , HE , Tình cảm , Hệ thống , Cường cường , Vô hạn lưu , Chủ thụ , Sảng văn , Nhẹ nhàng , Kim bài đề cử 🥇 , Kim Bảng 🏆",Hoàn thành,115745,3530,120,,https://wikicv.net/truyen/ke-thua-vo-han-tro-choi-an-toan-phong-ZN9j00bIjnx0c_nP
Chồng trước ca sắm vai hệ thống hỏng mất [ xuyên nhanh ],Khí Phao Tiểu Điểu,"Nguyên sang , Đam mỹ , Cổ đại , Hiện đại , Tương lai , HE , Tình cảm , Hệ thống , Song khiết 🕊️ , Xuyên nhanh , Chủ công , ABO , Nhiều CP , Phát sóng trực tiếp , 1v1 , Đơn nguyên văn",Còn tiếp,143348,3529,245,,https://wikicv.net/truyen/chong-truoc-ca-sam-vai-he-thong-hong-mat-Zzlh42He7DJO9Iar
Những ngày bị bắt trở thành phong thủy tiên sinh,Thanh Y Hạnh Lâm,"Nguyên sang , Đam mỹ , Hiện đại , HE , Tình cảm , Huyền học , Ngọt văn , Phong thủy , Chủ công , Cường cường , Thăng cấp lưu , Sảng văn , Nhẹ nhàng , Thiên chi kiêu tử , Kim bài đề cử 🥇 , 1v1",Hoàn thành,229172,3526,40,,https://wikicv.net/truyen/nhung-ngay-bi-bat-tro-thanh-phong-thuy-t-XjuiPlS4CBBpFvtW
"Bạn trai cũ về nước sau, chim hoàng yến điên rồi / Về nước sau, cố chấp tiểu bạn trai điên rồi",Miêu Giới Đệ Nhất Lỗ,"Nguyên sang , Đam mỹ , Hiện đại , HE , Tình cảm , Song khiết 🕊️ , Hào môn thế gia , Gương vỡ lại lành , Giới giải trí , Chủ thụ , Duyên trời tác hợp , 1v1",Hoàn thành,213362,3524,91,,https://wikicv.net/truyen/ban-trai-cu-ve-nuoc-sau-chim-hoang-yen-d-YCXcxlS4CHFUc9c9
Chiến tổn hại mỹ nhân chinh phục toàn tinh tế,Đàn U Trúc Mộng,"Nguyên sang , Đam mỹ , Tương lai , HE , Tình cảm , Hệ thống , Xuyên thư , Cơ giáp , ABO , Cường cường , Chủ thụ , Pháo hôi , Vả mặt , 1v1 , Vạn nhân mê",Hoàn thành,243767,3524,148,,https://wikicv.net/truyen/chien-ton-hai-my-nhan-chinh-phuc-toan-ti-Yq2Rv1S4CALPsROJ
Xuyên đến thú thế đương thú y [ làm ruộng ],Nguyệt Tịch Yên Vũ,"Nguyên sang , Đam mỹ , Cổ đại , HE , Tình cảm , Làm ruộng , Xây dựng , Xuyên việt , Mỹ thực , Chủ thụ , Sảng văn , Manh sủng",Hoàn thành,133869,3524,25,,https://wikicv.net/truyen/xuyen-den-thu-the-duong-thu-y-lam-ruong-ZkQbTFS4CFR7WmVZ
Thủ phụ quả phu lang hắn trà hương bốn phía,Bạch Điểu Đồng Tử,"Nguyên sang , Đam mỹ , Cổ đại , HE , Tình cảm , Làm ruộng , Xuyên việt , Niên hạ , Chủ thụ , 1v1",Hoàn thành,183400,3521,101,,https://wikicv.net/truyen/thu-phu-qua-phu-lang-han-tra-huong-bon-p-ZAYQ9FS4CHXqRcla
Pháo hôi cùng vai ác là chân ái [ xuyên nhanh ],Mặc Thủy Tâm,"Nguyên sang , Đam mỹ , Cổ đại , Hiện đại , Tương lai , HE , Tình cảm , Ngọt văn , Song khiết 🕊️ , Xuyên nhanh , Chủ thụ , Nghịch tập , Vả mặt , 1v1 , Manh sủng",Hoàn thành,147316,3520,77,,https://wikicv.net/truyen/phao-hoi-cung-vai-ac-la-chan-ai-xuyen-nh-ZLexkDu261ztAQre
Chia tay sau ta dựa tổng nghệ bạo hồng giới giải trí (Chính văn: 1-166),Chiết Chi,"Nguyên sang , Đam mỹ , Hiện đại , HE , Tình cảm , Hào môn thế gia , Giới giải trí , Cường cường , Chủ thụ , Nhẹ nhàng , Đô thị tình duyên , Kim bài đề cử 🥇 , 1v1 , Thị giác nam chủ",Hoàn thành,275429,3517,30,,https://wikicv.net/truyen/chia-tay-sau-ta-dua-tong-nghe-bao-hong-g-Y5xs9VS4CBSVnOCQ
[ Tổng ] Ta trò chơi quả nhiên có vấn đề,Phong Thập Nhất,"Diễn sinh , Đam mỹ , Hiện đại , HE , OE , Tình cảm , Manga anime , Ngọt văn , Naruto , Chủ thụ , Nhẹ nhàng , Trò chơi , Cận thủy lâu đài , Kim bài đề cử 🥇 , Touken Ranbu , Bungo Stray Dogs , Kuroko no basket , Đoàn sủng , Saiki , K Project , My Hero Academia",Hoàn thành,144174,3514,55,,https://wikicv.net/truyen/tong-ta-tro-choi-qua-nhien-co-van-de-Xe2iT1S4CBKjDtlA
Đói khát học viện ( vô hạn ),Thanh Trúc Diệp,"Nguyên sang , Đam mỹ , Tương lai , HE , Tình cảm , Cường cường , Vô hạn lưu , Chủ thụ , Sảng văn , Phát sóng trực tiếp , Kim bài đề cử 🥇 , Kim Bảng 🏆 , 1v1",Hoàn thành,79391,3513,26,,https://wikicv.net/truyen/doi-khat-hoc-vien-vo-han-ZgF_2fTaECX9kC7f
Sau khi xuyên trở về hắn đem hào môn bá miêu loát trọc,Thả Phất,"Nguyên sang , Đam mỹ , Hiện đại , HE , Tình cảm , Huyền học , Ngọt văn , Trọng sinh , Thú nhân , Phản phái xuyên việt , Sảng văn , Kim bài đề cử 🥇 , Linh dị thần quái , 1v1",Hoàn thành,352901,3512,97,,https://wikicv.net/truyen/sau-khi-xuyen-tro-ve-han-dem-hao-mon-ba--XrwMHkbIjjgvHa1l
Ta thật sự rất có tiền ( giới giải trí ),Thanh Ngõa,"Nguyên sang , Đam mỹ , Hiện đại , HE , Tình cảm , Ngọt văn , Song khiết 🕊️ , Giới giải trí , Sảng văn , Nhẹ nhàng , Thanh thủy văn , Hài hước , Ấm áp , Duyên trời tác hợp , Tiểu bạch văn , Kim bài đề cử 🥇 , 1v1 , Chữa lành",Hoàn thành,251224,3510,135,,https://wikicv.net/truyen/ta-that-su-rat-co-tien-gioi-giai-tri-YHMwq1S4CFX5OVht
Manga anime vai ác thâm chịu này hại / Hãm hại manga anime vai ác hệ thống [ Xuyên Nhanh ],Diệu Cơ - Tiểu A Cẩm,"Diễn sinh , Đam mỹ , Hiện đại , HE , Tình cảm , Manga anime , Huyền huyễn , Dị năng , Hệ thống , Xuyên nhanh , Chủ thụ , Nhẹ nhàng , Hitman Reborn , Hunter x Hunter , Thiên chi kiêu tử , Linh dị thần quái , Bungo Stray Dogs , Kimetsu no Yaiba , Conan , Saiki , Inuyasha",Hoàn thành,138419,3507,35,,https://wikicv.net/truyen/manga-anime-vai-ac-tham-chiu-nay-hai-ham-Y0l7nVS4CCNeIMeF
Ngu ngốc Omega trói định hồi đương hệ thống,Mao Cầu Cầu,"Nguyên sang , Đam mỹ , Hiện đại , HE , Tình cảm , Ngọt văn , Hệ thống , Song khiết 🕊️ , Xuyên thư , ABO , Hoan hỉ oan gia , Chủ thụ , Hài hước , Duyên trời tác hợp , 1v1",Hoàn thành,153512,3506,113,,https://wikicv.net/truyen/ngu-ngoc-omega-troi-dinh-hoi-duong-he-th-ZpcapVS4CCKSW_OO
Thế giới đệ nhất làng du lịch,panther,"Nguyên sang , Đam mỹ , Hiện đại , HE , Tình cảm , Làm ruộng , Hệ thống , Làm giàu , Cường cường , Thăng cấp lưu , Chủ thụ , Sảng văn , Nhẹ nhàng , Bình bộ thanh vân , Cận thủy lâu đài , 1v1 , Võng hồng",Hoàn thành,195271,3502,107,,https://wikicv.net/truyen/the-gioi-de-nhat-lang-du-lich-XCFijVS4CHbHmgWo
Nông môn thần đoạn,Đào Chi Yêu Yêu Yêu Yêu,"Nguyên sang , Đam mỹ , Cổ đại , HE , Tình cảm , Trinh thám , Xuyên việt , Dị năng , Phá án , Làm giàu , Chủ thụ , Nhẹ nhàng , Bình bộ thanh vân , Ấm áp , 1v1",Hoàn thành,193247,3499,29,,https://wikicv.net/truyen/nong-mon-than-doan-XGQpekbIjnUgIC2Z
Xuyên thành vai ác bệnh mỹ nhân đạo lữ,Hậu Giản,"Nguyên sang , Đam mỹ , Cổ đại , HE , Tình cảm , Tiên hiệp , Tu chân , Ngọt văn , Xuyên thư , Chủ thụ , Sảng văn , Pháo hôi , Kim bài đề cử 🥇 , 1v1",Hoàn thành,189037,3491,158,,https://wikicv.net/truyen/xuyen-thanh-vai-ac-benh-my-nhan-dao-lu-YFi3OFS4CDTFNNDW
Nông gia tử khoa cử lộ,Nghi Quá,"Nguyên sang , Đam mỹ , Cổ đại , HE , Tình cảm , Làm ruộng , Quan trường , Ngọt văn , Sinh con , Chủ công , Cung đình hầu tước , Nhẹ nhàng , Kim Bảng 🏆 , 1v1 , Thị giác nam chủ , Chậm nhiệt",Hoàn thành,178608,3489,51,,https://wikicv.net/truyen/nong-gia-tu-khoa-cu-lo-YYcCH1S4CGyv0p%7Es
Cơm mềm ngạnh ăn [ trọng sinh ],Sa Chu Đạp Thúy,"Nguyên sang , Đam mỹ , Hiện đại , HE , Tình cảm , Ngọt văn , Trọng sinh , Sinh con , Giới giải trí , Cưới trước yêu sau , Chủ thụ , Sảng văn , Nhẹ nhàng , Nhiều CP , Kim bài đề cử 🥇 , Ngược tra , 1v1",Hoàn thành,198076,3489,75,,https://wikicv.net/truyen/com-mem-nganh-an-trong-sinh-ZTKNmVS4CEHtN5DQ
"Cos thượng huyền chi nhị, xuyên đến chú thuật giới",Tuế Chiết Tinh,"Diễn sinh , Đam mỹ , Hiện đại , HE , Tình cảm , Manga anime , Dị năng , Hệ thống , Chủ thụ , Sảng văn , Nhẹ nhàng , Kim bài đề cử 🥇 , Kim Bảng 🏆 , Linh dị thần quái , 1v1 , Kimetsu no Yaiba , Jujutsu Kaisen",Hoàn thành,68618,3484,121,,https://wikicv.net/truyen/cos-thuong-huyen-chi-nhi-xuyen-den-chu-t-ZpFBWVS4CBuui_a4
Đương pháo hôi trở thành sa điêu sau,Bắc Minh Hữu Nhạn,"Nguyên sang , Đam mỹ , Hiện đại , HE , Tình cảm , Ngọt văn , Hệ thống , Song khiết 🕊️ , Xuyên thư , Hào môn thế gia , Giới giải trí , Chủ thụ , Sảng văn , Nhiều CP , Đô thị tình duyên , Pháo hôi , 1v1 , Xuyên về thế giới cũ",Hoàn thành,197627,3476,220,,https://wikicv.net/truyen/duong-phao-hoi-tro-thanh-sa-dieu-sau-YKr%7EflS4CCRRs0VA
Nguy hiểm nhân cách,Mộc Qua Hoàng,"Nguyên sang , Đam mỹ , Hiện đại , HE , Tình cảm , Dị năng , Song khiết 🕊️ , Phá án , Chủ thụ , Nhẹ nhàng , Kim bài đề cử 🥇 , Kim Bảng 🏆 , 1v1",Hoàn thành,118282,3466,145,,https://wikicv.net/truyen/nguy-hiem-nhan-cach-X_J3VlS4CE6lLCds
Trời sinh phú quý cốt,Mộc Hề Nương,"Nguyên sang , Đam mỹ , Hiện đại , HE , Tình cảm , Làm ruộng , Xuyên việt , Hệ thống , Xuyên thư , Làm giàu , Chủ thụ , Kim bài đề cử 🥇 , Kim Bảng 🏆 , 1v1",Hoàn thành,257708,3465,96,,https://wikicv.net/truyen/troi-sinh-phu-quy-cot-XHi591S4CCOXCoAL
Ta thật sự không phải hai nhân cách [Tổng],Duy Mạc Đăng Hỏa,"Diễn sinh , Đam mỹ , Hiện đại , HE , Tình cảm , Manga anime , Xuyên nhanh , Cường cường , Chủ thụ , Nhẹ nhàng , Tự công tự thụ , Hitman Reborn , Kim bài đề cử 🥇 , Kim Bảng 🏆 , 1v1 , Thị giác nam chủ , Bungo Stray Dogs , Conan , K Project",Hoàn thành,136343,3465,135,,https://wikicv.net/truyen/ta-that-su-khong-phai-hai-nhan-cach-tong-YQMV9lS4CB9XWZuf
Pháo hôi thỉnh trợn mắt [ xuyên nhanh ],Thiếu Thuyết Phế Thoại,"Nguyên sang , Đam mỹ , Hiện đại , HE , Tình cảm , Xuyên việt , Ngọt văn , Hệ thống , Xuyên nhanh , Cường cường , Chủ thụ , Sảng văn , Nhẹ nhàng , Pháo hôi , Ngược tra , Vả mặt , 1v1",Hoàn thành,169223,3464,96,,https://wikicv.net/truyen/phao-hoi-thinh-tron-mat-xuyen-nhanh-Xwy6yVS4CBj66Mtb
Xuyên tiến nam tần làm xây dựng,Phong Cửu,"Nguyên sang , Đam mỹ , Cổ đại , HE , Tình cảm , Xây dựng , Ngọt văn , Xuyên thư , Chủ thụ , Sảng văn , Nhẹ nhàng , Kim bài đề cử 🥇 , 1v1",Hoàn thành,143157,3464,42,,https://wikicv.net/truyen/xuyen-tien-nam-tan-lam-xay-dung-YDg6llS4CEpOCH3x
Kim bài huấn luyện viên (điện cạnh),Điệp Chi Linh,"Nguyên sang , Đam mỹ , Hiện đại , HE , Tình cảm , Võng du , Ngọt văn , Thi đấu cạnh kỹ , ABO , Sảng văn , Nhẹ nhàng , Đô thị tình duyên , Trò chơi , Chủ phó , 1v1 , Thị giác nam chủ",Hoàn thành,250183,3462,204,,https://wikicv.net/truyen/kim-bai-huan-luyen-vien-dien-canh-YmGAHFS4CCtf61BY
Ta ở tinh tế phát sóng trực tiếp dưỡng nhãi con,Vi Miêu Tác Trành,"Nguyên sang , Đam mỹ , Hiện đại , Tương lai , HE , Tình cảm , Xuyên việt , Ngọt văn , Thú nhân , Song khiết 🕊️ , Mỹ thực , Tinh tế , Chủ thụ , Sảng văn , Phát sóng trực tiếp , Ấm áp , Kim bài đề cử 🥇 , Kim Bảng 🏆 , 1v1",Hoàn thành,377823,3460,138,,https://wikicv.net/truyen/ta-o-tinh-te-phat-song-truc-tiep-duong-n-XXPHX1S4CDnoA3eq
Thiên địch chăn nuôi chỉ nam,Quyết Tuyệt,"Nguyên sang , Đam mỹ , Hiện đại , Tương lai , HE , Tình cảm , Khoa học viễn tưởng , Huyền huyễn , Tu chân , Xuyên việt , Dị năng , Ngọt văn , Thú nhân , Song khiết 🕊️ , Sinh con , Tinh tế , Cơ giáp , Hào môn thế gia , Nhẹ nhàng , Nam nam thế giới",Hoàn thành,346162,3459,137,,https://wikicv.net/truyen/thien-dich-chan-nuoi-chi-nam-WD%7ExcnCVfE4BQWg%7E
Thiên Sát Cô Tinh tiểu phu lang,Trà Tra Tra,"Nguyên sang , Đam mỹ , Cổ đại , HE , Tình cảm , Làm ruộng , Ngọt văn , Sinh con , Chủ thụ , Kim bài đề cử 🥇 , 1v1 , Bình dân sinh hoạt , Chậm nhiệt",Hoàn thành,211960,3459,77,,https://wikicv.net/truyen/thien-sat-co-tinh-tieu-phu-lang-ZaadRTu263CkvyTc
Hai cái Long Ngạo Thiên Tu La tràng ( xuyên thư ),Mông Mông Bất Manh,"Nguyên sang , Đam mỹ , Cổ đại , HE , Tình cảm , Dị thế , Tu chân , Xuyên việt , Hệ thống , Xuyên thư , Chủ thụ , 1v1",Hoàn thành,156026,3458,121,,https://wikicv.net/truyen/hai-cai-long-ngao-thien-tu-la-trang-xuye-XDGHK1S4CHrJSRd0
Tiểu phì pi sủng ái sổ tay,Tứ Vị,"Nguyên sang , Đam mỹ , Hiện đại , HE , Tình cảm , Huyền huyễn , Ngọt văn , Hào môn thế gia , Chủ thụ , Nhẹ nhàng , Manh sủng",Hoàn thành,169283,3455,106,,https://wikicv.net/truyen/tieu-phi-pi-sung-ai-so-tay-X7CRYFS4CCHVbOvQ
Tinh tế người tu yêu truyền thuyết,Đình Băng,"Nguyên sang , Đam mỹ , Tương lai , HE , Tình cảm , Dị thế , Tu chân , Xuyên việt , Dị năng , Ngọt văn , Thú nhân , Song khiết 🕊️ , Sinh con , Tinh tế , Cơ giáp , Hào môn thế gia , Cường cường , Chủ thụ , Sảng văn , Ngược tra",Hoàn thành,531958,3450,72,,https://wikicv.net/truyen/tinh-te-nguoi-tu-yeu-truyen-thuyet-WCb9T3CVfCtUaMuO
Ta dùng trừu tạp hệ thống làm xây dựng [tây huyễn],Tùng Vân,"Nguyên sang , Đam mỹ , Cổ đại , HE , Tình cảm , Huyền huyễn , Xây dựng , Ma pháp , Hệ thống , Hào môn thế gia , Cường cường , Chủ thụ , Cung đình hầu tước , Nhẹ nhàng , Tây huyễn , Phương Tây , Linh dị thần quái , 1v1 , Thị giác nam chủ , Thẻ bài",Hoàn thành,80014,3450,46,,https://wikicv.net/truyen/ta-dung-truu-tap-he-thong-lam-xay-dung-t-Y4g48lS4CG2C_1Zx
Quỷ Thoại đệ nhất Boss,Ngô Cửu Điện,"Nguyên sang , Đam mỹ , Hiện đại , HE , Tình cảm , Cường cường , Vô hạn lưu , Chủ thụ , Kim bài đề cử 🥇 , Ngân bài đề cử 🥈 , Kim Bảng 🏆 , Linh dị thần quái , Nghịch tập , Điên phê",Còn tiếp,95076,3449,132,,https://wikicv.net/truyen/quy-thoai-de-nhat-boss-Zw1OijzLcgJoSlvW
Xuyên nhanh: Vai ác bạch nguyệt quang lại đã chết,Thành Na Tra,"Nguyên sang , Đam mỹ , Hiện đại , HE , Tình cảm , Song khiết 🕊️ , Xuyên nhanh",Hoàn thành,225738,3441,114,,https://wikicv.net/truyen/xuyen-nhanh-vai-ac-bach-nguyet-quang-lai-YpcMR_TaEG3p25%7E1
Xuyên thành cá mặn ta mỗi ngày đều tưởng ca hát,Trích Tinh Quái,"Nguyên sang , Đam mỹ , Hiện đại , HE , Tình cảm , Huyền huyễn , Xuyên thư , Chủ thụ , Sảng văn , Pháo hôi , Linh dị thần quái , 1v1 , Thị giác nam chủ , Vạn nhân mê",Hoàn thành,151951,3438,73,,https://wikicv.net/truyen/xuyen-thanh-ca-man-ta-moi-ngay-deu-tuong-Yenzz1S4CD_xeTu2
Ta xuyên thành Husky của vai ác,Kiều Xuyên,"Nguyên sang , Đam mỹ , Cận đại , Hiện đại , HE , Tình cảm , Hệ thống , Xuyên thư , Chủ thụ , Sảng văn , Nhẹ nhàng , Kim bài đề cử 🥇 , Main là động vật , Manh sủng",Hoàn thành,175352,3432,110,,https://wikicv.net/truyen/ta-xuyen-thanh-husky-cua-vai-ac-XxUqQFS4CG2v25Nk
Người bệnh này ta không trị nữa! [ xuyên nhanh ],Thiên Phi,"Nguyên sang , Đam mỹ , Cận đại , Hiện đại , HE , Tình cảm , Khoa học viễn tưởng , Ngọt văn , Hệ thống , Song khiết 🕊️ , Xuyên nhanh , Chủ thụ , Sảng văn , Kim bài đề cử 🥇 , 1v1",Hoàn thành,232008,3430,106,,https://wikicv.net/truyen/nguoi-benh-nay-ta-khong-tri-nua-xuyen-nh-WtilKe8h7EFzHVNH
Càng muốn sủng ái ta [ xuyên nhanh ],Linh Lộc,"Nguyên sang , Đam mỹ , Hiện đại , HE , Tình cảm , Xuyên việt , Ngọt văn , Xuyên nhanh , Xuyên thư , Chủ thụ , Pháo hôi , 1v1 , Vạn nhân mê",Hoàn thành,270238,3429,138,,https://wikicv.net/truyen/cang-muon-sung-ai-ta-xuyen-nhanh-Xb%7EK%7EVS4CEjPHHEj
Cùng cẩu huyết văn vai ác kết hôn,Hoa Thanh Loan,"Nguyên sang , Đam mỹ , Hiện đại , HE , Tình cảm , Xuyên việt , Ngọt văn , Song khiết 🕊️ , Xuyên thư , Cưới trước yêu sau , Chủ thụ , Nhẹ nhàng , Nhiều CP , Đô thị tình duyên , Duyên trời tác hợp , 1v1",Hoàn thành,314872,3429,108,,https://wikicv.net/truyen/cung-cau-huyet-van-vai-ac-ket-hon-XluGtTu26xrx%7EFKG
[ Tổng ] Xuyên thành nhân loại nhất ác nguyền rủa,Úc Úc Hạc,"Diễn sinh , Đam mỹ , Cận đại , Hiện đại , HE , OE , Tình cảm , Manga anime , Xuyên việt , Dị năng , Hệ thống , Thần tiên yêu quái , Hắc bang , Chủ thụ , Sảng văn , Nhẹ nhàng , Hài hước , Ấm áp , Xuyên thành vai ác , Thế giới song song , Linh dị thần quái , Main là động vật , Thị giác nam chủ , Bungo Stray Dogs , Jujutsu Kaisen , Nữ trang đại lão , Saiki",Hoàn thành,70338,3429,141,,https://wikicv.net/truyen/tong-xuyen-thanh-nhan-loai-nhat-ac-nguye-YNOG6FS4CBUb4qNy
Nhân loại ấu tể mạt thế sống tạm công lược,Ngốc Tử Tiểu Nhị,"Nguyên sang , Đam mỹ , Tương lai , HE , Tình cảm , Mạt thế , Lính gác dẫn đường , Thanh mai trúc mã , Chủ thụ , 1v1",Chưa xác minh,156046,3429,112,,https://wikicv.net/truyen/nhan-loai-au-te-mat-the-song-tam-cong-lu-YfoU7FS4CCdFLKor
Pháo hôi lại đem vai chính công [ xuyên nhanh ],Trường Bạch Bất Bạch,"Nguyên sang , Đam mỹ , Cổ đại , Hiện đại , Tương lai , HE , Tình cảm , Hệ thống , Xuyên nhanh , Chủ công , Nhẹ nhàng , 1v1",Hoàn thành,188157,3428,370,,https://wikicv.net/truyen/phao-hoi-lai-dem-vai-chinh-cong-xuyen-nh-ZIpmH1S4CD5h4Ktm
Âm dương sư như thế nào chăn nuôi một con Bourbon nắm,Đường Tê,"Diễn sinh , Đam mỹ , Hiện đại , HE , Tình cảm , Manga anime , Ngọt văn , Niên hạ , Chủ công , Cường cường , Sảng văn , Nhẹ nhàng , Duyên trời tác hợp , 1v1 , Âm Dương Sư , Conan",Hoàn thành,115679,3420,77,,https://wikicv.net/truyen/am-duong-su-nhu-the-nao-chan-nuoi-mot-co-ZR%7EFplS4CFpuuUIS
Làm ruộng loát miêu dưỡng nhãi con,Vương Lão Bát,"Nguyên sang , Đam mỹ , Cổ đại , HE , Tình cảm , Làm ruộng , Dị thế , Trọng sinh , Sinh con , Cường cường , Chủ thụ , 1v1",Hoàn thành,158150,3416,75,,https://wikicv.net/truyen/lam-ruong-loat-mieu-duong-nhai-con-XpC1B1S4CDpj%7EkIj
Nghe nói ngươi muốn cô phụ ta? [ Chậm xuyên ],Bất Như Thụy,"Nguyên sang , Đam mỹ , Cổ đại , Cận đại , Hiện đại , Tương lai , HE , Tình cảm , Tiên hiệp , Khoa học viễn tưởng , Huyền huyễn , Tu chân , Ngọt văn , Hệ thống , Song khiết 🕊️ , Xuyên nhanh , Cẩu huyết , ABO , Chủ thụ , Kiếp trước kiếp này , Duyên trời tác hợp , Kim bài đề cử 🥇 , 1v1 , Main là động vật",Hoàn thành,255200,3410,139,,https://wikicv.net/truyen/nghe-noi-nguoi-muon-co-phu-ta-cham-xuyen-W2lef1S4CFs3M889
Ta chỉ có một viên tinh cầu thôi,Lê Lam Lam,"Nguyên sang , Đam mỹ , Tương lai , HE , Tình cảm , Làm ruộng , Xây dựng , Tinh tế , Chủ thụ , Sảng văn , Kim bài đề cử 🥇 , 1v1 , Xuyên về thế giới cũ",Hoàn thành,188339,3410,109,,https://wikicv.net/truyen/ta-chi-co-mot-vien-tinh-cau-thoi-YpIpwVS4CAuXUpGm
Cường sủng [ xuyên nhanh ],Mặc Thủy Tâm,"Nguyên sang , Đam mỹ , Cổ đại , Hiện đại , Tương lai , HE , Tình cảm , Ngọt văn , Hệ thống , Song khiết 🕊️ , Xuyên nhanh , Chủ công , Giới giải trí , Cường cường , Nhẹ nhàng , Vả mặt , 1v1",Hoàn thành,201302,3409,112,,https://wikicv.net/truyen/cuong-sung-xuyen-nhanh-YUPRIVS4CEqqYlyo
"Xuyên thành giả thiếu gia sau, ta dựa chế tạp bạo hồng tinh tế",Quán Đầu Bất Hảo Cật,"Nguyên sang , Đam mỹ , Tương lai , HE , Tình cảm , Dị năng , Xuyên thư , Tinh tế , Cơ giáp , Vườn trường , Chủ thụ , Phát sóng trực tiếp , Pháo hôi , Thẻ bài",Hoàn thành,88004,3406,39,,https://wikicv.net/truyen/xuyen-thanh-gia-thieu-gia-sau-ta-dua-che-aHHcOzu260wsFBXn
Bị Long Ngạo Thiên ngộ nhận thành đồng hương sau / Ám sát bạo quân sau ta mỗi ngày dạy hắn làm bài tập,Ngư Vô Tâm,"Nguyên sang , Đam mỹ , Cổ đại , HE , Tình cảm , Xuyên việt , Ngọt văn , Chủ thụ , Cung đình hầu tước , Duyên trời tác hợp , Kim bài đề cử 🥇 , Nghịch tập , 1v1",Hoàn thành,142688,3405,301,,https://wikicv.net/truyen/bi-long-ngao-thien-ngo-nhan-thanh-dong-h-Xu1mzFS4CBfCw8dP
Trang viên của mị ma,Thục Thất,"Nguyên sang , Đam mỹ , Cổ đại , HE , Tình cảm , Làm ruộng , Dị thế , Xuyên việt , Thăng cấp lưu , Chủ thụ , Kim bài đề cử 🥇 , Kim Bảng 🏆 , 1v1",Hoàn thành,194308,3400,123,,https://wikicv.net/truyen/trang-vien-cua-mi-ma-XdNao1S4CAk9cox3
Cái này Omega ngọt lại dã,Mạc Lí _,"Nguyên sang , Đam mỹ , Hiện đại , HE , Tình cảm , Ngọt văn , ABO , Vườn trường , Chủ thụ , Sảng văn , Hài hước , 1v1",Hoàn thành,149864,3396,117,,https://wikicv.net/truyen/cai-nay-omega-ngot-lai-da-XlHbEVS4CFefoqS_
Ta là vườn trường văn F4 trúc mã,Chước Vân Y,"Nguyên sang , Đam mỹ , Hiện đại , HE , Tình cảm , Ngọt văn , Trọng sinh , Hào môn thế gia , Vườn trường , Thanh mai trúc mã , Chủ thụ , Kim bài đề cử 🥇 , Vạn nhân mê",Hoàn thành,190410,3395,88,,https://wikicv.net/truyen/ta-la-vuon-truong-van-f4-truc-ma-ZYA4%7E1S4CFYeJ5Oa
Trọng sinh chi cực trí sủng hôn,Thương Hải Biển Chu,"Nguyên sang , Đam mỹ , Hiện đại , HE , Tình cảm , Báo thù , Ngọt văn , Trọng sinh , Sinh con , Chủ công , Cưới trước yêu sau , Kiếp trước kiếp này , Vả mặt",Hoàn thành,816259,3394,152,,https://wikicv.net/truyen/trong-sinh-chi-cuc-tri-sung-hon-Wy8RHe8h7H1obCc6
【 Mau xuyên 】 Vai ác tẩy trắng đại pháp,Phú Dư,"Nguyên sang , Đam mỹ , Hiện đại , HE , Tình cảm , Xuyên việt , Hệ thống , Xuyên nhanh",Hoàn thành,485187,3385,438,,https://wikicv.net/truyen/mau-xuyen-vai-ac-tay-trang-dai-phap-X7Yb6VS4CDNFzfcB
Từ làm ruộng dưỡng miêu bắt đầu,Nguyệt Tịch Yên Vũ,"Nguyên sang , Đam mỹ , Cận đại , Hiện đại , HE , Tình cảm , Làm ruộng , Huyền huyễn , Tu chân , Thần tiên yêu quái , Mỹ thực , Làm giàu , Chủ thụ , Nhẹ nhàng , Bình bộ thanh vân , Kim bài đề cử 🥇 , Kim Bảng 🏆 , 1v1 , Bình dân sinh hoạt , Manh sủng",Hoàn thành,154812,3376,75,,https://wikicv.net/truyen/tu-lam-ruong-duong-mieu-bat-dau-Yp3zo1S4CDWfYPqF
Bạch nguyệt quang trong kim ốc [ xuyên thư ],Hồ Li Bất Quy,"Nguyên sang , Đam mỹ , Hiện đại , HE , Tình cảm , Xuyên việt , Ngọt văn , Song khiết 🕊️ , Xuyên thư , Hào môn thế gia , Vườn trường , Chủ thụ , Pháo hôi , 1v1",Hoàn thành,191071,3367,191,,https://wikicv.net/truyen/bach-nguyet-quang-trong-kim-oc-xuyen-thu-XPcB5FS4CAHVCPmR
Tiểu phượng hoàng hắn lại ở tìm cha,Thải Thải Lai Liễu,"Nguyên sang , Đam mỹ , Hiện đại , HE , Tình cảm , Huyền huyễn , Ngọt văn , Thần tiên yêu quái , Song khiết 🕊️ , Giới giải trí , Chủ thụ , Sảng văn , Nhẹ nhàng , Nhiều CP , Hài hước , Ấm áp , Linh dị thần quái , 1v1 , Manh bảo , Manh sủng , Đoàn sủng",Hoàn thành,189561,3363,27,,https://wikicv.net/truyen/tieu-phuong-hoang-han-lai-o-tim-cha-ZjWThlS4CHnyfTRO
"Một giấc ngủ dậy, game yêu đương biến thành game kinh dị",Phù Tô Dữ Liễu Diệp,"Nguyên sang , Đam mỹ , Hiện đại , HE , Tình cảm , Ngọt văn , Hệ thống , Vô hạn lưu , Chủ thụ , Sảng văn , Trò chơi",Hoàn thành,145577,3360,185,,https://wikicv.net/truyen/mot-giac-ngu-day-game-yeu-duong-bien-tha-Xa8u01S4CHIhqfKK
"Cùng tra công từ hôn sau, ta bị hào môn cha mẹ tìm được rồi",Tịch Triều Nam Ca,"Nguyên sang , Đam mỹ , Hiện đại , HE , Tình cảm , Báo thù , Trọng sinh , Giới giải trí , Chủ thụ , Sảng văn , Nhẹ nhàng , Kim bài đề cử 🥇 , Ngược tra",Hoàn thành,530188,3352,183,,https://wikicv.net/truyen/cung-tra-cong-tu-hon-sau-ta-bi-hao-mon-c-YMpwylS4CBENfznq
"Quốc lộ cầu sinh, Thần cấp bảo rương khai cục/Chiến tổn hại giáo thảo thỉnh cầu đầu nhập vào",Tĩnh Chu Tiểu Yêu,"Nguyên sang , Đam mỹ , Hiện đại , HE , Tình cảm , Trọng sinh , Chủ công , Cường cường , Thăng cấp lưu , Cưới trước yêu sau , Kim bài đề cử 🥇 , Kim Bảng 🏆 , Triệu hoán lưu",Hoàn thành,95214,3352,20,,https://wikicv.net/truyen/quoc-lo-cau-sinh-than-cap-bao-ruong-khai-ZdPuwVS4CAHrwokN
O trang B sau hắn sủy hào môn lão nam nhân nhãi con,Trường Anh Chỉ Qua,"Nguyên sang , Đam mỹ , Cận đại , Hiện đại , HE , Tình cảm , Ngọt văn , Song khiết 🕊️ , Hào môn thế gia , ABO , Nhẹ nhàng , Duyên trời tác hợp , Kim bài đề cử 🥇 , 1v1",Hoàn thành,357882,3350,122,,https://wikicv.net/truyen/o-trang-b-sau-han-suy-hao-mon-lao-nam-nh-YRb5KlS4CDpY6D8o
Hắn mới không phải vạn thú ngại [ xuyên qua ],Lộ Quy Đồ,"Nguyên sang , Đam mỹ , Cổ đại , HE , Tình cảm , Làm ruộng , Xây dựng , Xuyên việt , Thú nhân , Sinh con , Chủ thụ , Kim bài đề cử 🥇 , 1v1",Hoàn thành,176537,3342,33,,https://wikicv.net/truyen/han-moi-khong-phai-van-thu-ngai-xuyen-qu-ZqNFkTu26xPYLV8n
Khi Snape xuyên thành Sasuke [Naruto đồng nhân],Nguyệt Bán Thời,"Diễn sinh , Đam mỹ , Cận đại , Hiện đại , HE , Tình cảm , Manga anime , Xuyên việt , Ma pháp , Ngọt văn , Naruto , Harry Potter , Cường cường , Huynh đệ , Chủ thụ , Nhẹ nhàng , Hài hước , Tây huyễn , Phương Tây",Hoàn thành,220067,3339,176,,https://wikicv.net/truyen/khi-snape-xuyen-thanh-sasuke-naruto-dong-Wu6die8h7Bqvw3gJ
Khi ta ở vai chính trước mặt chết độn lúc sau [ xuyên nhanh ],Toái Dạ Mặc Nhiễm,"Nguyên sang , Đam mỹ , Cổ đại , Tương lai , HE , Tình cảm , Tu chân , Ngọt văn , Trọng sinh , Hệ thống , Song khiết 🕊️ , Xuyên nhanh , Tinh tế , ABO , Chủ thụ , Cung đình hầu tước , Sảng văn , 1v1 , Tra thụ",Hoàn thành,191335,3339,67,,https://wikicv.net/truyen/khi-ta-o-vai-chinh-truoc-mat-chet-don-lu-YDXj1lS4CBIIv_15
[ Chính văn ] Kusuo Zoldyck tai nạn,Đạm Lạc Bồ Đề,"Diễn sinh , Đam mỹ , Hiện đại , HE , Tình cảm , Manga anime , Dị thế , Xuyên việt , Nhẹ nhàng , Hài hước , Hunter x Hunter , Kim bài đề cử 🥇 , Kim Bảng 🏆 , Thị giác nam chủ , Ngôi thứ nhất , Jujutsu Kaisen , Saiki , Thấu thị",Hoàn thành,113199,3337,134,,https://wikicv.net/truyen/chinh-van-kusuo-zoldyck-tai-nan-YHdcHFS4CDKHiksY
[ Chính văn ] Phát sóng trực tiếp sau bị bắt trở thành huyền học đại lão / Ta ở thăm linh tổng nghệ toàn võng bạo hỏa,Quất Miêu Quả Quả,"Nguyên sang , Đam mỹ , Hiện đại , HE , Tình cảm , Huyền học , Ngọt văn , Cường cường , Chủ thụ , Phát sóng trực tiếp , Kim bài đề cử 🥇 , Linh dị thần quái , Nghịch tập , 1v1",Hoàn thành,217642,3336,24,,https://wikicv.net/truyen/chinh-van-phat-song-truc-tiep-sau-bi-bat-ZRor6VS4CH8ykyPI
Đoàn sủng ấu tể yêu quý kế hoạch,Phượng Tiêu Thanh Túy,"Nguyên sang , Đam mỹ , Tương lai , HE , Tình cảm , Xuyên việt , Ngọt văn , Hệ thống , Chủ thụ , Kim bài đề cử 🥇 , Manh bảo , Manh sủng , Chậm nhiệt , Đoàn sủng , Hằng ngày , Đơn nguyên văn",Hoàn thành,135683,3334,188,,https://wikicv.net/truyen/doan-sung-au-te-yeu-quy-ke-hoach-ZtIBU_TaEBNNpG%7EI
"[ Tổng Anh Mỹ ] Đừng hoảng hốt, ta còn có thể cẩu!",Li Cửu Sanh,"Diễn sinh , Đam mỹ , Hiện đại , HE , Tình cảm , Khoa học viễn tưởng , Huyền huyễn , Dị thế , Xuyên việt , Ma pháp , Ngọt văn , Cường cường , Chủ thụ , Nhẹ nhàng , Tây huyễn , Siêu anh hùng , Duyên trời tác hợp , Phương Tây , Phim Anh Mỹ , 1v1 , Phi song khiết 🌂 , DC",Hoàn thành,58981,3326,61,,https://wikicv.net/truyen/tong-anh-my-dung-hoang-hot-ta-con-co-the-YihIMFS4CCXal_N9
Phu phu hài tử nhiệt đầu giường,Sơ Vẫn Giang Hồ,"Nguyên sang , Đam mỹ , Cổ đại , HE , Tình cảm , Làm ruộng , Xuyên việt , Ngọt văn , Trọng sinh , Song khiết 🕊️ , Chủ thụ , Cung đình hầu tước , Liên Thành 3 sao",Hoàn thành,893215,3322,42,,https://wikicv.net/truyen/phu-phu-hai-tu-nhiet-dau-giuong-WPlrMu8h7BD1ExOM
Pháo hôi mới là chân tuyệt sắc [ mau xuyên ],Hoài Sắc,"Nguyên sang , Đam mỹ , Cổ đại , Hiện đại , Tương lai , HE , OE , Tình cảm , Khoa học viễn tưởng , Mạt thế , Võng du , Báo thù , Hệ thống , Xuyên nhanh , Hào môn thế gia , Cẩu huyết , Giới giải trí , Cường cường , Chủ thụ , Sảng văn , Bình bộ thanh vân , Pháo hôi , Duyên trời tác hợp , Tiểu bạch văn , Lôi , Xuyên thành vai ác , Ngược tra",Hoàn thành,675412,3321,154,,https://wikicv.net/truyen/phao-hoi-moi-la-chan-tuyet-sac-mau-xuyen-WFL%7EiXCVfGDMBnGu
Xuyên thành pháo hôi sau cùng vai ác he,Bắc Phong Xuy,"Nguyên sang , Đam mỹ , Cổ đại , HE , Tình cảm , Xuyên thư , Chủ thụ , 1v1",Hoàn thành,256856,3320,21,,https://wikicv.net/truyen/xuyen-thanh-phao-hoi-sau-cung-vai-ac-he-YnJ8KTzLcgNJBxoI
Đặc xá tối cao,Chỉ Trụy,"Nguyên sang , Đam mỹ , Tương lai , HE , Tình cảm , Tranh bá , Dị năng , Chủ công , Thăng cấp lưu , Sảng văn , Kim bài đề cử 🥇 , Vả mặt",Hoàn thành,52689,3318,18,,https://wikicv.net/truyen/dac-xa-toi-cao-XOyqpEbIjg4Cl3Gr
Đương Matsuda Jinpei trói định dán dán hệ thống sau / Osananajimi cả ngày tưởng cùng ta dán dán,Ngọa Chẩm Hùng,"Diễn sinh , Đam mỹ , Hiện đại , HE , Tình cảm , Manga anime , Ngọt văn , Hệ thống , Thanh mai trúc mã , Chủ thụ , Nhẹ nhàng , Hoàng tử Tennis , 1v1 , Song trọng sinh , Kuroko no basket , Conan , Chữa lành",Hoàn thành,110730,3318,31,,https://wikicv.net/truyen/duong-matsuda-jinpei-troi-dinh-dan-dan-h-YpDPUlS4CFImh8lD
Mạo mỹ vai ác lầm đương Tu La tràng vạn nhân mê 【 mau xuyên 】,Bì Nhu Nhu,"Nguyên sang , Đam mỹ , Hiện đại , Tương lai , HE , Tình cảm , Làm ruộng , Hệ thống , Xuyên nhanh , Sinh con , Tinh tế , Giới giải trí , Chủ thụ , EABO , Vạn nhân mê , Niên đại văn",Còn tiếp,184528,3314,154,,https://wikicv.net/truyen/mao-my-vai-ac-lam-duong-tu-la-trang-van--ZXCYAmHe7HKN4oJK
Nguyên lai ta không phải bệnh tâm thần a,Thâm Hải Thủ Thuật Đao,"Nguyên sang , Đam mỹ , Hiện đại , HE , Tình cảm , Ngọt văn , Chủ thụ , Sảng văn , Nhẹ nhàng , Cthulhu",Hoàn thành,79581,3314,153,,https://wikicv.net/truyen/nguyen-lai-ta-khong-phai-benh-tam-than-a-aHZ5NWHe7G8Dmq0N
[ABO] Ở tinh tế phát sóng trực tiếp dưỡng long,Ngư Chi Thủy,"Nguyên sang , Đam mỹ , Tương lai , HE , Tình cảm , Làm ruộng , Xuyên việt , Dị năng , Ngọt văn , Tinh tế , ABO , Cường cường , Chủ thụ , Sảng văn , Nhẹ nhàng , Phát sóng trực tiếp , Ấm áp , Kim bài đề cử 🥇 , 1v1",Hoàn thành,294260,3313,117,,https://wikicv.net/truyen/abo-o-tinh-te-phat-song-truc-tiep-duong--XlnCAVS4CFN_ucT1
Giám định một chút tan vỡ truyện tranh nam chủ,Hà Thời Phó Bách Xuyên,"Nguyên sang , Đam mỹ , Cổ đại , HE , Tình cảm , Huyền huyễn , Dị thế , Xuyên việt , Ma pháp , Trọng sinh , Xuyên thư , Cường cường , Thần thoại , Chủ thụ , Sảng văn , Tây huyễn , Thiên chi kiêu tử , Phương Tây , 1v1 , Chức nghiệp tinh anh , Điên phê , Ôn nhu , Thai xuyên , Thiên tài , Nam mụ mụ , Phản kịch bản",Hoàn thành,41066,3307,84,,https://wikicv.net/truyen/giam-dinh-mot-chut-tan-vo-truyen-tranh-n-Z%7EWBTFS4CFpiXH8V
Ta phát sóng trực tiếp đoán mệnh bạo hỏa,Lâm Lâm Quả,"Nguyên sang , Đam mỹ , Hiện đại , HE , Tình cảm , Huyền học , Ngọt văn , Chủ thụ , Sảng văn , Phát sóng trực tiếp , Kim bài đề cử 🥇 , Kim Bảng 🏆 , 1v1",Hoàn thành,250181,3305,124,,https://wikicv.net/truyen/ta-phat-song-truc-tiep-doan-menh-bao-hoa-ZhLyyfTaEHTtaZHp
Biến thành cẩm lý rớt vào bồn tắm của nam thần làm sao đây? [ tinh tế ],Điềm Họa Phảng,"Nguyên sang , Đam mỹ , Tương lai , HE , Tình cảm , Xuyên việt , Ngọt văn , Sinh con , Tinh tế , Chủ thụ , Sảng văn , Nhẹ nhàng , Kim bài đề cử 🥇 , 1v1",Hoàn thành,171286,3299,74,,https://wikicv.net/truyen/bien-thanh-cam-ly-rot-vao-bon-tam-cua-na-XOI5wTu26x%7ELB3nA
Thần cấp đổ thạch sư ( tinh tế ),Đàn U Trúc Mộng,"Nguyên sang , Đam mỹ , Tương lai , HE , Tình cảm , Dị năng , Đổ thạch , Tinh tế , Cơ giáp , Chủ thụ , 1v1",Hoàn thành,264003,3297,80,,https://wikicv.net/truyen/than-cap-do-thach-su-tinh-te-YPldzFS4CAlYsg74
Tinh tế xuyên qua chi thái tử phi,Tử Sắc Mộc Ốc 【 kết thúc + phiên ngoại 】,"Nguyên sang , Đam mỹ , Tương lai , HE , Tình cảm , Mạt thế , Xuyên việt , Dị năng , Tùy thân không gian , Tinh tế , Cơ giáp , Cường cường , Chủ thụ , Sảng văn , Liên Thành 3 sao , 1v1",Hoàn thành,1069957,3295,66,,https://wikicv.net/truyen/tinh-te-xuyen-qua-chi-thai-tu-phi-Wr3fYzu260nzROHy
"Hoàng Thượng, ngươi ngoại quải tới rồi [ Xuyên nhanh ]",Hi Bảo Trấn Hà Yêu,"Nguyên sang , Đam mỹ , Cổ đại , HE , Tình cảm , Khoa học viễn tưởng , Huyền huyễn , Xuyên việt , Ngọt văn , Hệ thống , Xuyên nhanh , Vô hạn lưu , Chủ thụ , 1v1",Hoàn thành,246790,3282,115,,https://wikicv.net/truyen/hoang-thuong-nguoi-ngoai-quai-toi-roi-xu-XFyNg1S4CCMs3rA1
[ Tổng ] Đứa Con Của Tomie - Dazai,Yêu Sinh Vô Thú A,"Diễn sinh , Đam mỹ , Cận đại , Hiện đại , HE , Tình cảm , Manga anime , Huyền huyễn , Dị năng , Chủ thụ , Hài hước , Hitman Reborn , Siêu anh hùng , Ấm áp , Linh dị thần quái , Touken Ranbu , Mary Sue , Fate , Bungo Stray Dogs , My Hero Academia",Hoàn thành,148203,3281,94,,https://wikicv.net/truyen/tong-dua-con-cua-tomie-dazai-XOFGrVS4CC6W0bcF
Pháo hôi thật thiếu gia tu tiên đã trở lại,Lộ Bát Thiên,"Nguyên sang , Đam mỹ , Hiện đại , HE , Tình cảm , Tiên hiệp , Huyền học , Tu chân , Ngọt văn , Xuyên thư , Chủ công , Sảng văn , Đô thị tình duyên , 1v1 , Thật giả thiếu gia , Xuyên về thế giới cũ",Hoàn thành,239189,3279,52,,https://wikicv.net/truyen/phao-hoi-that-thieu-gia-tu-tien-da-tro-l-Yp6piFS4CDWfYP4u
Quá soái vạn nhân ái [ mau xuyên ],Tê An,"Nguyên sang , Đam mỹ , Hiện đại , HE , Tình cảm , Hệ thống , Xuyên nhanh , Chủ thụ , Sảng văn , Nghịch tập , 1v1",Hoàn thành,170576,3278,62,,https://wikicv.net/truyen/qua-soai-van-nhan-ai-mau-xuyen-Xz%7EbMWHe7AFhtdW6
Dưỡng người trong sách là đế quốc Thái Tử,Tối Ái Mai Tử Tửu,"Nguyên sang , Đam mỹ , Tương lai , HE , Tình cảm , Ngọt văn , Hệ thống , Niên hạ , Tinh tế , Chủ thụ , Sảng văn , Kim bài đề cử 🥇 , 1v1",Hoàn thành,137497,3277,99,,https://wikicv.net/truyen/duong-nguoi-trong-sach-la-de-quoc-thai-t-XtbRu1S4CGA8Aj9e
Huyền môn đại lão ở dị thế,Băng Đường Liên Tử Canh,"Nguyên sang , Đam mỹ , Hiện đại , HE , Tình cảm , Huyền học , Nhiều CP , Ngược tra , Liên Thành 3 sao , Đọc tâm",Hoàn thành,259125,3277,69,,https://wikicv.net/truyen/huyen-mon-dai-lao-o-di-the-ZtAzkmHe7FZTcmOy
Ốm yếu trùng đực tay không toái cương giáp,Tích Tuyết Hạ Đích Hắc Miêu,"Nguyên sang , Đam mỹ , Tương lai , HE , Tình cảm , Tinh tế , Cơ giáp , Chủ công , Sảng văn , Nhẹ nhàng , Trùng tộc , Chữa lành , Vạn nhân mê",Hoàn thành,146922,3277,91,,https://wikicv.net/truyen/om-yeu-trung-duc-tay-khong-toai-cuong-gi-Zx3hQ1S4CEmDcWCY
Sáng Thế Thần [ vô hạn ],Trương Vô Thanh,"Nguyên sang , Đam mỹ , Hiện đại , HE , Tình cảm , Sinh tồn , Cường cường , Vô hạn lưu , Chủ thụ , Tương ái tương sát , 1v1 , Thẻ bài , Mỹ nhân",Hoàn thành,89890,3275,245,,https://wikicv.net/truyen/sang-the-than-vo-han-ZypRm0bIjkcD9Otd
Dẫn đường muốn nghe kịch bản nói,Bất Gian Bất Giới,"Nguyên sang , Đam mỹ , Tương lai , HE , Tình cảm , Xuyên việt , Xuyên thư , Chủ công , Lính gác dẫn đường , Pháo hôi , Tương ái tương sát , 1v1",Hoàn thành,103888,3273,139,,https://wikicv.net/truyen/dan-duong-muon-nghe-kich-ban-noi-YylXIlS4CG2_kgZJ
Vứt bỏ mười cái nam chủ sau ta trốn chạy thất bại,Thu Mễ Thu Mễ Thỏ,"Nguyên sang , Đam mỹ , Cận đại , Hiện đại , HE , Tình cảm , Ngọt văn , Hệ thống , Song khiết 🕊️ , Xuyên thư , Cường cường , Phản phái xuyên việt , Chủ thụ , Sảng văn , Nhẹ nhàng , Hài hước , Ấm áp , 1v1",Hoàn thành,231072,3267,274,,https://wikicv.net/truyen/vut-bo-muoi-cai-nam-chu-sau-ta-tron-chay-XXe3YVS4CDDcYAdH
Chức nghiệp vai ác [ xuyên nhanh ],Đống Cảm Siêu Nhân,"Nguyên sang , Đam mỹ , Tương lai , HE , Tình cảm , Huyền huyễn , Xuyên nhanh , Cường cường , Chủ thụ , Duyên trời tác hợp , Xuyên thành vai ác",Hoàn thành,146184,3264,130,,https://wikicv.net/truyen/chuc-nghiep-vai-ac-xuyen-nhanh-ZIgtyFS4CDPQ%7Enx_
Cứu vớt tàn tật nam chủ ( xuyên nhanh ),Chúc Cung,"Nguyên sang , Đam mỹ , Cổ đại , Hiện đại , HE , Tình cảm , Mạt thế , Dị năng , Hệ thống , Xuyên nhanh , Tinh tế , Chủ công , Trạch đấu , Giới giải trí , Cường cường , Sảng văn , Nhẹ nhàng , 1v1 , Chữa lành , Mỹ công",Hoàn thành,264407,3263,171,,https://wikicv.net/truyen/cuu-vot-tan-tat-nam-chu-xuyen-nhanh-X7c1SVS4CH31Y6Yd
Bạo quân sủng hôn hằng ngày [ trọng sinh ],Nhất Nhật Tri Thiên,"Nguyên sang , Đam mỹ , Cổ đại , HE , Tình cảm , Ngọt văn , Trọng sinh , Sinh con , Song tính , Chủ thụ , Cung đình hầu tước , Sảng văn , Nhẹ nhàng , Kim bài đề cử 🥇 , 1v1",Hoàn thành,364421,3261,111,,https://wikicv.net/truyen/bao-quan-sung-hon-hang-ngay-trong-sinh-Xe2kOVS4CBKjDtlR
Pháo hôi công lật xe lúc sau [ xuyên thư ],Trích Tinh Quái,"Nguyên sang , Đam mỹ , Cổ đại , HE , Tình cảm , Tiên hiệp , Huyền huyễn , Tu chân , Xuyên thư , Niên thượng , Chủ thụ , Sảng văn , Sư đồ , Vả mặt , 1v1 , Vạn nhân mê",Hoàn thành,209142,3256,92,,https://wikicv.net/truyen/phao-hoi-cong-lat-xe-luc-sau-xuyen-thu-X%7EUuZlS4CBxNhds0
[ Thanh xuyên ] Thập Tứ phấn đấu sử,Sơ Vẫn Giang Hồ,"Diễn sinh , Đam mỹ , Cổ đại , HE , Tình cảm , Xuyên việt , Trọng sinh , Đại Thanh , Lịch sử , Liên Thành 3 sao",Hoàn thành,139543,3255,10,,https://wikicv.net/truyen/thanh-xuyen-thap-tu-phan-dau-su-YVxUyFS4CESGTcSC
Trong lồng tước [ trọng sinh ] / Trọng sinh thành tiên tôn trong tay pi,Nhất Tùng Âm,"Nguyên sang , Đam mỹ , Cổ đại , HE , Tình cảm , Tiên hiệp , Tu chân , Trọng sinh , Chủ thụ , Kim bài đề cử 🥇 , 1v1 , Main là động vật , Manh sủng",Hoàn thành,161539,3248,171,,https://wikicv.net/truyen/trong-long-tuoc-trong-sinh-trong-sinh-th-YcexF1S4CBgnr49L
Pháo hôi này để ta che chở! [ xuyên nhanh ],Tam Thiên Đại Mộng Tự Bình Sinh,"Nguyên sang , Đam mỹ , Cổ đại , Hiện đại , Tương lai , HE , Tình cảm , Khoa học viễn tưởng , Huyền huyễn , Xuyên việt , Ngọt văn , Trọng sinh , Hệ thống , Xuyên nhanh , Xuyên thư , Chủ thụ , Pháo hôi , Kim bài đề cử 🥇 , 1v1 , Song xuyên",Hoàn thành,285722,3247,287,,https://wikicv.net/truyen/phao-hoi-nay-de-ta-che-cho-xuyen-nhanh-WuUh6O8h7DhGXSxu
Hamster muốn ăn gà [ điện cạnh ],Lễ Bất Ngôn,"Nguyên sang , Đam mỹ , Hiện đại , HE , Tình cảm , Võng du , Ngọt văn , Thi đấu cạnh kỹ , Chủ thụ , Sảng văn , Nhẹ nhàng , Phát sóng trực tiếp , Trò chơi , 1v1",Hoàn thành,100096,3245,84,,https://wikicv.net/truyen/hamster-muon-an-ga-dien-canh-WtwRgu8h7C79IUdY
Xuyên thành Mary Sue văn nam chủ sau ta cong,Thanh Cơ Lệnh,"Nguyên sang , Đam mỹ , Cận đại , Hiện đại , HE , Tình cảm , Ngọt văn , Trọng sinh , Song khiết 🕊️ , Xuyên thư , Hào môn thế gia , Giới giải trí , Chủ thụ , Nhẹ nhàng , Kim bài đề cử 🥇 , 1v1",Hoàn thành,239062,3245,163,,https://wikicv.net/truyen/xuyen-thanh-mary-sue-van-nam-chu-sau-ta--XlR7FVS4CFYY3tSr
Xuyên nhanh: Giáo có linh hồn bạn lữ Long Ngạo Thiên tu nam đức,Cô Chú Nhất Trịch,"Nguyên sang , Đam mỹ , Cổ đại , HE , Tình cảm , Tiên hiệp , Huyền huyễn , Tu chân , Hệ thống , Xuyên nhanh , Xuyên thư , Chủ thụ , Sảng văn , Nhẹ nhàng , Kim Bảng 🏆 , Ngược tra , Linh dị thần quái , Vả mặt , 1v1 , Thị giác nam chủ , Jack Sue , Vạn nhân mê",Hoàn thành,136511,3244,351,,https://wikicv.net/truyen/xuyen-nhanh-giao-co-linh-hon-ban-lu-long-YjZed1S4CFfSrWiA
Trọng sinh thập niên 80 dưỡng nhãi con,Thủy Tinh Phỉ Thúy Nhục,"Nguyên sang , Đam mỹ , Cận đại , Hiện đại , HE , Tình cảm , Trọng sinh , Sinh con , Làm giàu , Sảng văn , Kim bài đề cử 🥇 , Vả mặt",Hoàn thành,634187,3241,124,,https://wikicv.net/truyen/trong-sinh-thap-nien-80-duong-nhai-con-WzniEGHe7E8Tbm5R
Lĩnh chủ chức nghiệp sách tranh hôm nay điểm đầy sao,Phóng Cáp Tử,"Nguyên sang , Đam mỹ , Cổ đại , HE , Tình cảm , Xây dựng , Dị thế , Xuyên việt , Hệ thống , Chủ thụ , Tây huyễn , Kim bài đề cử 🥇 , 1v1",Hoàn thành,72135,3240,59,,https://wikicv.net/truyen/linh-chu-chuc-nghiep-sach-tranh-hom-nay--YXH051S4CHKSeKCC
Hào môn lão công tổng ở ta dấm ta chính mình [ xuyên thư ],A Tần A Tần,"Nguyên sang , Đam mỹ , Hiện đại , HE , Tình cảm , Xuyên việt , Trọng sinh , Xuyên thư , Sinh con , Hào môn thế gia , Kim bài đề cử 🥇",Hoàn thành,250651,3239,283,,https://wikicv.net/truyen/hao-mon-lao-cong-tong-o-ta-dam-ta-chinh--XMetSVS4CBcNn6GD
"Sau khi BE, các đối tượng công lược trọng sinh rồi [ Tổng ]",Mộc Ngư Hoàn Tử,"Diễn sinh , Đam mỹ , Hiện đại , HE , Huyền huyễn , Xuyên việt , Chủ thụ , Trò chơi , Hitman Reborn , Hoàng tử Tennis , Kim bài đề cử 🥇 , 1v1 , Bungo Stray Dogs , Kimetsu no Yaiba , Conan",Hoàn thành,113851,3238,139,,https://wikicv.net/truyen/sau-khi-be-cac-doi-tuong-cong-luoc-trong-XzfjvFS4CFrXb7mm
Quả phu lang gia tửu lầu nhỏ,Lộ Quy Đồ,"Nguyên sang , Đam mỹ , Cổ đại , HE , Tình cảm , Xuyên việt , Sinh con , Mỹ thực , Chủ thụ , Hằng ngày",Hoàn thành,170539,3238,46,,https://wikicv.net/truyen/qua-phu-lang-gia-tuu-lau-nho-aBGN_PTaEBLlA6TR
Xuyên nhanh chi ta sắp chết,Tây Tây Đặc,"Nguyên sang , Đam mỹ , Hiện đại , HE , Tình cảm , Hệ thống , Xuyên nhanh , Chủ thụ , Kim Bảng 🏆",Hoàn thành,333089,3237,223,,https://wikicv.net/truyen/xuyen-nhanh-chi-ta-sap-chet-WGDEknCVfGpXZ2DO
Cùng túc địch kết hôn cùng ngày cùng nhau trọng sinh,Lâm Tri Lạc,"Nguyên sang , Đam mỹ , Hiện đại , HE , Tình cảm , Ngọt văn , Song khiết 🕊️ , Vườn trường , Chủ thụ , Sảng văn , Nhẹ nhàng , Kim bài đề cử 🥇 , Kim Bảng 🏆 , 1v1 , Song trọng sinh",Hoàn thành,271442,3234,191,,https://wikicv.net/truyen/cung-tuc-dich-ket-hon-cung-ngay-cung-nha-W06Uv%7E8h7AXA5ROH
Dẫn đường có phải hay không trọng sinh,Bất Gian Bất Giới,"Nguyên sang , Đam mỹ , Tương lai , HE , Tình cảm , Ngọt văn , Trọng sinh , Xuyên thư , Tinh tế , Chủ công , Lính gác dẫn đường , Cường cường , Nhẹ nhàng , Ngân bài đề cử 🥈 , 1v1",Hoàn thành,207799,3232,121,,https://wikicv.net/truyen/dan-duong-co-phai-hay-khong-trong-sinh-XgqnHFS4CFVPZdy%7E
Trâm anh vấn đỉnh,Ô Kiểm Đại Tiếu,"Nguyên sang , Đam mỹ , Cổ đại , HE , Tình cảm , Xuyên việt , Làm giàu , Cường cường , Tam Quốc , Lịch sử , Chủ thụ , Cung đình hầu tước , Bình bộ thanh vân , Cận thủy lâu đài , Duyên trời tác hợp , Kim bài đề cử 🥇 , Chủ phó",Hoàn thành,130546,3231,32,,https://wikicv.net/truyen/tram-anh-van-dinh-V9TjgHCVfEcS_65s
Npc nam nhân [ vô hạn lưu ],Bất Gian Bất Giới,"Nguyên sang , Đam mỹ , Tương lai , HE , Tình cảm , Trinh thám , Võng du , Chủ công , Cường cường , Vô hạn lưu , Trò chơi , Tương ái tương sát , 1v1",Hoàn thành,100464,3230,80,,https://wikicv.net/truyen/npc-nam-nhan-vo-han-luu-YDkkSlS4CAlHpfdi
Cứu vớt vai ác ta là chuyên nghiệp [ xuyên nhanh ],Sơn Xuyên Thủy Đại,"Nguyên sang , Đam mỹ , Cổ đại , Hiện đại , Tương lai , HE , Tình cảm , Mạt thế , Huyền huyễn , Dị năng , Thú nhân , Hệ thống , Xuyên nhanh , Xuyên thư , Tinh tế , Chủ công , ABO , Cường cường , Mỹ nhân ngư , 1v1 , Thật giả thiếu gia , Niên đại văn",Hoàn thành,204306,3223,62,,https://wikicv.net/truyen/cuu-vot-vai-ac-ta-la-chuyen-nghiep-xuyen-X%7EEEmFS4CGFNO6Se
Ta nhặt nhãi con đều là đế quốc người thừa kế,Phù An Khâm,"Nguyên sang , Đam mỹ , Tương lai , HE , Tình cảm , Xuyên việt , Thú nhân , Tinh tế , Chủ thụ , Sảng văn , Nhẹ nhàng , Phát sóng trực tiếp , Cổ đại xuyên tươg lai , Ấm áp , Kim bài đề cử 🥇 , Vả mặt , 1v1",Hoàn thành,227297,3220,81,,https://wikicv.net/truyen/ta-nhat-nhai-con-deu-la-de-quoc-nguoi-th-XoFZW1S4CDveoNBe
Long Ngạo Thiên xuyên sai thư,Đầu Mai Tuyết Lí,"Nguyên sang , Đam mỹ , Hiện đại , HE , Tình cảm , Ngọt văn , Hệ thống , Xuyên thư , Chủ thụ , Sảng văn , Pháo hôi , Kim bài đề cử 🥇 , 1v1",Hoàn thành,104336,3218,114,,https://wikicv.net/truyen/long-ngao-thien-xuyen-sai-thu-YmypgVS4CEzU%7EPuf
U buồn tiên sinh chỉ muốn bình tĩnh sinh hoạt,Thanh Sắc Vũ Dực,"Nguyên sang , Đam mỹ , Hiện đại , HE , Tình cảm , Dị năng , Ngọt văn , Chủ công , Cường cường , Sảng văn , Kim bài đề cử 🥇 , 1v1",Hoàn thành,185038,3215,251,,https://wikicv.net/truyen/u-buon-tien-sinh-chi-muon-binh-tinh-sinh-XsnuU1S4CBjAxdOo
Bị bắt buôn bán thầy bói hằng ngày,Thanh Y Hạnh Lâm,"Nguyên sang , Đam mỹ , Hiện đại , HE , Tình cảm , Huyền học , Thăng cấp lưu , Chủ thụ , Sảng văn , Thiên chi kiêu tử , Kim bài đề cử 🥇 , 1v1",Hoàn thành,93985,3199,106,,https://wikicv.net/truyen/bi-bat-buon-ban-thay-boi-hang-ngay-YBnjflS4CBA1TCne
Xã hội ta Tsuna ca [ Tổng Anh Mỹ ],Đại Chi,"Diễn sinh , Đam mỹ , Cận đại , Hiện đại , HE , Tình cảm , Manga anime , Huyền huyễn , Nhẹ nhàng , Hitman Reborn , Siêu anh hùng , Phương Tây , Kim bài đề cử 🥇 , Kim Bảng 🏆 , 1v1",Hoàn thành,93596,3198,118,,https://wikicv.net/truyen/xa-hoi-ta-tsuna-ca-tong-anh-my-XrJFvVS4CEhkAlvv
[NP] Quý tộc nam giáo,Trịnh Cửu Sát,"Nguyên sang , Đam mỹ , Hiện đại , HE , Tình cảm , Cẩu huyết , Vườn trường , NP , Chủ thụ , Tra thụ , Vạn nhân mê",Hoàn thành,177731,3196,195,,https://wikicv.net/truyen/np-quy-toc-nam-giao-YoY8LDzLchP9trCO
Đương pháo hôi bị vạn nhân mê xuyên vào! [ xuyên nhanh ],Diệp Diệp Chi Thu,"Nguyên sang , Đam mỹ , Cổ đại , HE , Tình cảm , Võ hiệp , Tiên hiệp , Khoa học viễn tưởng , Huyền huyễn , Tu chân , Xuyên việt , Hệ thống , Xuyên nhanh , Xuyên thư , Hào môn thế gia , Ngược văn , Huyết tộc , Chủ thụ , Sảng văn , Đô thị tình duyên , Pháo hôi , Lôi",Hoàn thành,372570,3193,161,,https://wikicv.net/truyen/duong-phao-hoi-bi-van-nhan-me-xuyen-vao--WrHT4e8h7DE00Smz
Ở vô hạn lưu đương sinh hoạt người chơi,Du Lân,"Nguyên sang , Đam mỹ , Hiện đại , HE , Tình cảm , Xuyên nhanh , Vô hạn lưu , Chủ thụ , Sảng văn , Nhẹ nhàng , Kim bài đề cử 🥇 , Kim Bảng 🏆 , Linh dị thần quái , Vạn nhân mê",Hoàn thành,83047,3192,39,,https://wikicv.net/truyen/o-vo-han-luu-duong-sinh-hoat-nguoi-choi-ZLJzfGHe7APsnktg
Ta dựa học tập đi lên đỉnh cao nhân sinh,Thất Lưu,"Nguyên sang , Đam mỹ , Cận đại , Hiện đại , HE , Tình cảm , Hệ thống , Thăng cấp lưu , Chủ thụ , Sảng văn , Nhẹ nhàng , Kim bài đề cử 🥇 , Vả mặt , 1v1",Hoàn thành,207641,3191,81,,https://wikicv.net/truyen/ta-dua-hoc-tap-di-len-dinh-cao-nhan-sinh-Xl787lS4CBwhs2Rb
Tinh tế đại vu,Uyển Nhược Du Long,"Nguyên sang , Đam mỹ , Tương lai , HE , Tình cảm , Khoa học viễn tưởng , Xuyên việt , Ngọt văn , Song khiết 🕊️ , Tinh tế , Lính gác dẫn đường , Vườn trường , Cường cường , Thăng cấp lưu , Niên thượng , Cưới trước yêu sau , Chủ thụ , Sảng văn , Nhẹ nhàng , Dưỡng thành , Hài hước , Duyên trời tác hợp , 1v1 , Trùng tộc",Chưa xác minh,181147,3190,123,,https://wikicv.net/truyen/tinh-te-dai-vu-WQGx8%7E8h7EnD5FaO
[ Hy Lạp thần thoại ] Đương tú thái xuyên qua cổ Hy Lạp,Tiễn Đồng Dạ Ca,"Diễn sinh , Đam mỹ , Cổ đại , HE , Tình cảm , Dị thế , Xuyên việt , Cường cường , Thần thoại , Chủ thụ , Tây huyễn , Phương Tây , Kim Bảng 🏆 , 1v1",Hoàn thành,190819,3186,84,,https://wikicv.net/truyen/hy-lap-than-thoai-duong-tu-thai-xuyen-qu-XWixBFS4CCPa6nva
Võng hồng miêu nhàn nhã sinh hoạt (Bộ 1),Cổ Thành Bạch Y Thiếu Niên,"Nguyên sang , Đam mỹ , Hiện đại , HE , Tình cảm , Dị năng , Ngọt văn , Trọng sinh , Song khiết 🕊️ , Chủ thụ , Nhẹ nhàng , Hài hước , Ấm áp , Kim bài đề cử 🥇 , Kim Bảng 🏆 , 1v1 , Main là động vật , Võng hồng , Manh sủng",Hoàn thành,98017,3184,60,,https://wikicv.net/truyen/vong-hong-mieu-nhan-nha-sinh-hoat-bo-1-XKk6klS4CHor9hyx
Toàn cầu truy càng [ xuyên nhanh ],Trú Miên Mộng Quân,"Nguyên sang , Đam mỹ , Tương lai , HE , Tình cảm , Xây dựng , Xuyên nhanh , Cường cường , Chủ thụ , Sảng văn , Kim bài đề cử 🥇 , 1v1 , Viết văn",Hoàn thành,95262,3182,95,,https://wikicv.net/truyen/toan-cau-truy-cang-xuyen-nhanh-YeIkeFS4CHAiYfEH
Bọn họ đều tưởng cứu vớt ta [ xuyên thư ],Thần Thập Lục,"Nguyên sang , Đam mỹ , Hiện đại , HE , Tình cảm , Ngọt văn , Hệ thống , Xuyên thư , Chủ thụ , Xuyên thành vai ác , 1v1",Hoàn thành,168282,3182,80,,https://wikicv.net/truyen/bon-ho-deu-tuong-cuu-vot-ta-xuyen-thu-YgW0q1S4CB10Vmn7
Vai chính lại muốn cướp ta kịch bản,Nhất Bôi Tửu Lương,"Nguyên sang , Đam mỹ , Hiện đại , HE , Tình cảm , Ngọt văn , Xuyên nhanh , Chủ công , Nhẹ nhàng , 1v1",Hoàn thành,209273,3180,180,,https://wikicv.net/truyen/vai-chinh-lai-muon-cuop-ta-kich-ban-W0nqju8h7H9Cyhxv
NPC hắn luôn là đăng báo tiên đoán [ vô hạn ],Thỏ Nguyệt Quan,"Nguyên sang , Đam mỹ , Tương lai , HE , Tình cảm , Ngọt văn , Trọng sinh , Cường cường , Vô hạn lưu , Chủ thụ , Sảng văn , Trò chơi , Tương ái tương sát , 1v1 , Thực tế ảo , NPC",Hoàn thành,120560,3179,116,,https://wikicv.net/truyen/npc-han-luon-la-dang-bao-tien-doan-vo-ha-Yvt1ElS4CBsBlZ0J
Ta nhặt Boss đều yêu ta [ Xuyên nhanh ],Thiên Phi,"Nguyên sang , Đam mỹ , Cổ đại , Cận đại , Hiện đại , Tương lai , HE , Tình cảm , Tiên hiệp , Huyền huyễn , Tu chân , Xuyên việt , Ngọt văn , Xuyên nhanh , Tinh tế , Cường cường , Chủ thụ , Sảng văn , Nhẹ nhàng , Kim bài đề cử 🥇 , 1v1",Hoàn thành,235658,3177,79,,https://wikicv.net/truyen/ta-nhat-boss-deu-yeu-ta-xuyen-nhanh-XEs6KFS4CCRGNapj
Ta chỉ là muốn yêu đương [ trọng sinh ],Liên Sóc,"Nguyên sang , Đam mỹ , Hiện đại , HE , Tình cảm , Ngọt văn , Trọng sinh , Song khiết 🕊️ , Giới giải trí , Cường cường , Chủ thụ , Ấm áp , Kim bài đề cử 🥇 , 1v1",Hoàn thành,202878,3174,164,,https://wikicv.net/truyen/ta-chi-la-muon-yeu-duong-trong-sinh-WpIjiju26zhxTdAP
Tiểu thuyết vai chính nhóm xâm lấn hiện thực sau,Chỉ Y,"Nguyên sang , Đam mỹ , Hiện đại , HE , Tình cảm , Cường cường , Vô hạn lưu , Chủ thụ , Linh dị thần quái",Hoàn thành,77569,3168,95,,https://wikicv.net/truyen/tieu-thuyet-vai-chinh-nhom-xam-lan-hien--ZtLFf1S4CAo21Lqt
Bắt lấy điện cạnh quán quân sau ta đi khai cơ giáp,Lâm Phong Tảo,"Nguyên sang , Đam mỹ , Tương lai , HE , Tình cảm , Khoa học viễn tưởng , Cơ giáp , Thăng cấp lưu , Chủ thụ , Sảng văn , Kim bài đề cử 🥇 , Kim Bảng 🏆 , 1v1",Hoàn thành,105827,3167,82,,https://wikicv.net/truyen/bat-lay-dien-canh-quan-quan-sau-ta-di-kh-Y5yA2VS4CBSVnOMv
Thần vực ( game online thực tế ảo ),Thanh Loan Cửu Tiêu,"Nguyên sang , Đam mỹ , Tương lai , HE , Tình cảm , Huyền huyễn , Võng du , Dị thế , Trọng sinh , Chủ thụ , Sảng văn , Trò chơi , Kim bài đề cử 🥇 , 1v1",Hoàn thành,264191,3165,63,,https://wikicv.net/truyen/than-vuc-game-online-thuc-te-ao-Wh_I_u8h7CZ3Ufs1
Cái nồi này ta không bối,Thiên Đường Phóng Trục Giả,"Nguyên sang , Đam mỹ , Hiện đại , HE , Tình cảm , Khoa học viễn tưởng , Mạt thế , Huyền huyễn , Sinh tồn , Xuyên việt , Dị năng , Song khiết 🕊️ , Tùy thân không gian , Xuyên thư , Giới giải trí , Cường cường , Phản phái xuyên việt , Chủ thụ , Cải trang giả dạng , Thiên chi kiêu tử , Cận thủy lâu đài , Duyên trời tác hợp , Kim bài đề cử 🥇 , Ngược tra , 1v1",Hoàn thành,107529,3164,114,,https://wikicv.net/truyen/cai-noi-nay-ta-khong-boi-V9TkVHCVfEcS_65w
Trò Chơi Chạy Trốn NPC,Đào Chi Yêu Yêu Yêu Yêu,"Nguyên sang , Đam mỹ , Hiện đại , HE , Tình cảm , Kinh dị , Trinh thám , Vô hạn lưu , Chủ thụ , Trò chơi , Linh dị thần quái , 1v1",Còn tiếp,149186,3164,74,,https://wikicv.net/truyen/tro-choi-chay-tron-npc-XXqr9Tu260_zcU%7Er
Toàn cầu xâm nhập,Thương Hải Do Lam,"Nguyên sang , Đam mỹ , Hiện đại , HE , Tình cảm , Mạt thế , Làm ruộng , Xây dựng , Sinh tồn , Dị năng , Trọng sinh , Song khiết 🕊️ , Cường cường , Niên thượng , Chủ thụ , Duyên trời tác hợp , 1v1",Hoàn thành,112968,3163,79,,https://wikicv.net/truyen/toan-cau-xam-nhap-YylXWFS4CG88XH1v
Không có kiếp sau,Nguyệt Hạ Tang,"Nguyên sang , Đam mỹ , Tương lai , HE , Tình cảm , Khoa học viễn tưởng , Thú nhân , Song khiết 🕊️ , Sinh con , Tinh tế , Làm giàu , Cơ giáp , Quân văn , Cường cường , Thanh mai trúc mã , Hài hước , Ấm áp , Kim bài đề cử 🥇 , Kim Bảng 🏆",Hoàn thành,183393,3156,109,,https://wikicv.net/truyen/khong-co-kiep-sau-V_dzPXCVfHGgIBpK
Cái này xuyên nhanh có chút ngọt,Thường Niệm Quân,"Nguyên sang , Đam mỹ , Hiện đại , HE , Tình cảm , Ngọt văn , Xuyên nhanh , Chủ công , Nhẹ nhàng , 1v1",Hoàn thành,198670,3149,82,,https://wikicv.net/truyen/cai-nay-xuyen-nhanh-co-chut-ngot-XMz_IFS4CHvI6dMM
[All Viêm] Hậu Cung Của Ta Đều Tính Chuyển!?,Túy Nhan Hồng,"Diễn sinh , Đam mỹ , Cổ đại , HE , Tình cảm , Huyền huyễn , Báo thù , Trọng sinh , Niên hạ , Sinh con , NP , Thăng cấp lưu , Niên thượng , Đấu khí , Chủ thụ , Sảng văn , Kiếp trước kiếp này , Duyên trời tác hợp , Sư đồ , Vả mặt",Còn tiếp,162885,3142,62,,https://wikicv.net/truyen/all-viem-hau-cung-cua-ta-deu-tinh-chuyen-XsbP6zu26z1k2LY5
Lóe hôn,Già Phê Sắc Đích Đoàn Tử,"Nguyên sang , Đam mỹ , Hiện đại , HE , Tình cảm , Ngọt văn , Hào môn thế gia , Chủ thụ , Sảng văn , Đô thị tình duyên , Kim bài đề cử 🥇 , 1v1",Hoàn thành,158565,3142,154,,https://wikicv.net/truyen/loe-hon-X0LZrju26x_qG3Un
Nghịch tập chi đế tôn,Hỗn Độn Nhất Khỏa Đản,"Nguyên sang , Đam mỹ , Cổ đại , HE , Tình cảm , Dị thế , Tu chân , Tùy thân không gian , Thăng cấp lưu , Sảng văn , Liên Thành 3 sao",Hoàn thành,378846,3141,59,,https://wikicv.net/truyen/nghich-tap-chi-de-ton-Xy7P2zzLclQGw_iC
"Ta khóc, ta trang",Diễm Quy Khang,"Nguyên sang , Đam mỹ , Hiện đại , HE , Tình cảm , Ngọt văn , Xuyên thư , Chủ thụ , Sảng văn , Nhẹ nhàng , Kim bài đề cử 🥇 , Vả mặt , 1v1 , Thế thân , Bạch nguyệt quang",Hoàn thành,138536,3137,183,,https://wikicv.net/truyen/ta-khoc-ta-trang-YPS%7E7FS4CBh3v4oc
"Xuyên nhanh: Ta lưng dựa quốc gia, ngang tàng!",Vân Thượng Ca,"Nguyên sang , Đam mỹ , Cổ đại , Hiện đại , HE , Tình cảm , Hệ thống , Xuyên nhanh , Xuyên thư , Hào môn thế gia , Cung đình hầu tước , Sảng văn , Nghịch tập , Vả mặt , Thị giác nam chủ , Thật giả thiếu gia",Hoàn thành,290673,3132,99,,https://wikicv.net/truyen/xuyen-nhanh-ta-lung-dua-quoc-gia-ngang-t-YcJe9lS4CHp1pt84
Vạn nhân mê ốm yếu mỹ nhân bắt được pháo hôi nhân thiết [ xuyên nhanh ],Thượng Cửu Trọng Quan Tinh,"Nguyên sang , Đam mỹ , Hiện đại , HE , Tình cảm , Ngọt văn , Hệ thống , Xuyên nhanh , Chủ thụ , Sảng văn , Nhẹ nhàng , Pháo hôi , Đoàn sủng , Vạn nhân mê",Hoàn thành,288772,3130,294,,https://wikicv.net/truyen/van-nhan-me-om-yeu-my-nhan-bat-duoc-phao-YnjxDvTaEDONjdNv
Ở Trong Game Chạy Trốn Cùng Tình Địch Trói Định Lúc Sau,Cửu Bảo,"Nguyên sang , Đam mỹ , Hiện đại , HE , Tình cảm , Trinh thám , Cường cường , Vô hạn lưu , Chủ thụ , Sảng văn , 1v1 , Tình địch",Hoàn thành,113894,3126,196,,https://wikicv.net/truyen/o-trong-game-chay-tron-cung-tinh-dich-tr-XxBARFS4CBgv19sj
Gả cho tra công đích trưởng huynh [ xuyên thư ],Đường Lê Tiên Đản,"Nguyên sang , Đam mỹ , Cổ đại , HE , Tình cảm , Làm ruộng , Xuyên việt , Ngọt văn , Hệ thống , Song khiết 🕊️ , Xuyên thư , Chủ thụ , Nhẹ nhàng , 1v1",Hoàn thành,262460,3121,116,,https://wikicv.net/truyen/ga-cho-tra-cong-dich-truong-huynh-xuyen--XdstH1S4CCvQS8n8
Đỉnh cấp bình thế / Trọng sinh chi đỉnh xứng,Tiêu Đường Đông Qua,"Nguyên sang , Đam mỹ , Hiện đại , HE , Tình cảm , Trọng sinh , Giới giải trí , Cường cường , Song hướng yêu thầm , Chủ thụ , Nhẹ nhàng , Đô thị tình duyên , Kim bài đề cử 🥇 , Kim Bảng 🏆 , 1v1 , Song trọng sinh",Hoàn thành,107437,3116,77,,https://wikicv.net/truyen/dinh-cap-binh-the-trong-sinh-chi-dinh-xu-YvMJZFS4CHxLjU3N
Thầy tướng [ trọng sinh ],Hà Lam,"Nguyên sang , Đam mỹ , Hiện đại , HE , Tình cảm , Huyền huyễn , Huyền học , Tu chân , Xuyên việt , Dị năng , Ngọt văn , Thần tiên yêu quái , Phong thủy , Cổ xuyên kim , Trộm mộ , Cường cường , Sảng văn , Kim bài đề cử 🥇 , Linh dị thần quái",Hoàn thành,343710,3110,140,,https://wikicv.net/truyen/thay-tuong-trong-sinh-XJptr1S4CE56mX2T
"Xuyên thư: Ở oa tổng bãi lạn sau, ta bạo hồng",Tinh Đàm,"Nguyên sang , Đam mỹ , Hiện đại , HE , Tình cảm , Xuyên thư , Hào môn thế gia , Giới giải trí , Chủ thụ , Sảng văn , Nhẹ nhàng , Phát sóng trực tiếp , Đô thị tình duyên , Kim bài đề cử 🥇 , 1v1 , Thị giác nam chủ , Dưỡng oa",Hoàn thành,229248,3109,124,,https://wikicv.net/truyen/xuyen-thu-o-oa-tong-bai-lan-sau-ta-bao-h-Y5xszFS4CFn4Zuxh
"Nông môn khoa cử chi kiếm tiền, khảo thí, dưỡng gia",Thỏ Nguyệt Quan,"Nguyên sang , Đam mỹ , Cổ đại , HE , Tình cảm , Làm ruộng , Xuyên việt , Ngọt văn , Trọng sinh , Song khiết 🕊️ , Sinh con , Chủ công , Nhẹ nhàng , Nhiều CP , 1v1",Hoàn thành,892003,5330,205,2032,https://wikicv.net/truyen/nong-mon-khoa-cu-chi-kiem-tien-khao-thi--XeteqVS4CHMUkcbo
Lại bị nam thần liêu lên hot search,Khương Đường,"Nguyên sang , Đam mỹ , Hiện đại , HE , Tình cảm , Ngọt văn , Giới giải trí , Chủ thụ , Nhiều CP , Đô thị tình duyên , 1v1 , Đơn hướng yêu thầm",Hoàn thành,891972,2161,169,553,https://wikicv.net/truyen/lai-bi-nam-than-lieu-len-hot-search-X0kerDzLcg0UfRfg
Lốp xe dự phòng hắn nhân thiết băng rồi [ xuyên nhanh ],Miêu Bát Tiên Sinh,"Nguyên sang , Đam mỹ , Hiện đại , HE , Tình cảm , Xuyên việt , Hệ thống , Xuyên nhanh , Chủ thụ , Nhẹ nhàng , 1v1",Hoàn thành,891198,16288,974,5043,https://wikicv.net/truyen/lop-xe-du-phong-han-nhan-thiet-bang-roi--YLPzp1S4CD8yIPu1
Ngoan ngoãn tiểu phu lang,Trà Tra Tra,"Nguyên sang , Đam mỹ , Cổ đại , HE , Tình cảm , Làm ruộng , Ngọt văn , Sinh con , Cưới trước yêu sau , Chủ thụ , 1v1 , Bình dân sinh hoạt",Hoàn thành,888445,9350,217,3365,https://wikicv.net/truyen/ngoan-ngoan-tieu-phu-lang-YZx8u1S4CDVHy0mJ
Ác ma quản gia hôm nay như cũ dốc lòng,Đạo Trường Đan Phi,"Nguyên sang , Đam mỹ , Tương lai , HE , Tình cảm , Khoa học viễn tưởng , Ngọt văn , Hệ thống , Xuyên thư , Cường cường , Chủ thụ , Sảng văn , Kim bài đề cử 🥇 , 1v1",Hoàn thành,871113,24232,218,4891,https://wikicv.net/truyen/ac-ma-quan-gia-hom-nay-nhu-cu-doc-long-ZAHQ21S4CBiM5aqD
Phược long vi hậu,Thư Tử,"Nguyên sang , Đam mỹ , Cổ đại , HE , Tình cảm , Huyền huyễn , Ngược văn , Cung đình hầu tước , Tra công tiện thụ",Hoàn thành,869726,431,117,219,https://wikicv.net/truyen/phuoc-long-vi-hau-Yb3r6DzLcnbkXS9n
Vai ác biến thành bạch nguyệt quang [ xuyên nhanh ],Miêu Bát Tiên Sinh,"Nguyên sang , Đam mỹ , Cổ đại , Cận đại , Hiện đại , HE , Tình cảm , Kinh dị , Huyền huyễn , Xuyên việt , Ngọt văn , Hệ thống , Thần tiên yêu quái , Song khiết 🕊️ , Xuyên nhanh , Hào môn thế gia , Giới giải trí , Vườn trường , Cường cường , Chủ thụ , Xuyên thành vai ác , Linh dị thần quái , 1v1",Hoàn thành,861178,13176,568,4014,https://wikicv.net/truyen/vai-ac-bien-thanh-bach-nguyet-quang-xuye-W%7Eth8lS4CHLJE_pZ
Sau khi huyền học lão tổ xuyên thành giả dựng pháo hôi,Chủng Thụ Đích Miêu,"Nguyên sang , Đam mỹ , Hiện đại , HE , Tình cảm , Huyền huyễn , Huyền học , Xuyên việt , Ngọt văn , Xuyên thư , Giới giải trí , Cường cường , Cưới trước yêu sau , Chủ thụ , Kim bài đề cử 🥇 , Linh dị thần quái , Vả mặt , 1v1",Hoàn thành,856273,9777,230,2860,https://wikicv.net/truyen/sau-khi-huyen-hoc-lao-to-xuyen-thanh-gia-Xuk6sDu26wfZylcO
Lão tổ lại ở luân hồi ( mau xuyên ),Thanh Điểu Độ Tinh Hà,"Nguyên sang , Đam mỹ , Cổ đại , Cận đại , Hiện đại , HE , Tình cảm , Khoa học viễn tưởng , Ngọt văn , Hệ thống , Song khiết 🕊️ , Xuyên nhanh , Cường cường , Lịch sử , Chủ thụ , Sảng văn , Vả mặt , 1v1",Hoàn thành,854617,16010,708,5138,https://wikicv.net/truyen/lao-to-lai-o-luan-hoi-mau-xuyen-Ww9Asu8h7BJTjkIa
Huyền môn đại lão về hưu sau,Hoài Nhược Cốc,"Nguyên sang , Đam mỹ , Cận đại , Hiện đại , HE , Tình cảm , Tiên hiệp , Huyền học , Trọng sinh , Song khiết 🕊️ , Phong thủy , Cường cường , Thăng cấp lưu , Chủ thụ , Sảng văn , Thiên chi kiêu tử , Liên Thành 3 sao , Nghịch tập , Vả mặt , 1v1",Hoàn thành,854143,10513,185,2340,https://wikicv.net/truyen/huyen-mon-dai-lao-ve-huu-sau-X_sEOFS4CBFLdfQq
Ta thật là tra thụ [ xuyên nhanh ],Nhĩ Đích Vinh Quang,"Nguyên sang , Đam mỹ , Cận đại , Hiện đại , HE , Tình cảm , Khoa học viễn tưởng , Huyền huyễn , Xuyên việt , Ngọt văn , Hệ thống , Xuyên nhanh , Tinh tế , Lính gác dẫn đường , Giới giải trí , Chủ thụ , Kim bài đề cử 🥇 , Kim Bảng 🏆 , Vả mặt , 1v1",Hoàn thành,852584,8764,391,3341,https://wikicv.net/truyen/ta-that-la-tra-thu-xuyen-nhanh-XEFFQ1S4CDOF%7EeLl
Trọng sinh chi phế tài đột kích ( Chủ thụ ),Diệp Ức Lạc,"Nguyên sang , Đam mỹ , Cổ đại , HE , Tình cảm , Huyền huyễn , Dị thế , Xuyên việt , Ma pháp , Hào môn thế gia , Cường cường , Thăng cấp lưu , Chủ thụ , Nhiều CP , Tây huyễn , Liên Thành 3 sao , Nghịch tập , Vả mặt , 1v1",Hoàn thành,835072,2813,55,982,https://wikicv.net/truyen/trong-sinh-chi-phe-tai-dot-kich-chu-thu-WOEp9O8h7FE5gm4U
Phu lang gia người ở rể thủ phụ,Lộ Quy Đồ,"Nguyên sang , Đam mỹ , Cổ đại , HE , Tình cảm , Làm ruộng , Xuyên việt , Niên hạ , Sinh con , Chủ thụ , Nhẹ nhàng , 1v1",Hoàn thành,830333,19146,176,3641,https://wikicv.net/truyen/phu-lang-gia-nguoi-o-re-thu-phu-YZCMvFS4CA14DqhW
Trọng sinh sau cùng nam chủ thúc thúc liên hôn,Đào Lý Sanh Ca,"Nguyên sang , Đam mỹ , Hiện đại , HE , Tình cảm , Ngọt văn , Trọng sinh , Xuyên thư , Sinh con , Hào môn thế gia , Chủ thụ , Kim bài đề cử 🥇 , Kim Bảng 🏆 , 1v1",Hoàn thành,828413,10919,730,2671,https://wikicv.net/truyen/trong-sinh-sau-cung-nam-chu-thuc-thuc-li-YOswfVS4CBUZC9ZB
Pháo hôi tự cứu hệ thống,Huyết Nhi,"Nguyên sang , Đam mỹ , Cổ đại , Hiện đại , Tương lai , HE , Tình cảm , Tiên hiệp , Mạt thế , Huyền huyễn , Huyền học , Báo thù , Tu chân , Ma pháp , Dị năng , Hệ thống , Phá án , Sinh con , Tinh tế , Chủ công , Hào môn thế gia , ABO , Giới giải trí , Vườn trường , Cường cường , Tây huyễn , Phát sóng trực tiếp , Mỹ nhân ngư , Liên Thành 4 sao , 1v1 , Main là động vật , Trùng tộc , Xuyên chậm",Hoàn thành,823344,14968,201,3786,https://wikicv.net/truyen/phao-hoi-tu-cuu-he-thong-YsloqGHe7EBQwwSL
Làm nũng nhãi con tốt số nhất / Phật hệ ấu tể đoàn sủng chỉ nam / Cá mặn ấu tể ở oa tổng bạo hồng,Tỏa Phân,"Nguyên sang , Đam mỹ , Hiện đại , HE , Tình cảm , Trọng sinh , Giới giải trí , Thanh mai trúc mã , Chủ thụ , Kim bài đề cử 🥇 , Kim Bảng 🏆 , 1v1 , Manh bảo , Dưỡng oa , Đoàn sủng",Hoàn thành,821370,8729,147,1781,https://wikicv.net/truyen/lam-nung-nhai-con-tot-so-nhat-phat-he-au-Y0rPuFS4CDqgYkYi
Nguyên soái thỉnh bình tĩnh [ Tinh tế ],Mạc Thổ,"Nguyên sang , Đam mỹ , Tương lai , HE , Tình cảm , Xuyên việt , Ngọt văn , Tinh tế , Cơ giáp , Hào môn thế gia , Cẩu huyết , Lính gác dẫn đường , Chủ thụ , Sảng văn , Nhẹ nhàng , Hài hước , Ấm áp , Tiểu bạch văn , Kim bài đề cử 🥇 , Kim Bảng 🏆 , 1v1",Hoàn thành,820630,4923,80,1746,https://wikicv.net/truyen/nguyen-soai-thinh-binh-tinh-tinh-te-WTTSAO8h7DNSGtQg
Cá mặn thiếu gia xuyên thành vai ác bạch nguyệt quang,Đường Tam Giáp,"Nguyên sang , Đam mỹ , Hiện đại , HE , Tình cảm , Ngọt văn , Trọng sinh , Xuyên thư , Hào môn thế gia , Chủ thụ , Sảng văn , Nhẹ nhàng , Thiên chi kiêu tử , Kim bài đề cử 🥇 , Kim Bảng 🏆 , 1v1 , Chức nghiệp tinh anh",Hoàn thành,819923,8477,296,3440,https://wikicv.net/truyen/ca-man-thieu-gia-xuyen-thanh-vai-ac-bach-YsZJ6FS4CHtJ%7EZDA
Nghịch thiên sát thần / nghịch thiên quân tẩu,Nhan Nhược Ưu Nhã,"Nguyên sang , Đam mỹ , Hiện đại , HE , Tình cảm , Tu chân , Xuyên việt , Ngọt văn , Trọng sinh , Sinh con , Song tính , Vườn trường , Cường cường , Chủ thụ , Sảng văn , Kiếp trước kiếp này , Nhiều CP , Liên Thành 4 sao , 1v1",Hoàn thành,819443,857,58,226,https://wikicv.net/truyen/nghich-thien-sat-than-nghich-thien-quan--WBSbOHCVfG7TU%7ErO
Trọng sinh chi tái giá mạt lộ thượng tướng,Lục An Nhất Trản,"Nguyên sang , Đam mỹ , Tương lai , HE , Tình cảm , Ngọt văn , Trọng sinh , Thú nhân , Sinh con , Tinh tế , ABO , Giới giải trí , Cưới trước yêu sau , Chủ thụ , Kim bài đề cử 🥇 , Vả mặt , 1v1",Hoàn thành,812468,2123,176,988,https://wikicv.net/truyen/trong-sinh-chi-tai-gia-mat-lo-thuong-tuo-XNSr8lS4CAb2rAGm
Sủng phu ( xuyên nhanh ),Quyết Tuyệt,"Nguyên sang , Đam mỹ , Hiện đại , HE , Tình cảm , Ngọt văn , Song khiết 🕊️ , Xuyên nhanh , Chủ công , Sảng văn , Kim bài đề cử 🥇 , Vả mặt , 1v1",Hoàn thành,811834,12412,662,4705,https://wikicv.net/truyen/sung-phu-xuyen-nhanh-XjwhLFS4CAktB4fj
Pháo hôi giả thiếu gia trọng sinh sau sợ ngây người,Trĩ Đường,"Nguyên sang , Đam mỹ , Hiện đại , HE , Tình cảm , Ngọt văn , Trọng sinh , Hào môn thế gia , Giới giải trí , Chủ thụ , Kim bài đề cử 🥇 , 1v1 , Thật giả thiếu gia",Hoàn thành,811605,5013,313,1724,https://wikicv.net/truyen/phao-hoi-gia-thieu-gia-trong-sinh-sau-so-YL77WVS4CFmjvc25
Thiên! Nhà ai hồ già đi lên liền thân điên phê vai ác,Sơn Hữu Mang Đình,"Nguyên sang , Đam mỹ , Hiện đại , HE , Tình cảm , Kinh thương , Ngọt văn , Song khiết 🕊️ , Xuyên thư , Hào môn thế gia , Giới giải trí , Cường cường , Chủ thụ , Sảng văn , Nhẹ nhàng , Nhiều CP , Đô thị tình duyên , Ấm áp , Pháo hôi , Duyên trời tác hợp , 1v1",Hoàn thành,811153,22551,483,4830,https://wikicv.net/truyen/thien-nha-ai-ho-gia-di-len-lien-than-die-Zmmr_VS4CGThXgiS
Pháo hôi vi vương [ xuyên nhanh ],Giáp Tử Hợi,"Nguyên sang , Đam mỹ , Cổ đại , Cận đại , Hiện đại , HE , Tình cảm , Khoa học viễn tưởng , Huyền huyễn , Xuyên nhanh , Chủ công , Sảng văn , Thiên chi kiêu tử , Kim bài đề cử 🥇 , Linh dị thần quái , Nghịch tập , Vả mặt , 1v1",Hoàn thành,806788,9504,543,2397,https://wikicv.net/truyen/phao-hoi-vi-vuong-xuyen-nhanh-WykZru8h7BsbO0lO
Này đáng chết cầu sinh dục [ xuyên thư ],Vọng Tam Sơn,"Nguyên sang , Đam mỹ , Hiện đại , HE , Tình cảm , Huyền học , Xuyên thư , Chủ thụ , Sảng văn , Nhẹ nhàng , Hài hước , Pháo hôi , Kim bài đề cử 🥇 , Kim Bảng 🏆 , Linh dị thần quái , Tương ái tương sát , 1v1",Hoàn thành,806726,16418,863,5618,https://wikicv.net/truyen/nay-dang-chet-cau-sinh-duc-xuyen-thu-YMgi7FS4CBYckOWy
Điện hạ khuynh thành,Phong Hà Cử Nga,"Nguyên sang , Đam mỹ , Cổ đại , HE , Tình cảm , Ngược văn , Cung đình hầu tước , 1v1",Hoàn thành,806573,306,19,154,https://wikicv.net/truyen/dien-ha-khuynh-thanh-X0HkIUbIjg7UjfYq
Đem vai ác dưỡng oai làm sao đây / Đem đệ đệ dưỡng thành gay làm sao đây,Yên Diệp,"Nguyên sang , Đam mỹ , Cổ đại , HE , Tình cảm , Tiên hiệp , Báo thù , Tu chân , Xuyên việt , Trọng sinh , Tùy thân không gian , Niên hạ , Xuyên thư , Cẩu huyết , Chủ thụ , Cận thủy lâu đài , Tiểu bạch văn , Lôi , Ngân bài đề cử 🥈 , 1v1",Hoàn thành,805143,6839,156,2424,https://wikicv.net/truyen/dem-vai-ac-duong-oai-lam-sao-day-dem-de--WDtlcHCVfFNoQkY8
Bệnh mỹ nhân thế thân không làm,Vân Sơ Đường,"Nguyên sang , Đam mỹ , Cổ đại , HE , Tình cảm , Ngọt văn , Trọng sinh , Song khiết 🕊️ , Cường cường , Cưới trước yêu sau , Chủ thụ , Cung đình hầu tước , Sảng văn , Nhẹ nhàng , Duyên trời tác hợp , Kim bài đề cử 🥇 , Kim Bảng 🏆 , 1v1",Hoàn thành,803532,9816,349,3057,https://wikicv.net/truyen/benh-my-nhan-the-than-khong-lam-YOCaDFS4CF7psHlG
Chuyên nghiệp cắt tơ hồng [ xuyên nhanh ],Hồ Dương,"Nguyên sang , Đam mỹ , Hiện đại , HE , Tình cảm , Ngọt văn , Song khiết 🕊️ , Xuyên nhanh , Chủ công , Nhẹ nhàng , Kim bài đề cử 🥇 , Kim Bảng 🏆 , 1v1",Hoàn thành,800453,16257,846,6726,https://wikicv.net/truyen/chuyen-nghiep-cat-to-hong-xuyen-nhanh-YJYvN1S4CDC9sriH
Anh dũng chịu chết hệ thống,Tuyết Nguyên U Linh,"Nguyên sang , Đam mỹ , Hiện đại , HE , Tình cảm , Huyền huyễn , Hệ thống , Xuyên nhanh , Cường cường , 1v1",Hoàn thành,799067,7253,239,2952,https://wikicv.net/truyen/anh-dung-chiu-chet-he-thong-WDREmXCVfA83B4uQ
Phản xuyên thư chi thần cấp yển sư,Tòng Thử Khuẩn Bất Tảo Triều,"Nguyên sang , Đam mỹ , Cổ đại , HE , Tình cảm , Tiên hiệp , Huyền huyễn , Tu chân , Trọng sinh , Song khiết 🕊️ , Chủ công , Cường cường , Phản phái xuyên việt , Liên Thành 4 sao , Nghịch tập , 1v1",Hoàn thành,795869,25338,474,6066,https://wikicv.net/truyen/phan-xuyen-thu-chi-than-cap-yen-su-Y9iIS1S4CFboXYZn
Dựa mặt ăn cơm [ xuyên nhanh ],Anh A Mộc,"Nguyên sang , Đam mỹ , Cổ đại , Cận đại , Hiện đại , Tương lai , HE , Tình cảm , Tiên hiệp , Khoa học viễn tưởng , Huyền huyễn , Tu chân , Xuyên việt , Trọng sinh , Hệ thống , Xuyên nhanh , Xuyên thư , Tinh tế , Hào môn thế gia , ABO , Giới giải trí , Vườn trường , Dân quốc , Chủ thụ , Sảng văn , Nhẹ nhàng , Phát sóng trực tiếp , Trò chơi , Cải trang giả dạng , Duyên trời tác hợp , Tiểu bạch văn , 1v1 , Võng hồng , Jack Sue",Hoàn thành,794598,10334,822,3735,https://wikicv.net/truyen/dua-mat-an-com-xuyen-nhanh-WyMlfO8h7AmvDOxX
Tiền sử dưỡng phu ký,Quyết Tuyệt,"Nguyên sang , Đam mỹ , Cổ đại , HE , Tình cảm , Làm ruộng , Huyền huyễn , Dị thế , Xuyên việt , Ngọt văn , Thú nhân , Song khiết 🕊️ , Cường cường , Thăng cấp lưu , Chủ thụ , Sảng văn , Nhẹ nhàng , Duyên trời tác hợp , Phản phái trọng sinh , Kim bài đề cử 🥇 , Kim Bảng 🏆 , 1v1",Hoàn thành,788393,8247,395,2722,https://wikicv.net/truyen/tien-su-duong-phu-ky-XLdbk1S4CFYgzL9t
Xuyên qua làm ruộng chi ác phu lang,Hòa An,"Nguyên sang , Đam mỹ , Cổ đại , HE , Tình cảm , Làm ruộng , Xuyên việt , Sinh con , Làm giàu , Chủ thụ , Cung đình hầu tước , Nam nam thế giới , Ngược tra , Liên Thành 3 sao , 1v1",Hoàn thành,783900,2160,76,215,https://wikicv.net/truyen/xuyen-qua-lam-ruong-chi-ac-phu-lang-W2M0ilS4CFn_vHbp
Ta dựa mỹ nhan ổn định thiên hạ,Vọng Tam Sơn,"Nguyên sang , Đam mỹ , Cổ đại , HE , Tình cảm , Ngọt văn , Song khiết 🕊️ , Xuyên thư , Cường cường , Chủ thụ , Cung đình hầu tước , Sảng văn , Nhẹ nhàng , Kim bài đề cử 🥇 , Kim Bảng 🏆 , 1v1 , Đế vương",Hoàn thành,770013,9879,688,4489,https://wikicv.net/truyen/ta-dua-my-nhan-on-dinh-thien-ha-XxXFaFS4CFvMwbC6
Pháo hôi gian lận hệ thống ( mau xuyên ),Quất Tử Chu,"Nguyên sang , Đam mỹ , Cổ đại , Cận đại , Hiện đại , HE , Tình cảm , Ngọt văn , Hệ thống , Song khiết 🕊️ , Xuyên nhanh , Cường cường , Chủ thụ , Sảng văn , Ấm áp , Pháo hôi , Nghịch tập , Vả mặt , 1v1",Hoàn thành,768615,6715,174,1787,https://wikicv.net/truyen/phao-hoi-gian-lan-he-thong-mau-xuyen-WiwZqu8h7G8p%7EIYl
Phế sài trọng sinh chi đệ nhất yêu tiên,Kiệt Ca,"Nguyên sang , Đam mỹ , Cổ đại , HE , Tình cảm , Tiên hiệp , Tu chân , Trọng sinh , Thăng cấp lưu , Chủ thụ , Sảng văn , Nhiều CP , Ngược tra , Sư đồ , Vả mặt , 1v1",Hoàn thành,764546,1073,101,178,https://wikicv.net/truyen/phe-sai-trong-sinh-chi-de-nhat-yeu-tien-WxJbOmHe7Gdz_oEI
Nhà giàu số một pháo hôi mang thai nam thê ( giới giải trí ),Khúc Lưu Dật,"Nguyên sang , Đam mỹ , Hiện đại , HE , Tình cảm , Xuyên việt , Ngọt văn , Song khiết 🕊️ , Xuyên thư , Sinh con , Hào môn thế gia , Giới giải trí , Cưới trước yêu sau , Chủ thụ , Nhẹ nhàng , Nhiều CP , Hài hước , Ấm áp , Pháo hôi , Kim Bảng 🏆 , 1v1",Hoàn thành,761679,4878,361,1606,https://wikicv.net/truyen/nha-giau-so-mot-phao-hoi-mang-thai-nam-t-XRcDZ1S4CGIj2mOw
Pháo hôi gia tộc nghịch tập sử,Diệp Ức Lạc,"Nguyên sang , Đam mỹ , Cổ đại , HE , Tình cảm , Tiên hiệp , Huyền huyễn , Tu chân , Xuyên thư , Chủ công , Liên Thành 3 sao , Nghịch tập",Hoàn thành,761287,10663,372,3492,https://wikicv.net/truyen/phao-hoi-gia-toc-nghich-tap-su-Z9MHzjzLcmQ9cXgp
Trọng sinh chi cường thế trở về,Thang Viên Nhi,"Nguyên sang , Đam mỹ , Tương lai , HE , Tình cảm , Khoa học viễn tưởng , Võng du , Ma pháp , Ngọt văn , Trọng sinh , Hệ thống , Tùy thân không gian , Tinh tế , Cơ giáp , Quân văn , Cường cường , Thăng cấp lưu , Chủ thụ , Sảng văn , Nhiều CP , Liên Thành 3 sao",Hoàn thành,757295,895,83,233,https://wikicv.net/truyen/trong-sinh-chi-cuong-the-tro-ve-WMfbne8h7FQsIU6J
App diễn viên phim thần quái [ vô hạn ],Hí Tử Tế Tửu,"Nguyên sang , Đam mỹ , Cận đại , Hiện đại , HE , Tình cảm , Kinh dị , Trinh thám , Huyền huyễn , Ngọt văn , Song khiết 🕊️ , Phá án , Cường cường , Vô hạn lưu , Thăng cấp lưu , Chủ thụ , Sảng văn , Nhẹ nhàng , Kim bài đề cử 🥇 , 1v1",Hoàn thành,754320,19719,1400,7633,https://wikicv.net/truyen/app-dien-vien-phim-than-quai-vo-han-XlxnP1S4CCGHTmCm
Luận dùng ăn cẩu lương chính xác tư thế [ Xuyên nhanh ],Tạ Diệc,"Nguyên sang , Đam mỹ , Cổ đại , Hiện đại , Tương lai , HE , Tình cảm , Võ hiệp , Tiên hiệp , Huyền huyễn , Tu chân , Xuyên việt , Ma pháp , Thú nhân , Hệ thống , Song khiết 🕊️ , Xuyên nhanh , Cơ giáp , Giới giải trí , Vườn trường , Chủ thụ , Sảng văn , Kim bài đề cử 🥇 , Kim Bảng 🏆 , Linh dị thần quái , Vả mặt",Hoàn thành,751698,8628,450,3587,https://wikicv.net/truyen/luan-dung-an-cau-luong-chinh-xac-tu-the--Waquke8h7C0twhbf
Tinh tế chi quốc dân nam thần,Cứu Vĩ Yêu Hồ,"Nguyên sang , Đam mỹ , Tương lai , HE , Tình cảm , Tiên hiệp , Tu chân , Hệ thống , Mỹ thực , Tinh tế , Giới giải trí , Chủ thụ , Sảng văn , Ngược tra , 1v1",Hoàn thành,735199,943,78,398,https://wikicv.net/truyen/tinh-te-chi-quoc-dan-nam-than-WwOmwDu261xzEfO0
Hai giới đầu cơ thương,Diệp Ức Lạc,"Nguyên sang , Đam mỹ , Cổ đại , Hiện đại , HE , Tình cảm , Dị thế , Xuyên việt , Ngọt văn , Thú nhân , Song khiết 🕊️ , Làm giàu , Chủ công , 1v1",Hoàn thành,734835,6268,115,1691,https://wikicv.net/truyen/hai-gioi-dau-co-thuong-XJji41S4CA5Mlz4H
Ta là pháo hôi ác độc trong truyện xuyên thư,Nhập Loạn,"Nguyên sang , Đam mỹ , Cổ đại , HE , Tình cảm , Báo thù , Ngọt văn , Trọng sinh , Sinh con , Cung đấu , Phản phái xuyên việt , Cung đình hầu tước , Kim bài đề cử 🥇 , 1v1",Hoàn thành,734543,8322,400,2850,https://wikicv.net/truyen/ta-la-phao-hoi-ac-doc-trong-truyen-xuyen-X0kmOlS4CCk3CZ01
Độc sủng xấu phu,Quyết Tuyệt,"Nguyên sang , Đam mỹ , Cổ đại , HE , Tình cảm , Làm ruộng , Xuyên việt , Ngọt văn , Song khiết 🕊️ , Sinh con , Làm giàu , Chủ công , Cường cường , Sảng văn , Kim bài đề cử 🥇 , Kim Bảng 🏆 , Ngược tra",Hoàn thành,730072,2613,138,1301,https://wikicv.net/truyen/doc-sung-xau-phu-WQm72%7E8h7Bpt4Fa4
Em trai của pháo hôi ác độc [ tinh tế ],Y Lạc Thành Hỏa,"Nguyên sang , Đam mỹ , Tương lai , HE , Tình cảm , Xuyên việt , Ngọt văn , Thú nhân , Song khiết 🕊️ , Xuyên thư , Cưới trước yêu sau , Chủ thụ , Sảng văn , Nhiều CP , Ấm áp , Pháo hôi , Phản phái trọng sinh , Kim bài đề cử 🥇 , Nghịch tập , 1v1",Hoàn thành,729272,5037,157,1772,https://wikicv.net/truyen/em-trai-cua-phao-hoi-ac-doc-tinh-te-WhDD3O8h7CVPfwSi
Tiểu thê bảo [ trọng sinh ],Sách Tự Bất Văn,"Nguyên sang , Đam mỹ , Cổ đại , HE , Tình cảm , Ngọt văn , Trọng sinh , Hệ thống , Sinh con , Song tính , Cung đấu , Chủ thụ , Cung đình hầu tước , Sảng văn , Kim bài đề cử 🥇 , Kim Bảng 🏆 , 1v1",Hoàn thành,723743,4665,223,1710,https://wikicv.net/truyen/tieu-the-bao-trong-sinh-XNNIuTzLciZXrEEE
【 Xuyên nhanh 】 Bệnh kiều vai ác không làm,Tố Hồi Tòng Chi,"Nguyên sang , Đam mỹ , Hiện đại , HE , Tình cảm , Xuyên việt , Xuyên nhanh , 1v1",Chưa xác minh,723134,12253,439,4089,https://wikicv.net/truyen/xuyen-nhanh-benh-kieu-vai-ac-khong-lam-X7XMe1S4CFP_ra2G
Mau xuyên nam xứng chi ta biến thành vạn nhân mê,Ngư Cửu Giang,"Nguyên sang , Đam mỹ , Cổ đại , HE , Tình cảm , Xuyên nhanh , Ngược văn , Chủ thụ , Vạn nhân mê",Hoàn thành,720259,12826,311,1678,https://wikicv.net/truyen/mau-xuyen-nam-xung-chi-ta-bien-thanh-van-X%7EPZ71S4CFtoEKDF
"[ABO] Ly hôn nhất thời sảng, truy thê hỏa táng tràng",Giang Hoa Tự Hỏa,"Nguyên sang , Đam mỹ , Hiện đại , HE , Tình cảm , Sinh con , Hào môn thế gia , Cẩu huyết , Ngược văn , ABO , Gương vỡ lại lành , Tra công tiện thụ , 1v1 , A x O",Hoàn thành,718262,879,93,112,https://wikicv.net/truyen/abo-ly-hon-nhat-thoi-sang-truy-the-hoa-t-X2QriGHe7HbN962G
Tinh tế chi cũ ái khó truy,Diệp Ức Lạc,"Nguyên sang , Đam mỹ , Tương lai , HE , Tình cảm , Sinh con , Tinh tế , Cơ giáp , Hào môn thế gia , Gương vỡ lại lành , Chủ thụ , Sảng văn , Liên Thành 3 sao",Hoàn thành,715657,1480,83,414,https://wikicv.net/truyen/tinh-te-chi-cu-ai-kho-truy-WEoMR3CVfGxJGBHl
Xuyên nhanh chi phương thức vả mặt chính xác,Nam Hải Bần Ni,"Nguyên sang , Đam mỹ , Cổ đại , Cận đại , Hiện đại , Tương lai , HE , Tình cảm , Tiên hiệp , Báo thù , Tu chân , Xuyên nhanh , Sinh con , Tinh tế , Giới giải trí , Phản phái xuyên việt , Chủ thụ , Cung đình hầu tước , Sảng văn , Giang hồ ân oán , Nam nam thế giới , Kim bài đề cử 🥇 , Ngược tra",Hoàn thành,712490,2430,117,758,https://wikicv.net/truyen/xuyen-nhanh-chi-phuong-thuc-va-mat-chinh-WNoS%7EO8h7EXQsYbX
Xuyên thành thô bạo đại lão tiểu nhân ngư,Huyền Tam Thiên,"Nguyên sang , Đam mỹ , Tương lai , HE , Tình cảm , Làm ruộng , Ngọt văn , Tùy thân không gian , Xuyên thư , Tinh tế , Cường cường , Chủ thụ , Sảng văn , Nhẹ nhàng , Ấm áp , Mỹ nhân ngư , Kim bài đề cử 🥇 , 1v1 , Chữa lành",Hoàn thành,710445,12094,638,5276,https://wikicv.net/truyen/xuyen-thanh-tho-bao-dai-lao-tieu-nhan-ng-YGJH1VS4CGl7sUJV
Ta xuyên thành tinh linh quốc ấu tể [ tây huyễn ],Thanh Tôn,"Nguyên sang , Đam mỹ , Cổ đại , HE , Tình cảm , Dị thế , Xuyên việt , Ma pháp , Song khiết 🕊️ , Thăng cấp lưu , Chủ thụ , Tây huyễn , Kim bài đề cử 🥇 , Kim Bảng 🏆",Hoàn thành,706206,20251,338,3772,https://wikicv.net/truyen/ta-xuyen-thanh-tinh-linh-quoc-au-te-tay--ZK2kPlS4CBhEcnTB
Xuyên thành Long tộc duy nhất ấu tể,Nam Thư,"Nguyên sang , Đam mỹ , Cổ đại , HE , Tình cảm , Tiên hiệp , Tu chân , Xuyên việt , Ngọt văn , Song khiết 🕊️ , Cường cường , Niên thượng , Chủ thụ , Nhiều CP , Ấm áp , Duyên trời tác hợp , Trâu già gặm cỏ non , Kim bài đề cử 🥇 , Kim Bảng 🏆 , 1v1 , Cẩm lý thể chất , Đoàn sủng",Hoàn thành,702656,9994,406,4227,https://wikicv.net/truyen/xuyen-thanh-long-toc-duy-nhat-au-te-YiVYH1S4CAkATvh4
Chồng trước lại lại lại tưởng phục hôn,Đường Cao Ngận Điềm,"Nguyên sang , Đam mỹ , Hiện đại , HE , Tình cảm , Song khiết 🕊️ , Hào môn thế gia , Ngược văn , ABO , Đô thị tình duyên , 1v1",Hoàn thành,697777,359,40,100,https://wikicv.net/truyen/chong-truoc-lai-lai-lai-tuong-phuc-hon-XzTu2VS4CGx340hP
Bạo quân sủng hậu [ Trọng sinh ],Tú Sinh,"Nguyên sang , Đam mỹ , Cổ đại , HE , Tình cảm , Ngọt văn , Trọng sinh , Sinh con , Cưới trước yêu sau , Chủ thụ , Cung đình hầu tước , Kim bài đề cử 🥇 , Kim Bảng 🏆 , 1v1",Hoàn thành,695013,6078,305,2458,https://wikicv.net/truyen/bao-quan-sung-hau-trong-sinh-XYvFU0bIjibxYO7%7E
Dị thế trọng sinh chi tà thiếu nghịch tập,Tự Mộng Tự Huyễn Đích Thời Quang,"Nguyên sang , Đam mỹ , Cổ đại , Hiện đại , Tương lai , HE , Tình cảm , Tiên hiệp , Huyền huyễn , Tu chân , Trọng sinh , Song khiết 🕊️ , Chủ công , Cường cường , Thăng cấp lưu , Liên Thành 4 sao , 1v1 , Phúc hắc , Cố chấp",Hoàn thành,692730,7160,182,1767,https://wikicv.net/truyen/di-the-trong-sinh-chi-ta-thieu-nghich-ta-ZCL3IDu263vq7Caj
"Kết hôn sau, tra quá ta người đều trọng sinh",Vũ Lạc Khinh Trần,"Nguyên sang , Đam mỹ , Tương lai , HE , Tình cảm , Song khiết 🕊️ , Sinh con , Tinh tế , Cẩu huyết , ABO , Cường cường , Phản phái xuyên việt , Cưới trước yêu sau , Chủ thụ , Sảng văn , Nhẹ nhàng , Kiếp trước kiếp này , Cận thủy lâu đài , Duyên trời tác hợp , Phản phái trọng sinh , Kim bài đề cử 🥇 , Nghịch tập , Vả mặt , 1v1",Hoàn thành,690737,5007,396,1625,https://wikicv.net/truyen/ket-hon-sau-tra-qua-ta-nguoi-deu-trong-s-XYbqWVS4CGyZBmvl
Xuyên qua chủng điền chi tiền phu hung mãnh,Mộng Huyễn Chi Ca,"Nguyên sang , Đam mỹ , Cổ đại , HE , Tình cảm , Làm ruộng , Dị thế , Xuyên việt , Dị năng , Trọng sinh , Song khiết 🕊️ , Sinh con , Cẩu huyết , Trạch đấu , Cường cường , Niên thượng , Cưới trước yêu sau , Chủ thụ , Ngược tra , Liên Thành 3 sao",Hoàn thành,687440,880,29,279,https://wikicv.net/truyen/xuyen-qua-chung-dien-chi-tien-phu-hung-m-WDRhZXCVfBdYvTxI
Vai ác hắn quá mức đáng yêu [ xuyên nhanh ],Lan Lăng Tiếu Tiếu Mộng,"Nguyên sang , Đam mỹ , Cận đại , Hiện đại , HE , Tình cảm , Huyền huyễn , Xuyên việt , Ngọt văn , Song khiết 🕊️ , Xuyên nhanh , Hào môn thế gia , Giới giải trí , Cường cường , Chủ thụ , 1v1",Hoàn thành,687052,8523,574,2575,https://wikicv.net/truyen/vai-ac-han-qua-muc-dang-yeu-xuyen-nhanh-XQ7LXFS4CDq2idrM
O giả B làm nam bí thư cho thượng tướng thô bạo,Công Tử Nhu,"Nguyên sang , Đam mỹ , Tương lai , HE , Tình cảm , Ngọt văn , Sinh con , ABO , Cường cường , Chủ thụ , Kim bài đề cử 🥇 , 1v1",Hoàn thành,686997,7346,609,3118,https://wikicv.net/truyen/o-gia-b-lam-nam-bi-thu-cho-thuong-tuong--XxxnC1S4CBDelfzC
Địa cầu online,Mạc Thần Hoan,"Nguyên sang , Đam mỹ , Hiện đại , HE , Tình cảm , Khoa học viễn tưởng , Mạt thế , Dị năng , Cường cường , Vô hạn lưu , Thăng cấp lưu , Sảng văn , Hài hước , Trò chơi , Kim bài đề cử 🥇 , Kim Bảng 🏆",Hoàn thành,683868,11254,920,3919,https://wikicv.net/truyen/dia-cau-online-Whpz4e8h7CC_CnKD
Quân sủng khó làm,Đào Từ Bằng Khắc Thiếu Niên,"Nguyên sang , Đam mỹ , Cổ đại , HE , Tình cảm , Ngọt văn , Song khiết 🕊️ , Ngược văn , Sảng văn , 1v1",Hoàn thành,671767,358,37,137,https://wikicv.net/truyen/quan-sung-kho-lam-YT8sfmHe7BqDinnZ
Thâm tình nam xứng hôm nay băng rồi sao?,Tức Mặc Dao,"Nguyên sang , Đam mỹ , Cổ đại , Cận đại , Hiện đại , HE , Tình cảm , Huyền huyễn , Hệ thống , Song khiết 🕊️ , Xuyên nhanh , Xuyên thư , Cẩu huyết , Chủ thụ , Sảng văn , Nhẹ nhàng , Kim bài đề cử 🥇 , 1v1",Hoàn thành,668690,6248,613,2795,https://wikicv.net/truyen/tham-tinh-nam-xung-hom-nay-bang-roi-sao-XlxMjVS4CCGHTmAn
Quân thiếu siêu thần ái nhân,Lương Lạc Sanh,"Nguyên sang , Đam mỹ , Hiện đại , Tương lai , HE , Tình cảm , Dị năng , Trọng sinh , Sinh con , Tinh tế , Hào môn thế gia , Cường cường , Thăng cấp lưu , Nhiều CP , Liên Thành 3 sao , 1v1",Hoàn thành,666926,729,43,158,https://wikicv.net/truyen/quan-thieu-sieu-than-ai-nhan-WlsdJzu26x_ARxiT
Thế gả cho từ hôn lưu nam chủ,Tô Hoài Hoang,"Nguyên sang , Đam mỹ , Cổ đại , HE , Tình cảm , Tiên hiệp , Huyền huyễn , Tu chân , Xuyên việt , Ngọt văn , Hệ thống , Cường cường , Chủ thụ , Nhẹ nhàng , Kim bài đề cử 🥇",Hoàn thành,665316,10569,231,3169,https://wikicv.net/truyen/the-ga-cho-tu-hon-luu-nam-chu-YGIrC1S4CGl7sUHk
Hôn sau mỗi ngày đều thật hương [ xuyên thư ],Đông Phong Kỉ Hứa,"Nguyên sang , Đam mỹ , Hiện đại , HE , Tình cảm , Ngọt văn , Song khiết 🕊️ , Xuyên thư , Sinh con , Mỹ thực , Hào môn thế gia , Cưới trước yêu sau , Chủ thụ , Nhẹ nhàng , Đô thị tình duyên , Kim bài đề cử 🥇 , 1v1",Hoàn thành,664762,4768,173,1894,https://wikicv.net/truyen/hon-sau-moi-ngay-deu-that-huong-xuyen-th-XjuWtFS4CBBpFvsD
Người chơi đều cho rằng ta là tà thần,Sư Tử Tinh Hệ,"Nguyên sang , Đam mỹ , Hiện đại , OE , Tình cảm , Huyền huyễn , Võng du , Dị thế , Xuyên việt , Dị năng , Trọng sinh , Cường cường , Thần thoại , Chủ thụ , Sảng văn , Giang hồ ân oán , Trò chơi , Cải trang giả dạng , Phương Tây , Kim bài đề cử 🥇 , Linh dị thần quái , Thị giác nam chủ , Thực tế ảo , Chậm nhiệt , Cthulhu , Vạn nhân mê , Xuyên game",Hoàn thành,663501,28817,553,5325,https://wikicv.net/truyen/nguoi-choi-deu-cho-rang-ta-la-ta-than-Y%7EYNGVS4CD0SpC6m
Vai ác sư tôn xinh đẹp như hoa 〔 xuyên thư 〕,Phong Không,"Nguyên sang , Đam mỹ , Cổ đại , HE , Tình cảm , Tiên hiệp , Tu chân , Ngọt văn , Xuyên thư , Chủ thụ , Sảng văn , Kim bài đề cử 🥇 , Sư đồ , 1v1",Hoàn thành,661131,9090,756,2994,https://wikicv.net/truyen/vai-ac-su-ton-xinh-dep-nhu-hoa-xuyen-thu-XpCuGVS4CDpj%7EkFH
Kim xuyên cổ chi tiểu đại phu,Sơ Vẫn Giang Hồ,"Nguyên sang , Đam mỹ , Cổ đại , HE , Tình cảm , Làm ruộng , Xuyên việt , Song khiết 🕊️ , Tùy thân không gian , Làm giàu , Y thuật , Lịch sử , Chủ thụ , Cung đình hầu tước , Ấm áp , Liên Thành 3 sao , Vả mặt , 1v1",Hoàn thành,659658,2018,49,476,https://wikicv.net/truyen/kim-xuyen-co-chi-tieu-dai-phu-WhI1hju26w8MflZX
Ta dựa bần cùng quét ngang trò chơi sinh tồn,Bách Đường,"Nguyên sang , Đam mỹ , Cận đại , Hiện đại , HE , Tình cảm , Kinh dị , Sinh tồn , Dị năng , Ngọt văn , Song khiết 🕊️ , Xuyên nhanh , Cường cường , Vô hạn lưu , Thăng cấp lưu , Niên thượng , Chủ thụ , Trò chơi , Kim bài đề cử 🥇 , Linh dị thần quái , 1v1",Hoàn thành,649864,10885,795,4415,https://wikicv.net/truyen/ta-dua-ban-cung-quet-ngang-tro-choi-sinh-XetDL1S4CDZPvyQl
Xuyên thành vạn nhân mê pháo hôi trúc mã,Thiếp Tại Sơn Dương,"Nguyên sang , Đam mỹ , Hiện đại , HE , Tình cảm , Báo thù , Ngọt văn , Trọng sinh , Hệ thống , Song khiết 🕊️ , Xuyên thư , Hào môn thế gia , Vườn trường , Cường cường , Chủ thụ , Sảng văn , Nhẹ nhàng , Ấm áp , Kim bài đề cử 🥇 , Ngược tra , 1v1",Hoàn thành,648814,9867,696,3119,https://wikicv.net/truyen/xuyen-thanh-van-nhan-me-phao-hoi-truc-ma-XVUu2FS4CF7eeq_J
Xuyên qua chi linh thực sư ( chủ công ),Diệp Ức Lạc,"Nguyên sang , Đam mỹ , Cổ đại , HE , Tình cảm , Làm ruộng , Huyền huyễn , Tu chân , Sinh con , Làm giàu , Chủ công , Cường cường , Cưới trước yêu sau , Liên Thành 4 sao , Nghịch tập , 1v1",Hoàn thành,646754,2769,24,746,https://wikicv.net/truyen/xuyen-qua-chi-linh-thuc-su-chu-cong-WNJdv%7E8h7Fd0Dr2t
Thiên hạ chi sư [ xuyên nhanh ],Xuân Phong Dao,"Nguyên sang , Đam mỹ , Cổ đại , Cận đại , Hiện đại , Tương lai , HE , Tình cảm , Tiên hiệp , Tu chân , Xuyên việt , Xuyên nhanh , Giới giải trí , Chủ thụ , Cung đình hầu tước , Sảng văn , Hài hước , Kim bài đề cử 🥇",Hoàn thành,645312,9684,535,3621,https://wikicv.net/truyen/thien-ha-chi-su-xuyen-nhanh-WTEmrO8h7G%7E9vVaw
Tinh tế chi thượng tướng phu nhân là không hộ khẩu,Doãn Gia,"Nguyên sang , Đam mỹ , Tương lai , HE , Tình cảm , Khoa học viễn tưởng , Ngọt văn , Tinh tế , Hào môn thế gia , Liên Thành 4 sao",Hoàn thành,643817,2697,44,915,https://wikicv.net/truyen/tinh-te-chi-thuong-tuong-phu-nhan-la-kho-WsRe2O8h7BXYFzxE
Đại Thiên Sư,Nam Thư,"Nguyên sang , Đam mỹ , Hiện đại , HE , Tình cảm , Huyền học , Tu chân , Xuyên việt , Chủ thụ , Sảng văn , Nhiều CP , Tam giáo cửu lưu , Kim bài đề cử 🥇 , Linh dị thần quái , 1v1",Hoàn thành,636862,4842,140,1696,https://wikicv.net/truyen/dai-thien-su-Wq9tEO8h7AONaKO8
Xuyên thư chi bá ái nam xứng,Sướng Ái,"Nguyên sang , Đam mỹ , Cổ đại , HE , Tình cảm , Huyền huyễn , Tu chân , Ngọt văn , Song khiết 🕊️ , Xuyên thư , Chủ công , Thăng cấp lưu , Sảng văn , Liên Thành 3 sao , Nghịch tập , Vả mặt , 1v1",Hoàn thành,635592,5646,66,807,https://wikicv.net/truyen/xuyen-thu-chi-ba-ai-nam-xung-Zod1gzu26w_VYyy2
Phẫn nộ giá trị bạo biểu [ Xuyên nhanh ],Húy Tật,"Nguyên sang , Đam mỹ , Cổ đại , Cận đại , Hiện đại , Tương lai , HE , OE , Tình cảm , Khoa học viễn tưởng , Huyền huyễn , Hệ thống , Xuyên nhanh , Tinh tế , Cơ giáp , Hào môn thế gia , Giới giải trí , Chủ thụ , Sảng văn , Nhẹ nhàng , Kim bài đề cử 🥇 , Kim Bảng 🏆 , Linh dị thần quái , Nghịch tập , Vả mặt , 1v1",Hoàn thành,633754,7847,352,2612,https://wikicv.net/truyen/phan-no-gia-tri-bao-bieu-xuyen-nhanh-W3Z0QFS4CH%7Er0h3Y
Ảnh đế mỗi ngày đều tưởng ly hôn [ xuyên thư ],Lâm Áng Tư,"Nguyên sang , Đam mỹ , Hiện đại , HE , Tình cảm , Ngọt văn , Xuyên thư , Sinh con , Giới giải trí , Cường cường , Chủ thụ , Nhẹ nhàng , Hài hước , Kim bài đề cử 🥇 , 1v1",Hoàn thành,633619,4897,121,1019,https://wikicv.net/truyen/anh-de-moi-ngay-deu-tuong-ly-hon-xuyen-t-Xkn7J1S4CEwq8Ypp
Quân Môn Trưởng Tức,Kim Nguyên Bảo,"Nguyên sang , Đam mỹ , Hiện đại , HE , Tình cảm , Huyền huyễn , Huyền học , Ngọt văn , Thần tiên yêu quái , Sinh con , Cường cường , Cưới trước yêu sau , Chủ thụ , Đô thị tình duyên , Liên Thành 4 sao , Linh dị thần quái , 1v1",Hoàn thành,632338,2045,74,659,https://wikicv.net/truyen/quan-mon-truong-tuc-XYemPEbIjmx9tKvs
Vai ác đều là ta dự trữ lương [ xuyên nhanh ],Cố Chi Quân,"Nguyên sang , Đam mỹ , Cổ đại , Cận đại , Hiện đại , HE , Tình cảm , Huyền huyễn , Ngọt văn , Xuyên nhanh , Huyết tộc , Chủ thụ , Sảng văn , Nhẹ nhàng , Vả mặt , 1v1",Hoàn thành,632042,11818,499,4790,https://wikicv.net/truyen/vai-ac-deu-la-ta-du-tru-luong-xuyen-nhan-Xl8AO1S4CBwhs2SG
Hoàng gia đệ nhất phúc tinh,Thủy Tinh Phỉ Thúy Nhục,"Nguyên sang , Đam mỹ , Cổ đại , HE , Tình cảm , Xuyên việt , Ngọt văn , Chủ thụ , Cung đình hầu tước , Sảng văn , Kim bài đề cử 🥇 , Manh bảo , Đoàn sủng",Hoàn thành,627009,7816,166,1417,https://wikicv.net/truyen/hoang-gia-de-nhat-phuc-tinh-YmaRc1S4CBaRLwM4
Ác độc nam xứng không tranh [ trọng sinh ],Ngô Thất Họa,"Nguyên sang , Đam mỹ , Tương lai , HE , Tình cảm , Ngọt văn , Trọng sinh , Tinh tế , Cơ giáp , Kim bài đề cử 🥇 , 1v1 , Ngốc manh , Quân giáo",Hoàn thành,626794,8295,263,1570,https://wikicv.net/truyen/ac-doc-nam-xung-khong-tranh-trong-sinh-YBgOE1S4CEMmFmKp
Bọn nhãi con không có khả năng như vậy ngoan / Hung thú ấu tể chăn nuôi chỉ nam / Tiểu quái vật chăn nuôi viên,Tối Ái Mai Tử Tửu,"Nguyên sang , Đam mỹ , Tương lai , HE , Tình cảm , Làm ruộng , Xây dựng , Ngọt văn , Song khiết 🕊️ , Tinh tế , Cường cường , Chủ thụ , Sảng văn , Nhẹ nhàng , Ấm áp , Kim bài đề cử 🥇 , Ngân bài đề cử 🥈 , 1v1 , Manh sủng , Dưỡng oa , Mỹ công",Hoàn thành,626741,13819,145,2243,https://wikicv.net/truyen/bon-nhai-con-khong-co-kha-nang-nhu-vay-n-Y5XMs1S4CATLzblV
Luận tra nam cải tạo một ngàn loại tư thế,Điêu Bảo rghh,"Nguyên sang , Đam mỹ , Tương lai , HE , Tình cảm , Trọng sinh , Hệ thống , Chủ công , Kim bài đề cử 🥇 , Ngân bài đề cử 🥈 , Kim Bảng 🏆 , 1v1",Chưa xác minh,621891,9559,606,3456,https://wikicv.net/truyen/luan-tra-nam-cai-tao-mot-ngan-loai-tu-th-X9MLSlS4CFm02SW0
Trọng sinh chi chí tôn tiên lữ,Băng Đường Liên Tử Canh,"Nguyên sang , Đam mỹ , Cổ đại , HE , Tình cảm , Tiên hiệp , Huyền huyễn , Tu chân , Trọng sinh , Chủ công , Thăng cấp lưu , Sảng văn , Liên Thành 4 sao , 1v1",Hoàn thành,621514,1771,62,570,https://wikicv.net/truyen/trong-sinh-chi-chi-ton-tien-lu-W7IV2VS4CBu2IukL
Chia tay sau tra công điên rồi,Giang Hoa Tự Hỏa,"Nguyên sang , Đam mỹ , Hiện đại , HE , Tình cảm , Song khiết 🕊️ , Hào môn thế gia , Ngược văn , Giới giải trí , Nhiều CP , 1v1",Hoàn thành,614624,535,31,47,https://wikicv.net/truyen/chia-tay-sau-tra-cong-dien-roi-X1e1LWHe7Cl5QcWT
Trọng sinh chi hoặc dược tại uyên,Tịch Ngư,"Nguyên sang , Đam mỹ , Hiện đại , Tương lai , HE , Tình cảm , Tiên hiệp , Khoa học viễn tưởng , Mạt thế , Làm ruộng , Huyền huyễn , Huyền học , Tu chân , Dị năng , Ngọt văn , Trọng sinh , Tùy thân không gian , Cường cường , Thăng cấp lưu , Niên thượng , Chủ thụ , Sảng văn , Nhiều CP , Cận thủy lâu đài , Ấm áp",Hoàn thành,613661,1834,50,303,https://wikicv.net/truyen/trong-sinh-chi-hoac-duoc-tai-uyen-WUfwGO8h7B_Sqxpt
Tử vong kính vạn hoa,Tây Tử Tự,"Nguyên sang , Đam mỹ , Hiện đại , HE , Tình cảm , Vô hạn lưu , Thăng cấp lưu , Chủ thụ , Cải trang giả dạng , Kim bài đề cử 🥇 , Kim Bảng 🏆 , Linh dị thần quái , Tương ái tương sát , 1v1",Hoàn thành,612723,6117,425,2284,https://wikicv.net/truyen/tu-vong-kinh-van-hoa-WmbBlO8h7EW0vbHd
Thang gia bảy cái O,Bạch Vân Đóa,"Nguyên sang , Đam mỹ , Tương lai , HE , Tình cảm , Sinh con , Tinh tế , ABO , Nhiều CP",Hoàn thành,612423,2559,118,1164,https://wikicv.net/truyen/thang-gia-bay-cai-o-XMezTFS4CBcNn6Gv
Tra thụ sinh tồn sổ tay [xuyên nhanh],Tức Mặc Dao,"Nguyên sang , Đam mỹ , Cổ đại , Hiện đại , Tương lai , HE , Tình cảm , Tiên hiệp , Khoa học viễn tưởng , Mạt thế , Huyền huyễn , Tu chân , Xuyên việt , Hệ thống , Xuyên nhanh , Tinh tế , Hào môn thế gia , Cẩu huyết , Ngược văn , Giới giải trí , Cường cường , Chủ thụ , Cung đình hầu tước , Kim bài đề cử 🥇 , Kim Bảng 🏆 , 1v1",Hoàn thành,610244,2695,471,1507,https://wikicv.net/truyen/tra-thu-sinh-ton-so-tay-xuyen-nhanh-Wbdv3u8h7HDAVkBi
Mang theo đạo lữ một khối xuyên qua [ xuyên nhanh ],thaty,"Nguyên sang , Đam mỹ , Cổ đại , Hiện đại , HE , Tình cảm , Hệ thống , Xuyên nhanh , Chủ công , Cường cường , 1v1",Hoàn thành,609395,10018,175,2309,https://wikicv.net/truyen/mang-theo-dao-lu-mot-khoi-xuyen-qua-xuye-XPC76UbIjh2zMGSP
Cứu vớt cái kia vai ác [ xuyên nhanh ],Chỉ Tiêm Phồn Hoa,"Nguyên sang , Đam mỹ , Cổ đại , Hiện đại , Tương lai , HE , Tình cảm , Ngọt văn , Song khiết 🕊️ , Xuyên nhanh , Chủ công , Cường cường , Niên thượng , Sảng văn , Nhẹ nhàng , Kiếp trước kiếp này , Thiên chi kiêu tử , Pháo hôi , Duyên trời tác hợp , Người qua đường , 1v1 , Nam phụ",Hoàn thành,608991,5916,456,1872,https://wikicv.net/truyen/cuu-vot-cai-kia-vai-ac-xuyen-nhanh-WmGn8%7E8h7E5qKRvj
"Xuyên nhanh: Đây là cái gì, vai ác! Hôn một cái / Xuyên nhanh: Cứu vớt cái kia vai ác tiểu đáng thương",Sơn Bất Ngữ Thập Nhị,"Nguyên sang , Đam mỹ , Cổ đại , Hiện đại , HE , Tình cảm , Xuyên việt , Ngọt văn , Song khiết 🕊️ , Xuyên nhanh , Chủ công , Cường cường , Nghịch tập , Vả mặt , 1v1",Còn tiếp,607353,11046,200,3809,https://wikicv.net/truyen/xuyen-nhanh-day-la-cai-gi-vai-ac-hon-mot-ZRt9nlS4CH8xTMVL
Muôn vàn lệ quỷ xếp hàng thổ lộ ta,A Hắc Hắc Hắc,"Nguyên sang , Đam mỹ , Cận đại , Hiện đại , HE , Tình cảm , Huyền huyễn , Ngọt văn , Chủ thụ , Sảng văn , Kim bài đề cử 🥇 , Linh dị thần quái , Vả mặt , 1v1",Hoàn thành,607282,7469,208,1939,https://wikicv.net/truyen/muon-van-le-quy-xep-hang-tho-lo-ta-XC_mr1S4CFOdHOxO
Mãn cấp đại lão vào nhầm vô hạn trò chơi sau,Mục Bạch,"Nguyên sang , Đam mỹ , Hiện đại , HE , Tình cảm , Huyền huyễn , Hệ thống , Xuyên nhanh , Cường cường , Vô hạn lưu , Chủ thụ , Sảng văn , Kim bài đề cử 🥇 , Ngân bài đề cử 🥈 , Linh dị thần quái , 1v1",Hoàn thành,606196,9306,255,1613,https://wikicv.net/truyen/man-cap-dai-lao-vao-nham-vo-han-tro-choi-YVViqFS4CDsxbjSM
Xuyên qua chi bá ái long thê,Sướng Ái,"Nguyên sang , Đam mỹ , Cổ đại , HE , Tình cảm , Tiên hiệp , Huyền huyễn , Tu chân , Xuyên việt , Ngọt văn , Song khiết 🕊️ , Chủ công , Thăng cấp lưu , Sảng văn , Liên Thành 3 sao , 1v1",Hoàn thành,603048,4518,88,804,https://wikicv.net/truyen/xuyen-qua-chi-ba-ai-long-the-Yy2MpDu2605uAAm5
Tổng tài chuyên chúc luyện đan sư,Mạc Thổ,"Nguyên sang , Đam mỹ , Hiện đại , HE , Tình cảm , Tu chân , Xuyên việt , Ngọt văn , Trọng sinh , Tùy thân không gian , Sinh con , Hào môn thế gia , Chủ thụ , Sảng văn , Nhẹ nhàng , Kim bài đề cử 🥇 , 1v1",Hoàn thành,601095,2842,59,480,https://wikicv.net/truyen/tong-tai-chuyen-chuc-luyen-dan-su-W0y_DO8h7H8qbjdg
Xuyên thư chi bá ái độc thê,Sướng Ái,"Nguyên sang , Đam mỹ , Cổ đại , HE , Tình cảm , Ngọt văn , Song khiết 🕊️ , Xuyên thư , Chủ công , Thăng cấp lưu , Sảng văn , Vả mặt , 1v1",Hoàn thành,597730,5250,135,786,https://wikicv.net/truyen/xuyen-thu-chi-ba-ai-doc-the-Y9iK2Du26zLz7jU7
Sau khi bị ôm sai ta đi lên đỉnh cao nhân sinh [ trọng sinh ],Xuân Sơn Do Chi,"Nguyên sang , Đam mỹ , Hiện đại , HE , Tình cảm , Huyền huyễn , Huyền học , Ngọt văn , Trọng sinh , Thanh mai trúc mã , Kim bài đề cử 🥇 , Linh dị thần quái , 1v1",Hoàn thành,597041,7572,248,2364,https://wikicv.net/truyen/sau-khi-bi-om-sai-ta-di-len-dinh-cao-nha-Xq2dGDu262fL27Yq
Lưu đày sau nam chủ đều yêu ta [ xuyên nhanh ],Lam Linh Tiên,"Nguyên sang , Đam mỹ , Cổ đại , Hiện đại , Tương lai , HE , Tình cảm , Mạt thế , Huyền huyễn , Xuyên nhanh , Xuyên thư , ABO , Giới giải trí , Chủ thụ , Sảng văn , 1v1 , Vạn nhân mê",Hoàn thành,594970,11893,977,4435,https://wikicv.net/truyen/luu-day-sau-nam-chu-deu-yeu-ta-xuyen-nha-YXyAP1S4CBSrLq9f
Xuyên qua chi bá ái tàn thê,Sướng Ái,"Nguyên sang , Đam mỹ , Cổ đại , HE , Tình cảm , Huyền huyễn , Dị thế , Xuyên việt , Chủ công , Thăng cấp lưu , Sảng văn , 1v1",Hoàn thành,594363,2523,74,354,https://wikicv.net/truyen/xuyen-qua-chi-ba-ai-tan-the-W7IMfVS4CBu2Iugh
Ác độc nam phụ tại tuyến dưỡng nhãi con,Dữu Tử Miêu,"Nguyên sang , Đam mỹ , Hiện đại , HE , Tình cảm , Huyền huyễn , Xuyên việt , Ngọt văn , Thần tiên yêu quái , Xuyên thư , Sinh con , Hào môn thế gia , Giới giải trí , Chủ thụ , Nhẹ nhàng , Kiếp trước kiếp này , Xuyên thành vai ác , Kim bài đề cử 🥇 , Kim Bảng 🏆 , 1v1",Hoàn thành,592853,5455,324,1569,https://wikicv.net/truyen/ac-doc-nam-phu-tai-tuyen-duong-nhai-con-XPNKFFS4CBxQo1QW
Ta dựa bán manh tới thăng cấp [ tinh tế ],Hữu Mặc,"Nguyên sang , Đam mỹ , Tương lai , HE , Tình cảm , Trọng sinh , Hệ thống , Tinh tế , Chủ thụ , Nhẹ nhàng , Main là động vật",Hoàn thành,589170,4844,160,1257,https://wikicv.net/truyen/ta-dua-ban-manh-toi-thang-cap-tinh-te-Ws3Eo%7E8h7HVbh%7EL5
Phải cầu hôn với bảy nam nhân làm xao đây!,Long Thất,"Nguyên sang , Đam mỹ , Cận đại , HE , Tình cảm , Huyền huyễn , Dị thế , Xuyên việt , Ma pháp , Hệ thống , Xuyên thư , Hào môn thế gia , Cường cường , NP , Chủ thụ",Hoàn thành,582607,6521,532,1950,https://wikicv.net/truyen/phai-cau-hon-voi-bay-nam-nhan-lam-xao-da-WA72vXCVfAqmtH6f
[ABO] Xuyên thành tinh tế văn pháo hôi tra A,Tử Sắc Thâm Uyên,"Nguyên sang , Đam mỹ , Tương lai , HE , Tình cảm , Ngọt văn , Xuyên thư , Sinh con , Tinh tế , Chủ công , ABO , Nhẹ nhàng , Duyên trời tác hợp , 1v1",Hoàn thành,582455,6527,72,1776,https://wikicv.net/truyen/abo-xuyen-thanh-tinh-te-van-phao-hoi-tra-Xp7sbju262viT8SA
Tương lai thú thế chi cổ y dược sư / Tương lai dị thế chi cổ y dược sư,Huyền,"Nguyên sang , Đam mỹ , Tương lai , HE , Tình cảm , Khoa học viễn tưởng , Làm ruộng , Dị thế , Xuyên việt , Dị năng , Ngọt văn , Trọng sinh , Thú nhân , Song khiết 🕊️ , Tùy thân không gian , Sinh con , Mỹ thực , Tinh tế , Làm giàu , Cơ giáp , Hào môn thế gia , Cường cường , Chủ thụ , Sảng văn , Nhẹ nhàng , Ngân bài đề cử 🥈",Hoàn thành,578223,1520,38,406,https://wikicv.net/truyen/tuong-lai-thu-the-chi-co-y-duoc-su-tuong-WLY7FHCVfGHA2RqP
Nữ trang cự cự nghịch tập nhật ký [ Xuyên nhanh ],Tòng Lai Bất Vấn,"Nguyên sang , Đam mỹ , Cận đại , Hiện đại , HE , Tình cảm , Ngọt văn , Xuyên nhanh , Chủ thụ , Sảng văn , Ngược tra , Nghịch tập , Vả mặt , 1v1 , Nữ trang đại lão",Hoàn thành,577136,6100,183,1518,https://wikicv.net/truyen/nu-trang-cu-cu-nghich-tap-nhat-ky-xuyen--WuqqUO8h7H3Ymvts
Vai chính chỉ nghĩ yêu đương,Chử Cá Điềm Tống,"Nguyên sang , Đam mỹ , Cổ đại , Hiện đại , HE , Tình cảm , Mạt thế , Huyền huyễn , Tu chân , Hệ thống , Xuyên thư , Chủ công , Hào môn thế gia , ABO , Huyết tộc , Vườn trường , Cung đình hầu tước , Nhiều CP , Tây huyễn , Phương Tây , Kim bài đề cử 🥇 , 1v1",Hoàn thành,576635,5506,365,2543,https://wikicv.net/truyen/vai-chinh-chi-nghi-yeu-duong-YaQgplS4CGbCfiW6
Đừng ở thùng rác nhặt bạn trai [ xuyên nhanh ],Kỵ Kình Nam Khứ,"Nguyên sang , Đam mỹ , Cận đại , Hiện đại , HE , Tình cảm , Khoa học viễn tưởng , Mạt thế , Huyền huyễn , Báo thù , Tu chân , Ngọt văn , Hệ thống , Xuyên nhanh , Tinh tế , ABO , Chủ thụ , Sảng văn , Kim Bảng 🏆 , Ngược tra , Vả mặt , 1v1",Hoàn thành,576563,14115,1105,6249,https://wikicv.net/truyen/dung-o-thung-rac-nhat-ban-trai-xuyen-nha-WvG4hO8h7DZkNqNy
Ta tiếng lòng bị cả nhà sau khi nghe được thành đoàn sủng,Công Tử Tầm Hoan,"Nguyên sang , Đam mỹ , Cổ đại , HE , Tình cảm , Ngọt văn , Trọng sinh , Hệ thống , Song khiết 🕊️ , Xuyên thư , Sinh con , Cung đấu , Trạch đấu , Thanh mai trúc mã , Niên thượng , Chủ thụ , Cung đình hầu tước , Nhẹ nhàng , Dưỡng thành , Kim bài đề cử 🥇 , 1v1",Hoàn thành,576367,7139,158,1594,https://wikicv.net/truyen/ta-tieng-long-bi-ca-nha-sau-khi-nghe-duo-ZVi3HFS4CGa2YVnp
Dị giới trò chơi chế tác người,Điệp Chi Linh,"Nguyên sang , Đam mỹ , Tương lai , HE , Tình cảm , Xây dựng , Xuyên việt , Cường cường , Chủ thụ , Trò chơi , Cận thủy lâu đài , Duyên trời tác hợp , Kim bài đề cử 🥇 , Kim Bảng 🏆 , Chức nghiệp tinh anh , Tế thuỷ trường lưu , Lâu ngày sinh tình",Hoàn thành,574405,16676,495,3703,https://wikicv.net/truyen/di-gioi-tro-choi-che-tac-nguoi-ZVCqE1S4CHMoxr1O
Tiểu thiên sư / Ta ngồi cùng bàn yếu đuối mong manh [ thần quái ],Nam Thư,"Nguyên sang , Đam mỹ , Hiện đại , HE , Tình cảm , Huyền học , Ngọt văn , Song khiết 🕊️ , Phá án , Vườn trường , Cường cường , Chủ thụ , Sảng văn , Nhẹ nhàng , Duyên trời tác hợp , Linh dị thần quái , 1v1 , Học bá , Chậm nhiệt , Thiên tài",Hoàn thành,573962,18891,213,4046,https://wikicv.net/truyen/tieu-thien-su-ta-ngoi-cung-ban-yeu-duoi--ZXPV71S4CB2UMH7I
Hiền thê lương mẫu,Kim Nguyên Bảo,"Nguyên sang , Đam mỹ , Cổ đại , HE , Tình cảm , Tiên hiệp , Huyền huyễn , Tu chân , Xuyên việt , Cường cường , Chủ thụ , Liên Thành 4 sao , 1v1",Hoàn thành,572649,2052,65,670,https://wikicv.net/truyen/hien-the-luong-mau-XXfVRGHe7FsTHiFY
Huyền môn tiểu tổ tông,Băng Đường Liên Tử Canh,"Nguyên sang , Đam mỹ , Hiện đại , HE , Tình cảm , Huyền học , Nhẹ nhàng , Hài hước , Liên Thành 3 sao , Linh dị thần quái",Hoàn thành,572378,10411,71,1981,https://wikicv.net/truyen/huyen-mon-tieu-to-tong-YEnIRWHe7BnnKyO%7E
Sai lầm trói định Hồng Nương hệ thống sau [ xuyên nhanh ],Vân Sơ Đường,"Nguyên sang , Đam mỹ , Cổ đại , Cận đại , Hiện đại , Tương lai , HE , Tình cảm , Huyền huyễn , Xuyên việt , Ngọt văn , Hệ thống , Song khiết 🕊️ , Xuyên nhanh , ABO , Giới giải trí , Cường cường , Chủ thụ , Nhẹ nhàng , Duyên trời tác hợp , 1v1",Hoàn thành,571980,8148,163,2413,https://wikicv.net/truyen/sai-lam-troi-dinh-hong-nuong-he-thong-sa-XS__BlS4CBExvxnS
Xuyên thư: Cá mặn thật thiếu gia nộp lên hệ thống sau,Lâm Thược,"Nguyên sang , Đam mỹ , Tương lai , HE , Tình cảm , Ngọt văn , Hệ thống , Xuyên thư , Hào môn thế gia , Giới giải trí , Chủ thụ , Sảng văn , Nhẹ nhàng , Hài hước , Đô thị tình duyên , Pháo hôi , Xuyên thành vai ác , Kim bài đề cử 🥇 , 1v1 , Thị giác nam chủ , Thật giả thiếu gia , Vạn nhân mê",Hoàn thành,568724,8667,503,3030,https://wikicv.net/truyen/xuyen-thu-ca-man-that-thieu-gia-nop-len--YiMYolS4CEM6wi4J
Lính đánh thuê cuồng phi,Nhan Nhược Ưu Nhã,"Nguyên sang , Đam mỹ , Cổ đại , HE , Tình cảm , Huyền huyễn , Dị thế , Tu chân , Xuyên việt , Ma pháp , Dị năng , Ngọt văn , Trọng sinh , Tùy thân không gian , Sinh con , Song tính , Hào môn thế gia , Cường cường , Kiếp trước kiếp này , Nhiều CP , Liên Thành 3 sao , 1v1",Hoàn thành,565909,1113,46,347,https://wikicv.net/truyen/linh-danh-thue-cuong-phi-WByi93CVfHrSwaWv
Xuyên thành làm tinh sau ta dỗi thiên dỗi địa không gì làm không được,Tiểu Miêu Bất Ái Khiếu,"Nguyên sang , Đam mỹ , Cổ đại , Hiện đại , HE , Tình cảm , Khoa học viễn tưởng , Báo thù , Ngọt văn , Hệ thống , Song khiết 🕊️ , Xuyên nhanh , Cường cường , Chủ thụ , Sảng văn , Nhẹ nhàng , Ấm áp , Pháo hôi , Ngược tra , Nghịch tập , Vả mặt , 1v1",Hoàn thành,564976,6800,470,2362,https://wikicv.net/truyen/xuyen-thanh-lam-tinh-sau-ta-doi-thien-do-XJts9FS4CCSzyIAn
Xuyên thành giáo thảo pháo hôi tình địch,Lâm Gia,"Nguyên sang , Đam mỹ , Hiện đại , HE , Tình cảm , Xuyên việt , Xuyên thư , Vườn trường , Chủ thụ , Kim bài đề cử 🥇",Hoàn thành,564637,5550,275,1304,https://wikicv.net/truyen/xuyen-thanh-giao-thao-phao-hoi-tinh-dich-XbZT%7EVS4CHoWc4Zc
Hỏa vân ca,neleta,"Nguyên sang , Đam mỹ , Cổ đại , HE , Tình cảm , Làm ruộng , Dị thế , Xuyên việt , Ngọt văn , Thú nhân , Sinh con , Mỹ thực , Nhẹ nhàng , Ấm áp , 1v1 , Nguyên thủy , Song trọng sinh , Dưỡng oa",Hoàn thành,562328,1576,87,516,https://wikicv.net/truyen/hoa-van-ca-WMpffO8h7Hhd13Le
Mang thai hài tử của hào môn lão nam nhân,Điềm Nị Tiểu Mễ Chúc,"Nguyên sang , Đam mỹ , Hiện đại , HE , Tình cảm , Xuyên việt , Ngọt văn , Trọng sinh , Tùy thân không gian , Xuyên thư , Sinh con , Hào môn thế gia , Giới giải trí , Niên thượng , Chủ thụ , Nhẹ nhàng , Hài hước , Đô thị tình duyên , Ấm áp , Pháo hôi , Duyên trời tác hợp , Kim bài đề cử 🥇 , 1v1",Hoàn thành,561710,1789,71,604,https://wikicv.net/truyen/mang-thai-hai-tu-cua-hao-mon-lao-nam-nha-XGO_HEbIjjmX8jav
Ta dựa trừu tạp lõm nhân thiết,Đạo Trường Đan Phi,"Nguyên sang , Đam mỹ , Cổ đại , HE , Tình cảm , Dị thế , Xuyên việt , Ngọt văn , Hệ thống , Chủ thụ , Sảng văn , Tây huyễn , Kim bài đề cử 🥇 , Kim Bảng 🏆 , 1v1 , Thẻ bài , Triệu hoán lưu",Hoàn thành,558606,15865,774,5967,https://wikicv.net/truyen/ta-dua-truu-tap-lom-nhan-thiet-YtzHrFS4CA79RWT_
Xấu ca nhi làm ruộng ký [ Trọng sinh ],Tả Mộc Trà Trà Quân,"Nguyên sang , Đam mỹ , Cổ đại , HE , Tình cảm , Làm ruộng , Dị thế , Xuyên việt , Ngọt văn , Trọng sinh , Tùy thân không gian , Sinh con , Cường cường , Chủ thụ , Nhẹ nhàng , Nam nam thế giới , Kim bài đề cử 🥇",Hoàn thành,557764,2171,36,506,https://wikicv.net/truyen/xau-ca-nhi-lam-ruong-ky-trong-sinh-WAn283CVfELNAN9K
Không làm cơm mềm nam,Điêu Bảo rghh,"Nguyên sang , Đam mỹ , Cổ đại , Hiện đại , HE , Tình cảm , Mạt thế , Xuyên việt , Trọng sinh , Hệ thống , Chủ công , Cẩu huyết , Ngược văn , Nhẹ nhàng , Kiếp trước kiếp này , Kim bài đề cử 🥇",Hoàn thành,557294,9965,574,4041,https://wikicv.net/truyen/khong-lam-com-mem-nam-XlSEc1S4CFYY3tY3
Tu tiên chi bá ái ách thê,Sướng Ái,"Nguyên sang , Đam mỹ , Cổ đại , HE , Tình cảm , Tiên hiệp , Huyền huyễn , Tu chân , Ngọt văn , Song khiết 🕊️ , Xuyên thư , Chủ công , Thăng cấp lưu , Xuyên thành vai ác , Nghịch tập , Vả mặt , 1v1",Hoàn thành,554645,2496,153,710,https://wikicv.net/truyen/tu-tien-chi-ba-ai-ach-the-Xd_NuVS4CDfNjY71
Cá mặn hắn tưởng khai,Trì Vãn,"Nguyên sang , Đam mỹ , Cổ đại , HE , Tình cảm , Ngọt văn , Xuyên thư , Chủ thụ , Cung đình hầu tước , Sảng văn , Nhẹ nhàng , Kim bài đề cử 🥇",Hoàn thành,553680,8698,459,3025,https://wikicv.net/truyen/ca-man-han-tuong-khai-YNkFCFS4CGs1M0Ps
Xuyên thành thô bạo đồ tể tiểu phu lang,Hậu Lai Giả,"Nguyên sang , Đam mỹ , Cổ đại , HE , Tình cảm , Làm ruộng , Xuyên việt , Ngọt văn , Mỹ thực , Làm giàu , Chủ thụ , Sảng văn , Nhẹ nhàng , Bình dân sinh hoạt",Hoàn thành,553005,2708,54,671,https://wikicv.net/truyen/xuyen-thanh-tho-bao-do-te-tieu-phu-lang-XO4ckTzLclB5v9a3
Xuyên thành giả thiếu gia sau ta bạo hồng,Phong Hoa Như Cố,"Nguyên sang , Đam mỹ , Hiện đại , HE , Tình cảm , Xuyên việt , Ngọt văn , Xuyên thư , Giới giải trí , Chủ thụ , Sảng văn , 1v1 , Thật giả thiếu gia",Hoàn thành,551330,2843,69,869,https://wikicv.net/truyen/xuyen-thanh-gia-thieu-gia-sau-ta-bao-hon-YYWf71S4CEE2n6X5
Đáng yêu ngươi [ mau xuyên ],Thính Thuyết Ngã Thị Hắc Sơn Lão Yêu,"Nguyên sang , Đam mỹ , Cổ đại , Hiện đại , Tương lai , HE , Tình cảm , Mạt thế , Kinh thương , Huyền huyễn , Báo thù , Dị thế , Ngọt văn , Hệ thống , Xuyên nhanh , Hào môn thế gia , Trạch đấu , Vườn trường , Chủ thụ , Cung đình hầu tước , Pháo hôi , Phương Tây , Mỹ nhân ngư , Kim bài đề cử 🥇 , Ngược tra , Nghịch tập , Vả mặt , 1v1",Hoàn thành,550890,6074,212,1446,https://wikicv.net/truyen/dang-yeu-nguoi-mau-xuyen-W1Mudu8h7E%7EhClfh
Sau khi xuyên thành pháo hôi thế thân ta hoài nhãi con,Mộ Ngôn Nhất,"Nguyên sang , Đam mỹ , Hiện đại , HE , Tình cảm , Huyền huyễn , Xuyên việt , Ngọt văn , Thú nhân , Xuyên thư , Sinh con , Chủ thụ , Phát sóng trực tiếp , 1v1 , Song xuyên , Võng hồng",Hoàn thành,550825,5419,224,1680,https://wikicv.net/truyen/sau-khi-xuyen-thanh-phao-hoi-the-than-ta-XpSh6kbIjjjgwy0j
Trọng sinh chi vì ngươi điên cuồng,Yết Lệ Trang Hoan,"Nguyên sang , Đam mỹ , Cổ đại , HE , Tình cảm , Tiên hiệp , Huyền huyễn , Báo thù , Tu chân , Trọng sinh , Chủ công , Thăng cấp lưu , Cưới trước yêu sau , Sảng văn , Vả mặt , 1v1",Hoàn thành,550170,789,81,310,https://wikicv.net/truyen/trong-sinh-chi-vi-nguoi-dien-cuong-WLhKq3CVfEH9JHMm
Mạt thế trọng sinh chi nhặt cái soái ca về nhà liêu,Vô Gian Thiên Vũ,"Nguyên sang , Đam mỹ , Hiện đại , HE , Tình cảm , Mạt thế , Trọng sinh",Hoàn thành,548961,5008,49,1724,https://wikicv.net/truyen/mat-the-trong-sinh-chi-nhat-cai-soai-ca--XwhCu1S4CCSCyIWy
Ở trong game chạy trốn liêu túc địch,Lâm Thược,"Nguyên sang , Đam mỹ , Hiện đại , HE , Tình cảm , Kinh dị , Ngọt văn , Song khiết 🕊️ , Tùy thân không gian , Cường cường , Vô hạn lưu , Thăng cấp lưu , Chủ thụ , Sảng văn , Nhẹ nhàng , Hài hước , Trò chơi , Ấm áp , Kim bài đề cử 🥇 , Linh dị thần quái , Tương ái tương sát , 1v1",Hoàn thành,548135,11310,782,4396,https://wikicv.net/truyen/o-trong-game-chay-tron-lieu-tuc-dich-XOqZC1S4CCqXbJL%7E
"Quyền thiếu sủng ""Thê""",Nhan Nhược Ưu Nhã,"Nguyên sang , Đam mỹ , Hiện đại , HE , Tình cảm , Làm ruộng , Xuyên việt , Tùy thân không gian , Sinh con , Song tính , Làm giàu , Cường cường , Chủ thụ , Sảng văn , Nhiều CP , Ngược tra , Liên Thành 4 sao , 1v1",Hoàn thành,547122,35,15,141,https://wikicv.net/truyen/quyen-thieu-sung-the-WvExL2He7Hht%7EiD6
Xuyên qua chi Lê Cẩm nông gia hằng ngày,Hồi Mâu Dĩ Bán Hạ,"Nguyên sang , Đam mỹ , Cổ đại , HE , Tình cảm , Làm ruộng , Dị thế , Xuyên việt , Ngọt văn , Sinh con , Chủ công , Nhẹ nhàng , Kim bài đề cử 🥇 , 1v1 , Bình dân sinh hoạt",Hoàn thành,546687,4525,111,1590,https://wikicv.net/truyen/xuyen-qua-chi-le-cam-nong-gia-hang-ngay-XN%7ECnlS4CCg_fMAi
Bởi vì tay run liền toàn điểm mỹ mạo đáng giá [ vô hạn ],Vị Sầm,"Nguyên sang , Đam mỹ , Tương lai , HE , Tình cảm , Huyền huyễn , Hệ thống , Xuyên nhanh , ABO , Vô hạn lưu , Chủ thụ , Nhẹ nhàng , Kim bài đề cử 🥇 , Linh dị thần quái , Vạn nhân mê , NPC",Hoàn thành,545433,11631,808,4952,https://wikicv.net/truyen/boi-vi-tay-run-lien-toan-diem-my-mao-dan-Y4mVH1S4CBl1tErs
Phi điển hình cầu sinh dục [ xuyên nhanh ],Húy Tật,"Nguyên sang , Đam mỹ , Tương lai , HE , Tình cảm , Xuyên nhanh , Chủ thụ , Sảng văn , Nhẹ nhàng , Kim bài đề cử 🥇",Hoàn thành,544775,13220,338,3937,https://wikicv.net/truyen/phi-dien-hinh-cau-sinh-duc-xuyen-nhanh-XlcgyFS4CHHcdRRj
Trầm mê ăn dưa ta tiết lộ tiếng lòng sau cả nhà tạc,A Mạch Ái Cật Nhục,"Nguyên sang , Đam mỹ , Hiện đại , HE , Tình cảm , Xuyên việt , Hệ thống , Xuyên thư , Giới giải trí , Chủ thụ , Hài hước , Kim bài đề cử 🥇 , 1v1 , Đọc tâm , Ăn dưa văn , Nghe hiểu động vật , Nghe hiểu thực vật",Hoàn thành,544551,9391,98,1671,https://wikicv.net/truyen/tram-me-an-dua-ta-tiet-lo-tieng-long-sau-ZdUX61S4CBZn5OR6
Trở thành lốp xe dự phòng lúc sau ta bị vai ác cùng nam chủ đồng thời theo dõi,Dịch Diệp Tử,"Nguyên sang , Đam mỹ , Hiện đại , HE , Tình cảm , Làm ruộng , Kinh thương , Xuyên việt , Ngọt văn , Hệ thống , Xuyên thư , Làm giàu , Hào môn thế gia , Cường cường , Chủ thụ , Nhẹ nhàng , Cận thủy lâu đài , Kim bài đề cử 🥇 , Kim Bảng 🏆 , 1v1",Hoàn thành,543669,5665,327,1623,https://wikicv.net/truyen/tro-thanh-lop-xe-du-phong-luc-sau-ta-bi--XDyCalS4CGnuwj0h
Nam thần chế bá toàn thế giới [ Xuyên nhanh ],Phế Sài Bạc Hà Nhuyễn Đường,"Nguyên sang , Đam mỹ , Cổ đại , Cận đại , Hiện đại , Tương lai , HE , Tình cảm , Tiên hiệp , Khoa học viễn tưởng , Mạt thế , Huyền huyễn , Tu chân , Xuyên việt , Ma pháp , Hồng hoang , Ngọt văn , Trọng sinh , Thú nhân , Hệ thống , Thần tiên yêu quái , Song khiết 🕊️ , Xuyên nhanh , Tinh tế , Giới giải trí , Cường cường , Chủ thụ , Sảng văn , Nhẹ nhàng , Trò chơi , Mỹ nhân ngư , Kim bài đề cử 🥇 , Kim Bảng 🏆 , Linh dị thần quái , Nghịch tập , Vả mặt , 1v1",Hoàn thành,540738,4593,94,1596,https://wikicv.net/truyen/nam-than-che-ba-toan-the-gioi-xuyen-nhan-WGT%7E4nCVfEeXz70e
Trọng sinh chi cùng thú làm bạn,Dạ Bất Tư Ngữ,"Nguyên sang , Đam mỹ , Cổ đại , HE , Tình cảm , Làm ruộng , Dị thế , Xuyên việt , Trọng sinh , Thú nhân , Tùy thân không gian , Sinh con , Cẩu huyết , Cường cường , Cưới trước yêu sau , Chủ thụ , Nhẹ nhàng , Nhiều CP , Nam nam thế giới , Tây huyễn , Ấm áp , Ngược tra , 1v1 , Nguyên thủy",Hoàn thành,540118,1992,62,775,https://wikicv.net/truyen/trong-sinh-chi-cung-thu-lam-ban-Wm1Oqu8h7EZD3BW%7E
Luôn là bị nam chủ công lược xuyên qua hằng ngày [ mau xuyên ],Vân Phù Nhật,"Nguyên sang , Đam mỹ , Cổ đại , Hiện đại , Tương lai , HE , Tình cảm , Tiên hiệp , Tu chân , Ma pháp , Ngọt văn , Hệ thống , Xuyên nhanh , Xuyên thư , Chủ thụ , Cung đình hầu tước , Tây huyễn , 1v1",Hoàn thành,539821,2208,122,910,https://wikicv.net/truyen/luon-la-bi-nam-chu-cong-luoc-xuyen-qua-h-WQQe3O8h7HCs7p49
Luôn có vai chính vọng tưởng khai hậu cung [ xuyên nhanh ],Bất Hội Hạ Kỳ,"Nguyên sang , Đam mỹ , Cổ đại , Hiện đại , HE , Tình cảm , Huyền huyễn , Hệ thống , Song khiết 🕊️ , Xuyên nhanh , Sảng văn",Hoàn thành,539770,5159,221,1863,https://wikicv.net/truyen/luon-co-vai-chinh-vong-tuong-khai-hau-cu-WBwwSnCVfFuxxyGh
Tiểu kẻ điếc thụ quyết định bãi lạn nhậm sủng,Nghiêm Tụng Tụng,"Nguyên sang , Đam mỹ , Hiện đại , HE , Tình cảm , Ngọt văn , Song khiết 🕊️ , Xuyên thư , Hào môn thế gia , Song hướng yêu thầm , Cưới trước yêu sau , Chủ thụ , Sảng văn , Nhẹ nhàng , Thiên chi kiêu tử , Cận thủy lâu đài , Duyên trời tác hợp , Kim bài đề cử 🥇 , Ngược tra , 1v1",Hoàn thành,537795,7603,372,3282,https://wikicv.net/truyen/tieu-ke-diec-thu-quyet-dinh-bai-lan-nham-Yxv9CVS4CEShJaVQ
Ta dựa học tập hoành bá giới giải trí [ cổ xuyên kim ],Cách Bích Đích Gia Phỉ Miêu,"Nguyên sang , Đam mỹ , Hiện đại , HE , Tình cảm , Huyền học , Xuyên việt , Cổ xuyên kim , Giới giải trí , Chủ thụ , 1v1",Hoàn thành,536542,6389,149,1374,https://wikicv.net/truyen/ta-dua-hoc-tap-hoanh-ba-gioi-giai-tri-co-Xf1K1VS4CFZEDwWF
Nghịch tập chi hảo dựng nhân sinh [ phản trọng sinh ],Doanh Triệt Thệ Tuyết,"Nguyên sang , Đam mỹ , Hiện đại , HE , Tình cảm , Làm ruộng , Báo thù , Sinh con , Hào môn thế gia , Hắc bang , Hoan hỉ oan gia , Người qua đường , Phản phái trọng sinh , Lôi",Hoàn thành,536301,306,49,174,https://wikicv.net/truyen/nghich-tap-chi-hao-dung-nhan-sinh-phan-t-WN49Z%7E8h7CbCQCna
"Ổn định, ngươi có thể / Ngươi chỉ là thèm hắn [ xuyên thư ]",Đồng Kha,"Nguyên sang , Đam mỹ , Hiện đại , HE , Tình cảm , Ngọt văn , Xuyên thư , Chủ công , ABO , Giới giải trí , Pháo hôi , Kim bài đề cử 🥇 , Ngân bài đề cử 🥈 , Kim Bảng 🏆 , 1v1 , Chữa lành",Hoàn thành,536231,9589,726,4145,https://wikicv.net/truyen/on-dinh-nguoi-co-the-nguoi-chi-la-them-h-X5DIy1S4CEC43GVv
Xuyên thành đại lão pháo hôi liên hôn tiểu kiều thê,Công Tử Tầm Hoan,"Nguyên sang , Đam mỹ , Hiện đại , HE , Tình cảm , Hệ thống , Xuyên thư , Sinh con , Chủ thụ , Sảng văn",Hoàn thành,534701,5041,64,854,https://wikicv.net/truyen/xuyen-thanh-dai-lao-phao-hoi-lien-hon-ti-XoiKO1S4CG%7ERgSPj
Vai chính luôn muốn cướp đi cơ duyên của ta [ xuyên thư ],Thiển Lạc Như Tuyết,"Nguyên sang , Đam mỹ , Cổ đại , HE , Tình cảm , Tiên hiệp , Huyền huyễn , Tu chân , Xuyên việt , Tùy thân không gian , Xuyên thư , Chủ công , Cường cường , Thăng cấp lưu , Sảng văn , Hài hước , Kim bài đề cử 🥇 , 1v1 , Mary Sue",Hoàn thành,533306,2973,231,1158,https://wikicv.net/truyen/vai-chinh-luon-muon-cuop-di-co-duyen-cua-Ws4cbTu262cU0TVs
Bệnh mỹ nhân bãi lạn sau ở oa tổng bạo hồng,Tỉnh Đăng,"Nguyên sang , Đam mỹ , Hiện đại , HE , Tình cảm , Xuyên thư , Hào môn thế gia , Giới giải trí , Chủ thụ , Nhẹ nhàng , Kim bài đề cử 🥇",Hoàn thành,533285,11119,277,3330,https://wikicv.net/truyen/benh-my-nhan-bai-lan-sau-o-oa-tong-bao-h-ZWa0iTu261ojtvE%7E
"Lầm xuyên đam mỹ sinh con văn, nam độc giả chịu không nổi",Thời Bất Đãi Ngã,"Nguyên sang , Đam mỹ , Cổ đại , HE , Tình cảm , Quan trường , Xuyên thư , Sinh con , Chủ công , Cung đấu , Trạch đấu , Cường cường , Cưới trước yêu sau , Cung đình hầu tước , Sảng văn , Pháo hôi , Ngân bài đề cử 🥈 , Kim Bảng 🏆 , 1v1 , Giả heo ăn hổ",Hoàn thành,531055,5385,264,2282,https://wikicv.net/truyen/lam-xuyen-dam-my-sinh-con-van-nam-doc-gi-XPX7MVS4CCeBII0h
Vai ác giúp ta làm xây dựng,Điềm Miêu,"Nguyên sang , Đam mỹ , Cổ đại , HE , Tình cảm , Tiên hiệp , Làm ruộng , Xây dựng , Tu chân , Xuyên việt , Ngọt văn , Trọng sinh , Song khiết 🕊️ , Niên hạ , Làm giàu , Cường cường , Chủ thụ , Sảng văn , Nhẹ nhàng , Kim bài đề cử 🥇 , Kim Bảng 🏆 , 1v1",Hoàn thành,530796,9855,193,3376,https://wikicv.net/truyen/vai-ac-giup-ta-lam-xay-dung-XrNotFS4CHTFIEjr
Xuyên thành bạn trai cũ của giáo thảo [ xuyên thư ],Liên Sóc,"Nguyên sang , Đam mỹ , Hiện đại , HE , Tình cảm , Ngọt văn , Song khiết 🕊️ , Xuyên thư , Vườn trường , Cường cường , Chủ thụ , Sảng văn , Nhẹ nhàng , Pháo hôi , Kim bài đề cử 🥇 , Nghịch tập , Vả mặt , 1v1",Hoàn thành,530436,5140,362,1582,https://wikicv.net/truyen/xuyen-thanh-ban-trai-cu-cua-giao-thao-xu-XKwcl1S4CBIRdplB
Làm sao để chết đến nặng như Thái Sơn [ xuyên nhanh ],Miêu Bát Tiên Sinh,"Nguyên sang , Đam mỹ , Cổ đại , Hiện đại , HE , Tình cảm , Xuyên việt , Hệ thống , Xuyên nhanh , Chủ thụ , Sảng văn , Kim bài đề cử 🥇 , 1v1",Hoàn thành,528030,7215,409,2941,https://wikicv.net/truyen/lam-sao-de-chet-den-nang-nhu-thai-son-xu-WoTYzO8h7EwCl6%7EH
Truyền kỳ phu nhân,Kim Nguyên Bảo,"Nguyên sang , Đam mỹ , Tương lai , HE , Tình cảm , Khoa học viễn tưởng , Ngọt văn , Song khiết 🕊️ , Sinh con , Tinh tế , Cơ giáp , Hào môn thế gia , Cẩu huyết , Quân văn , Cường cường , Cưới trước yêu sau , Chủ thụ , Liên Thành 3 sao , 1v1",Hoàn thành,526782,766,27,408,https://wikicv.net/truyen/truyen-ky-phu-nhan-WGuY73CVfFU%7EkAHz
Thế gả sau ta cười đến muốn chết,Minh Quế Tái Tửu,"Nguyên sang , Đam mỹ , Hiện đại , HE , Tình cảm , Ngọt văn , Hệ thống , Chủ thụ , Nhẹ nhàng",Hoàn thành,526706,9040,178,2007,https://wikicv.net/truyen/the-ga-sau-ta-cuoi-den-muon-chet-Y3eUflS4CFAHY8kz
Biến thành nhân ngư bị dưỡng,Hàn Môn Nha Đầu,"Nguyên sang , Đam mỹ , Tương lai , HE , Tình cảm , Xuyên việt , Ngọt văn , Sinh con , Tinh tế , Chủ thụ , Nhẹ nhàng , Mỹ nhân ngư , Kim bài đề cử 🥇 , 1v1",Hoàn thành,525042,5614,171,1877,https://wikicv.net/truyen/bien-thanh-nhan-ngu-bi-duong-X6sUXFS4CDG2eP1y
Trọng sinh chi nhận mệnh,Bát Gia Đảng,"Nguyên sang , Đam mỹ , Hiện đại , HE , Tình cảm , Trọng sinh , Cẩu huyết , Chủ thụ , Sảng văn , Pháo hôi , Kim bài đề cử 🥇 , Vả mặt",Hoàn thành,524924,5863,373,1545,https://wikicv.net/truyen/trong-sinh-chi-nhan-menh-XvdaNlS4CBLCJ8XS
Trọng sinh hai lần sau ta xuyên về trong sách,Ôn Du Khoan,"Nguyên sang , Đam mỹ , Hiện đại , HE , Tình cảm , Báo thù , Xuyên việt , Hệ thống , Song khiết 🕊️ , Hào môn thế gia , Vườn trường , Cường cường , Chủ thụ , Sảng văn , Nhẹ nhàng , Kim bài đề cử 🥇 , Ngược tra , 1v1 , Thật giả thiếu gia , Xuyên về thế giới cũ",Hoàn thành,524784,6597,187,1369,https://wikicv.net/truyen/trong-sinh-hai-lan-sau-ta-xuyen-ve-trong-XUFe1lS4CHm_Hlp6
Vạn người ngại trọng sinh thành vạn nhân mê thụy thú,Trác Mễ,"Nguyên sang , Đam mỹ , Hiện đại , HE , Tình cảm , Báo thù , Ngọt văn , Trọng sinh , Chủ thụ , Duyên trời tác hợp , Kim bài đề cử 🥇 , Ngược tra , Vả mặt , 1v1 , Main là động vật , Manh sủng",Hoàn thành,522947,6275,147,1668,https://wikicv.net/truyen/van-nguoi-ngai-trong-sinh-thanh-van-nhan-Yz6inFS4CBpfTDWO
Trọng sinh chi con vợ lẽ vi tôn,Tử Sắc Mộc Ốc,"Nguyên sang , Đam mỹ , Cổ đại , HE , Tình cảm , Báo thù , Trọng sinh , Cung đấu , Cường cường , Chủ thụ , Cung đình hầu tước , Liên Thành 3 sao , 1v1",Hoàn thành,521579,1124,38,388,https://wikicv.net/truyen/trong-sinh-chi-con-vo-le-vi-ton-WL4pJXCVfFXndOC%7E
"Đại lão, đói đói, cơm cơm [ xuyên nhanh ] / Xuyên thành nhãi con sau bị đại lão đuổi theo uy cơm [ chậm xuyên ]",Xuân Sơn Do Chi,"Nguyên sang , Đam mỹ , Hiện đại , HE , Tình cảm , Làm ruộng , Xuyên việt , Hệ thống , Xuyên nhanh , Chủ thụ , Kim bài đề cử 🥇 , 1v1 , Xuyên chậm",Hoàn thành,519136,13639,66,2457,https://wikicv.net/truyen/dai-lao-doi-doi-com-com-xuyen-nhanh-xuye-YWinEVS4CGUAR%7EPs
Dị thế tiểu nhật tử ( Chủ công ),Mị Cốt,"Nguyên sang , Đam mỹ , Cổ đại , HE , Tình cảm , Làm ruộng , Dị thế , Xuyên việt , Sinh con , Làm giàu , Chủ công , Nam nam thế giới , Liên Thành 3 sao , 1v1",Hoàn thành,518254,2278,62,559,https://wikicv.net/truyen/di-the-tieu-nhat-tu-chu-cong-W7JpDlS4CFFST4QL
Trọng sinh chi làm bé ngoan,Kim Sinh Duyên Thiển,"Nguyên sang , Đam mỹ , Hiện đại , HE , Tình cảm , Trọng sinh , Hào môn thế gia , Cẩu huyết , Chủ thụ , 1v1",Hoàn thành,515562,2182,87,579,https://wikicv.net/truyen/trong-sinh-chi-lam-be-ngoan-XBjYilS4CFhVOtwc
[ Hệ thống ] Dị giới chi thực linh sư,Túy Nhiễm Khinh Ca,"Nguyên sang , Đam mỹ , Cổ đại , HE , Huyền huyễn , Dị thế , Tu chân , Xuyên việt , Hệ thống , Thăng cấp lưu , Chủ thụ , Sảng văn , Kim bài đề cử 🥇",Hoàn thành,515220,1837,38,545,https://wikicv.net/truyen/he-thong-di-gioi-chi-thuc-linh-su-WCrtZ3CVfFcWwz78
"Lăn, lão tử không cần ngươi nữa",Diệp Ức Lạc,"Nguyên sang , Đam mỹ , Hiện đại , HE , Tình cảm , Trọng sinh , Sinh con , Hào môn thế gia , Cẩu huyết , Ngược văn , Gương vỡ lại lành , Vườn trường , Chủ thụ , Nhiều CP , Tra công tiện thụ , Tiểu bạch văn , Ngược tra , 1v1",Hoàn thành,514866,1122,45,166,https://wikicv.net/truyen/lan-lao-tu-khong-can-nguoi-nua-WjSOdDu26yiHb2xX
Xuyên nhanh: Yêu thầm chỉ nam,Phong Lưu Thư Ngốc,"Nguyên sang , Đam mỹ , Tương lai , HE , Tình cảm , Hệ thống , Xuyên nhanh , Chủ thụ , Nhẹ nhàng , Kim bài đề cử 🥇 , Kim Bảng 🏆 , 1v1 , Thị giác nam chủ , Nam phụ",Hoàn thành,514119,7781,653,2962,https://wikicv.net/truyen/xuyen-nhanh-yeu-tham-chi-nam-Yrus9VS4CC%7EIVhln
Sa điêu pháo hôi tự cứu chỉ nam / Xuyên thành vai ác pháo hôi nam thê,La Bặc Hoa Thỏ Tử,"Nguyên sang , Đam mỹ , Hiện đại , HE , Tình cảm , Ngọt văn , Xuyên thư , Sinh con , Hào môn thế gia , Chủ thụ , Pháo hôi , Kim bài đề cử 🥇 , Vả mặt , 1v1",Hoàn thành,512024,9865,473,3364,https://wikicv.net/truyen/sa-dieu-phao-hoi-tu-cuu-chi-nam-xuyen-th-YWtwOVS4CCu65Jqn
Tinh tế chi nguyên soái phu nhân,Thủy Tinh Quả Quả,"Nguyên sang , Đam mỹ , Tương lai , HE , Tình cảm , Huyền huyễn , Báo thù , Tu chân , Xuyên việt , Ngọt văn , Trọng sinh , Sinh con , Tinh tế , Thăng cấp lưu , Chủ thụ , Nhẹ nhàng , Kiếp trước kiếp này , Thiên chi kiêu tử , Ngược tra , 1v1",Hoàn thành,511648,403,33,99,https://wikicv.net/truyen/tinh-te-chi-nguyen-soai-phu-nhan-W7OWhFS4CF_EtNeI
Sau khi xuyên thành xấu nam hắn bị bạo quân quấn lên,Thả Phất,"Nguyên sang , Đam mỹ , Cổ đại , HE , Tình cảm , Xuyên việt , Ngọt văn , Xuyên thư , Song hướng yêu thầm , Chủ thụ , Nhẹ nhàng , Pháo hôi , Kim bài đề cử 🥇 , 1v1",Hoàn thành,511139,5188,294,1907,https://wikicv.net/truyen/sau-khi-xuyen-thanh-xau-nam-han-bi-bao-q-XN5oXFS4CHiyam1F
Ta trong ngoài không đồng nhất tại tuyến lật xe [ xuyên thư ],Cung Thanh Hãn,"Nguyên sang , Đam mỹ , Hiện đại , HE , Tình cảm , Ngọt văn , Hệ thống , Xuyên thư , Hào môn thế gia , Cường cường , Chủ thụ , Sảng văn , Nhẹ nhàng , Đô thị tình duyên , Bình bộ thanh vân , Cận thủy lâu đài , Ấm áp , Duyên trời tác hợp , Xuyên thành vai ác , 1v1 , Chữa lành , Kỹ thuật lưu",Hoàn thành,509425,11615,328,3432,https://wikicv.net/truyen/ta-trong-ngoai-khong-dong-nhat-tai-tuyen-YFen_VS4CFtb1ulP
Đinh Điền cổ đại sinh hoạt,Sơ Vẫn Giang Hồ,"Nguyên sang , Đam mỹ , Cổ đại , HE , Tình cảm , Làm ruộng , Quan trường , Xuyên việt , Phá án , Chủ thụ , Cung đình hầu tước , Liên Thành 3 sao , 1v1",Hoàn thành,508086,4779,82,1178,https://wikicv.net/truyen/dinh-dien-co-dai-sinh-hoat-XX%7EIJ1S4CDQ%7Es2Hb
Đại sư huynh mất trí nhớ về sau,Phú Dư,"Nguyên sang , Đam mỹ , Cổ đại , HE , Tình cảm , Tiên hiệp , Tu chân , Xuyên việt , Trọng sinh , Ngược văn , Gương vỡ lại lành , Cường cường , Chủ thụ , Nhiều CP , Duyên trời tác hợp , 1v1 , Song trọng sinh",Hoàn thành,507711,6207,570,1861,https://wikicv.net/truyen/dai-su-huynh-mat-tri-nho-ve-sau-YHzZeFS4CEj9YP9b
Vạn nhân mê vai ác hôm nay OOC sao,Tẩy Y Phấn,"Diễn sinh , Đam mỹ , Cổ đại , Hiện đại , HE , Tình cảm , Manga anime , Ngọt văn , Hệ thống , Xuyên nhanh , Thần thoại , Vị diện , Chủ thụ , Sảng văn , Tây Du , Hoàng tử Tennis , Xuyên thành vai ác , Linh dị thần quái , Touken Ranbu , Bungo Stray Dogs , Kuroko no basket , Jack Sue , Conan , Tra thụ , Hải vương , Inuyasha",Hoàn thành,506821,8573,483,3346,https://wikicv.net/truyen/van-nhan-me-vai-ac-hom-nay-ooc-sao-XquJHVS4CF8hVycp
Ổn định nổi điên / Ta ở ngược thụ văn ổn định nổi điên [ tinh tế ],Hữu Hồ Thiên Tuế,"Nguyên sang , Đam mỹ , Hiện đại , Tương lai , HE , Tình cảm , Khoa học viễn tưởng , Dị năng , Ngọt văn , Trọng sinh , Hệ thống , Xuyên thư , Tinh tế , Hào môn thế gia , Vườn trường , Cường cường , Chủ thụ , Sảng văn , Hài hước , Phát sóng trực tiếp , Kim bài đề cử 🥇 , Kim Bảng 🏆 , Vả mặt , 1v1 , Mỹ công",Hoàn thành,506740,12110,480,3640,https://wikicv.net/truyen/on-dinh-noi-dien-ta-o-nguoc-thu-van-on-d-ZONSb1S4CC2yZobk
Tiểu ngốc tử cũng có thể bị hào môn đoàn sủng sao,Thượng Thương,"Nguyên sang , Đam mỹ , Hiện đại , HE , Tình cảm , Ngọt văn , Xuyên thư , Hào môn thế gia , Chủ thụ , Thiên chi kiêu tử , 1v1",Hoàn thành,502312,5216,31,1629,https://wikicv.net/truyen/tieu-ngoc-tu-cung-co-the-bi-hao-mon-doan-ZAt4_1S4CGsYU5Hf
Bị bắt cho hắn sinh nhi tử về sau,Tây Đích Nhất Qua,"Nguyên sang , Đam mỹ , Hiện đại , HE , Tình cảm , Sinh con , 1v1",Hoàn thành,498823,670,42,121,https://wikicv.net/truyen/bi-bat-cho-han-sinh-nhi-tu-ve-sau-X7XFe1S4CFP_raxX
Có vị giai nhân [ cổ xuyên kim ],Nhập Loạn,"Nguyên sang , Đam mỹ , Hiện đại , HE , Tình cảm , Ngọt văn , Cổ xuyên kim , Niên thượng , Cưới trước yêu sau , Chủ thụ , Sảng văn , Nhẹ nhàng , Ấm áp , Kim bài đề cử 🥇 , Vả mặt , 1v1 , Vạn nhân mê",Hoàn thành,497164,6991,365,2865,https://wikicv.net/truyen/co-vi-giai-nhan-co-xuyen-kim-YDbDNFS4CEibjrUd
Trọng sinh chi cùng đỉnh cấp hào môn liên hôn,Yên Liễu Nhược Vân,"Nguyên sang , Đam mỹ , Tương lai , HE , Tình cảm , Báo thù , Ngọt văn , Trọng sinh , Song khiết 🕊️ , Sinh con , Tinh tế , Hào môn thế gia , Giới giải trí , Cường cường , Chủ thụ , Sảng văn , Nhẹ nhàng , Kiếp trước kiếp này , Ấm áp , Duyên trời tác hợp , Ngược tra , 1v1",Hoàn thành,494087,2259,82,1064,https://wikicv.net/truyen/trong-sinh-chi-cung-dinh-cap-hao-mon-lie-XRg67DzLcnZ3AOq9
Xinh đẹp xã khủng xuyên thành vạn người ngại sau,Tinh Đàm,"Nguyên sang , Đam mỹ , Hiện đại , HE , Tình cảm , Võng du , Xuyên thư , Giới giải trí , Niên thượng , Chủ thụ , Sảng văn , Hài hước , Phát sóng trực tiếp , Trò chơi , Kim bài đề cử 🥇 , 1v1 , Thật giả thiếu gia",Hoàn thành,493764,7310,364,2637,https://wikicv.net/truyen/xinh-dep-xa-khung-xuyen-thanh-van-nguoi--ZSv8qFS4CB_%7EjtfE
Bị bắt trở thành vạn nhân mê lúc sau,Âm Oa,"Nguyên sang , Đam mỹ , Cổ đại , Hiện đại , HE , Tình cảm , Xuyên việt , Xuyên nhanh , NP , Chủ thụ , Sảng văn , Thiên chi kiêu tử , Cường thủ hào đoạt , Mary Sue , Vạn nhân mê",Hoàn thành,491383,7564,491,2152,https://wikicv.net/truyen/bi-bat-tro-thanh-van-nhan-me-luc-sau-WptbAO8h7Boc1f1D
Mang theo trang viên dưỡng oa làm giàu,Công Tử Tầm Hoan,"Nguyên sang , Đam mỹ , Tương lai , HE , Tình cảm , Làm ruộng , Trọng sinh , Hệ thống , Tùy thân không gian , Sinh con , Làm giàu , Hào môn thế gia , Cẩu huyết , Chủ thụ , Kim bài đề cử 🥇 , 1v1",Hoàn thành,490379,2273,49,577,https://wikicv.net/truyen/mang-theo-trang-vien-duong-oa-lam-giau-W1vCYFS4CB2h9l6X
Bạo quân gặp gỡ cố chấp cuồng [ xuyên nhanh ],Mặc Thủy Tâm,"Nguyên sang , Đam mỹ , Cổ đại , Cận đại , Hiện đại , Tương lai , HE , Tình cảm , Huyền huyễn , Tu chân , Ngọt văn , Song khiết 🕊️ , Xuyên nhanh , Tinh tế , Song hướng yêu thầm , Chủ thụ , Sảng văn , Nhẹ nhàng , Nghịch tập , Vả mặt , 1v1",Hoàn thành,488477,7072,325,2737,https://wikicv.net/truyen/bao-quan-gap-go-co-chap-cuong-xuyen-nhan-XhfWX1S4CCs6Uq_7
Xuyên thành làm ruộng văn chú em ( xuyên nhanh ),Tả Mộc Trà Trà Quân,"Nguyên sang , Đam mỹ , Cổ đại , HE , Tình cảm , Làm ruộng , Ngọt văn , Xuyên nhanh , Xuyên thư , Chủ thụ , 1v1",Hoàn thành,487740,8455,130,2678,https://wikicv.net/truyen/xuyen-thanh-lam-ruong-van-chu-em-xuyen-n-YH3vaVS4CDACrfNe
Vai ác ái thịnh thế mỹ nhan ta đều có,Âm Oa,"Nguyên sang , Đam mỹ , Cổ đại , Hiện đại , Tương lai , HE , OE , Tình cảm , Xuyên việt , Xuyên nhanh , NP , Chủ thụ , Tiểu bạch văn , Lôi , Kim Bảng 🏆 , Cường thủ hào đoạt , Mary Sue , Vạn nhân mê , Điên phê , Bệnh kiều , Trung khuyển , Phong lưu , Chiếm hữu dục , Mỹ thụ , Tu la tràng , Cầm tù , Cưỡng chế ái",Hoàn thành,487615,6697,386,2664,https://wikicv.net/truyen/vai-ac-ai-thinh-the-my-nhan-ta-deu-co-WXXYGu8h7HBVE6ov
Xuyên thành pháo hôi minh tinh sau ta bạo hồng,Niệm Tứ,"Nguyên sang , Đam mỹ , Hiện đại , HE , Tình cảm , Ngọt văn , Song khiết 🕊️ , Xuyên thư , Giới giải trí , Cường cường , Thăng cấp lưu , Song hướng yêu thầm , Chủ thụ , Sảng văn , Nhẹ nhàng , Thiên chi kiêu tử , Cận thủy lâu đài , Pháo hôi , Duyên trời tác hợp , Kim bài đề cử 🥇 , Ngược tra , Vả mặt , 1v1",Hoàn thành,485605,6571,257,2375,https://wikicv.net/truyen/xuyen-thanh-phao-hoi-minh-tinh-sau-ta-ba-YDJ2hjzLcjoE1Tuh
"Ta, biết đoán mệnh, không dễ chọc [ xuyên thư ]",Túy Hựu Hà Phương,"Nguyên sang , Đam mỹ , Cổ đại , HE , Tình cảm , Huyền huyễn , Xuyên việt , Ngọt văn , Hệ thống , Xuyên thư , Phá án , Cường cường , Chủ thụ , Cung đình hầu tước , Sảng văn , Pháo hôi , Kim bài đề cử 🥇 , Kim Bảng 🏆 , Ngược tra , Vả mặt , 1v1",Hoàn thành,485574,5503,306,1630,https://wikicv.net/truyen/ta-biet-doan-menh-khong-de-choc-xuyen-th-XFZsh1S4CEB10ykj
Trong thôn có cái không gian nam,Thỏ Nguyệt Quan,"Nguyên sang , Đam mỹ , Cổ đại , HE , Tình cảm , Làm ruộng , Dị thế , Xuyên việt , Ngọt văn , Tùy thân không gian , Sinh con , Làm giàu , Chủ công , Sảng văn , Nhẹ nhàng , Hài hước , Ấm áp , Kim bài đề cử 🥇 , 1v1",Hoàn thành,485414,2599,49,822,https://wikicv.net/truyen/trong-thon-co-cai-khong-gian-nam-XH4as1S4CDRwaIC7
[Tinh tế] Nữ vương bá đạo nam nhân,Tử Lăng,"Nguyên sang , Đam mỹ , Tương lai , HE , Tình cảm , Khoa học viễn tưởng , Tu chân , Xuyên việt , Ngọt văn , Trọng sinh , Đổ thạch , Tinh tế , Cơ giáp , Cường cường , NP , Chủ thụ , Ngược tra , Liên Thành 3 sao",Hoàn thành,485314,1430,34,742,https://wikicv.net/truyen/tinh-te-nu-vuong-ba-dao-nam-nhan-WTOWMO8h7HpJPDD6
Xuyên hồi hoang dã đương thần côn,Hoài Nhược Cốc,"Nguyên sang , Đam mỹ , Cổ đại , HE , Tình cảm , Xây dựng , Tu chân , Xuyên việt , Chủ thụ , 1v1",Hoàn thành,482904,8939,71,651,https://wikicv.net/truyen/xuyen-hoi-hoang-da-duong-than-con-Zlc33FS4CHk4UrAL
"Ta, còn có thể cứu giúp một chút sao? [ xuyên thư ]",Sách Mã Thính Phong,"Nguyên sang , Đam mỹ , Hiện đại , HE , Tình cảm , Ngọt văn , Song khiết 🕊️ , Xuyên thư , Chủ thụ , 1v1",Hoàn thành,481666,8545,400,2180,https://wikicv.net/truyen/ta-con-co-the-cuu-giup-mot-chut-sao-xuye-X3Tls1S4CAHfcPAW
Ta mang thai hy vọng của toàn cầu,Trĩ Đường - Thúy Táo,"Nguyên sang , Đam mỹ , Tương lai , HE , Tình cảm , Xuyên việt , Thú nhân , Song khiết 🕊️ , Mỹ thực , Tinh tế , Hào môn thế gia , Chủ thụ , Nhẹ nhàng , Kim bài đề cử 🥇 , 1v1",Hoàn thành,480654,2454,90,669,https://wikicv.net/truyen/ta-mang-thai-hy-vong-cua-toan-cau-XoFW0VS4CDveoNAd
Tàn tật chiến thần gả ta làm thiếp sau,Lưu Cẩu Hoa,"Nguyên sang , Đam mỹ , Cổ đại , HE , Tình cảm , Xuyên thư , Cường cường , Cưới trước yêu sau , Chủ thụ , Cung đình hầu tước , Nhẹ nhàng , Kim bài đề cử 🥇 , 1v1",Hoàn thành,476315,6306,493,1815,https://wikicv.net/truyen/tan-tat-chien-than-ga-ta-lam-thiep-sau-YBQoslS4CCRJ%7E0pd
Xuyên nhanh: Ký chủ mỗi ngày đều ở bị công lược,Phật Hệ Lại Miêu,"Nguyên sang , Đam mỹ , Cổ đại , Hiện đại , Tương lai , HE , Tình cảm , Võ hiệp , Khoa học viễn tưởng , Mạt thế , Huyền huyễn , Võng du , Dị thế , Tu chân , Dị năng , Hệ thống , Xuyên nhanh , Hào môn thế gia , Hắc bang , Chủ thụ , Hài hước , Tam giáo cửu lưu , Trò chơi , Thế giới song song , Linh dị thần quái , 1v1",Hoàn thành,473809,2083,40,309,https://wikicv.net/truyen/xuyen-nhanh-ky-chu-moi-ngay-deu-o-bi-con-Xz1jU1S4CEVrVkj7
Bị tướng quân bắt đi lúc sau,Vọng Tam Sơn,"Nguyên sang , Đam mỹ , Cổ đại , HE , Tình cảm , Xây dựng , Xuyên việt , Hào môn thế gia , Cường cường , Chủ thụ , Cung đình hầu tước , Sảng văn , Nhẹ nhàng , Kim bài đề cử 🥇 , Kim Bảng 🏆 , 1v1 , Thị giác nam chủ",Hoàn thành,472875,9944,375,2758,https://wikicv.net/truyen/bi-tuong-quan-bat-di-luc-sau-Ykdqq1S4CCVr8yvE
Phi tù trọng sinh sau quyết định nội cuốn,Dương Sư,"Nguyên sang , Đam mỹ , Tương lai , HE , Tình cảm , Khoa học viễn tưởng , Trọng sinh , Hệ thống , Song khiết 🕊️ , Niên hạ , Cường cường , Thăng cấp lưu , Chủ thụ , Sảng văn , Trò chơi , Kim bài đề cử 🥇 , 1v1 , Thực tế ảo",Hoàn thành,472855,12962,96,870,https://wikicv.net/truyen/phi-tu-trong-sinh-sau-quyet-dinh-noi-cuo-Yuu141S4CCep48vM
Tiểu làm tinh thân hoạn bệnh nan y sau Phật hệ [ trọng sinh ],Miêu Giới Đệ Nhất Lỗ,"Nguyên sang , Đam mỹ , Hiện đại , HE , Tình cảm , Trọng sinh , Gương vỡ lại lành , Giới giải trí , Chủ thụ , Duyên trời tác hợp , Kim bài đề cử 🥇 , 1v1 , Song trọng sinh",Hoàn thành,472698,7143,228,2016,https://wikicv.net/truyen/tieu-lam-tinh-than-hoan-benh-nan-y-sau-p-YQS5dFS4CErqte3g
Tiểu báo tuyết đang ở thú thế làm ruộng,Phóng Khai Ngã Năng Cật Hoàn,"Nguyên sang , Đam mỹ , Cổ đại , HE , Tình cảm , Làm ruộng , Xây dựng , Dị thế , Xuyên việt , Ngọt văn , Thú nhân , Mỹ thực , Chủ thụ , Kim bài đề cử 🥇 , Ngân bài đề cử 🥈 , Kim Bảng 🏆 , 1v1",Hoàn thành,471943,14241,138,2857,https://wikicv.net/truyen/tieu-bao-tuyet-dang-o-thu-the-lam-ruong-YdCruVS4CEeAvZql
Ma Vương,Nguyệt Hạ Tang,"Nguyên sang , Đam mỹ , Hiện đại , HE , Tình cảm , Kinh dị , Làm ruộng , Huyền huyễn , Dị thế , Xuyên việt , Ma pháp , Dị năng , Trọng sinh , Thú nhân , Thần tiên yêu quái , Song khiết 🕊️ , Thần thoại , Hài hước",Hoàn thành,471527,5689,150,1777,https://wikicv.net/truyen/ma-vuong-V8wTrHCVfF5CEFHb
Nhân thiết sụp đổ sau vai ác suốt đêm chạy [ xuyên nhanh ],Lâm Đa Đa,"Nguyên sang , Đam mỹ , Cổ đại , Cận đại , Hiện đại , Tương lai , HE , Tình cảm , Ngọt văn , Hệ thống , Song khiết 🕊️ , Xuyên nhanh , Hào môn thế gia , Huyết tộc , Vườn trường , Dân quốc , Chủ thụ , Xuyên thành vai ác , Linh dị thần quái , 1v1 , Jack Sue , Đoàn sủng , Vạn nhân mê , Niên đại văn , Trung khuyển , Chiếm hữu dục , Mỹ thụ , Tu la tràng",Hoàn thành,470622,7749,702,3493,https://wikicv.net/truyen/nhan-thiet-sup-do-sau-vai-ac-suot-dem-ch-YSs8LlS4CCWtrWzf
Tùy thân không gian chi xuyên thành tiểu ca nhi,Vũ Trúc Đinh,"Nguyên sang , Đam mỹ , Cổ đại , HE , Tình cảm , Làm ruộng , Dị thế , Xuyên việt , Trọng sinh , Tùy thân không gian , Sinh con , Làm giàu , Niên thượng , Chủ thụ , Nhẹ nhàng , Nam nam thế giới",Hoàn thành,466672,1510,29,631,https://wikicv.net/truyen/tuy-than-khong-gian-chi-xuyen-thanh-tieu-WCVfpnCVfD8fYFTk
Quyển phu trọng lai,Hoài Nhược Cốc,"Nguyên sang , Đam mỹ , Cổ đại , HE , Tình cảm , Tiên hiệp , Báo thù , Tu chân , Ngọt văn , Trọng sinh , Sinh con , Thăng cấp lưu , Sảng văn , 1v1",Hoàn thành,465836,2326,46,653,https://wikicv.net/truyen/quyen-phu-trong-lai-Wtt1gDu26zXDMdL7
Toàn cầu tiến hóa sau ta đứng ở chuỗi đồ ăn đỉnh tầng,Thất Lưu,"Nguyên sang , Đam mỹ , Hiện đại , HE , Tình cảm , Mạt thế , Hệ thống , Cường cường , Thăng cấp lưu , Chủ thụ , Sảng văn , Kim bài đề cử 🥇 , 1v1",Hoàn thành,463190,17192,1072,5427,https://wikicv.net/truyen/toan-cau-tien-hoa-sau-ta-dung-o-chuoi-do-YJiXOVS4CFEe%7EquJ
Độc sủng xung hỉ phu lang,Tử Sắc Thâm Uyên,"Nguyên sang , Đam mỹ , Cổ đại , HE , Tình cảm , Làm ruộng , Xuyên việt , Ngọt văn , Sinh con , Chủ công",Hoàn thành,463049,3056,105,1072,https://wikicv.net/truyen/doc-sung-xung-hi-phu-lang-XV%7EEi1S4CCr7e5eK
Tu chân giới vẫn như cũ có truyền thuyết của ta,Lý Tư Nguy,"Nguyên sang , Đam mỹ , Cổ đại , HE , Tình cảm , Tiên hiệp , Huyền huyễn , Tu chân , Trọng sinh , Song khiết 🕊️ , Thăng cấp lưu , Chủ thụ , Sảng văn , Kiếp trước kiếp này , Nhiều CP , Kim bài đề cử 🥇 , Kim Bảng 🏆 , Sư đồ , Vả mặt , 1v1",Hoàn thành,459563,2978,186,1339,https://wikicv.net/truyen/tu-chan-gioi-van-nhu-cu-co-truyen-thuyet-WmNsWju262bNaZtC
Ảnh đế hắn muốn nháo ly hôn,Hủ Gia,"Nguyên sang , Đam mỹ , Hiện đại , HE , Tình cảm , Ngọt văn , Giới giải trí , Sảng văn , Đô thị tình duyên",Hoàn thành,459137,610,16,142,https://wikicv.net/truyen/anh-de-han-muon-nhao-ly-hon-X0EoyzzLciixWa4M
Phú nhị đại bị bắt từ đầu lại đến [ làm ruộng ],Ngụ Phong,"Nguyên sang , Đam mỹ , Cổ đại , HE , Tình cảm , Làm ruộng , Xuyên việt , Mỹ thực , Làm giàu , Chủ công , Nhẹ nhàng , Ấm áp , Kim bài đề cử 🥇 , 1v1 , Bình dân sinh hoạt , Chữa lành",Hoàn thành,458754,12167,306,3222,https://wikicv.net/truyen/phu-nhi-dai-bi-bat-tu-dau-lai-den-lam-ru-ZKE2d_TaEFctAhaX
Vì ngươi rễ tình đâm sâu [ xuyên nhanh ],Hồ Dương,"Nguyên sang , Đam mỹ , Hiện đại , HE , Tình cảm , Ngọt văn , Hệ thống , Xuyên nhanh , Chủ công , Nhẹ nhàng , Kim bài đề cử 🥇 , 1v1",Hoàn thành,454151,12494,541,5180,https://wikicv.net/truyen/vi-nguoi-re-tinh-dam-sau-xuyen-nhanh-YtJqcFS4CDgIth0v
Thánh Chủ Cuồng Phi,Nhan Nhược Ưu Nhã,"Nguyên sang , Đam mỹ , Cổ đại , HE , Tình cảm , Tu chân , Xuyên việt , Ngọt văn , Trọng sinh , Cường cường , Thăng cấp lưu , Chủ thụ , Sảng văn , Nhiều CP , Liên Thành 4 sao , Vả mặt , 1v1",Hoàn thành,453476,919,39,154,https://wikicv.net/truyen/thanh-chu-cuong-phi-XLURKWHe7FYh0xec
Vạn người ngại hắn tưởng khai,Thời Kim,"Nguyên sang , Đam mỹ , Hiện đại , HE , Tình cảm , Song khiết 🕊️ , Xuyên thư , Hào môn thế gia , Giới giải trí , Chủ thụ , Nhẹ nhàng , Phát sóng trực tiếp , Kim Bảng 🏆 , 1v1",Hoàn thành,453274,5343,198,2139,https://wikicv.net/truyen/van-nguoi-ngai-han-tuong-khai-Y3ewiFS4CG8OK1LB
Sau khi cùng Tà Thần kết hôn,Phù Bạch Khúc,"Nguyên sang , Đam mỹ , Hiện đại , HE , Tình cảm , Huyền huyễn , Ngọt văn , Hệ thống , Thần tiên yêu quái , Cường cường , Chủ thụ , Sảng văn , Duyên trời tác hợp , Kim bài đề cử 🥇 , Ngược tra , Linh dị thần quái , Vả mặt , 1v1",Hoàn thành,451830,8340,665,2776,https://wikicv.net/truyen/sau-khi-cung-ta-than-ket-hon-XuZ2ilS4CHaAicOx
"Thấy ta miêu sao? [ vô hạn lưu ] / Nhân loại, ngươi ở nhà sao? [ vô hạn lưu ]",Nhập Loạn,"Nguyên sang , Đam mỹ , Hiện đại , HE , Tình cảm , Trọng sinh , Hệ thống , Vô hạn lưu , Thăng cấp lưu , Chủ thụ , Sảng văn , Phát sóng trực tiếp , Trò chơi , Kim bài đề cử 🥇 , Ngân bài đề cử 🥈 , Kim Bảng 🏆 , 1v1 , Main là động vật",Hoàn thành,450818,15022,537,4881,https://wikicv.net/truyen/thay-ta-mieu-sao-vo-han-luu-nhan-loai-ng-YqrBUlS4CBxZvSXm
[ABO] Nhân ngư hãm lạc,Lân Tiềm,"Nguyên sang , Đam mỹ , Tương lai , HE , Tình cảm , Niên hạ , ABO , Gương vỡ lại lành , Cường cường , Sảng văn , Nhiều CP , Mỹ nhân ngư , 1v1",Hoàn thành,450618,2664,205,903,https://wikicv.net/truyen/abo-nhan-ngu-ham-lac-YTGLgvTaEG43O8lf
Hào môn lão nam nhân thế gả nam thê [ xuyên thư ],Hôi Kiếm Như Vũ,"Nguyên sang , Đam mỹ , Cận đại , Hiện đại , HE , Tình cảm , Xuyên việt , Ngọt văn , Song khiết 🕊️ , Xuyên thư , Sinh con , Song tính , Hào môn thế gia , Giới giải trí , Cưới trước yêu sau , Chủ thụ , Sảng văn , Nhẹ nhàng , Nhiều CP , Đô thị tình duyên , Ấm áp , Duyên trời tác hợp , 1v1",Hoàn thành,448971,2855,89,929,https://wikicv.net/truyen/hao-mon-lao-nam-nhan-the-ga-nam-the-xuye-XRQmVFS4CBcJlM34
"Tân Thời Đại, Tân Địa Phủ",Lâm Tri Lạc,"Nguyên sang , Đam mỹ , Cận đại , Hiện đại , HE , Tình cảm , Huyền huyễn , Ngọt văn , Thần tiên yêu quái , Song khiết 🕊️ , Cường cường , Niên thượng , Chủ thụ , Nhẹ nhàng , Hài hước , Đô thị tình duyên , Duyên trời tác hợp , Kim bài đề cử 🥇 , Linh dị thần quái , 1v1",Hoàn thành,448969,6597,149,1036,https://wikicv.net/truyen/tan-thoi-dai-tan-dia-phu-XOTLIju26ySl52Te
"Sinh được hào môn người thừa kế, ta bành trướng ( trọng sinh )",Quất Tử Chu,"Nguyên sang , Đam mỹ , Cận đại , Hiện đại , HE , Tình cảm , Ngọt văn , Trọng sinh , Song khiết 🕊️ , Sinh con , Hào môn thế gia , Cường cường , Chủ thụ , Sảng văn , 1v1",Hoàn thành,447501,2775,108,955,https://wikicv.net/truyen/sinh-duoc-hao-mon-nguoi-thua-ke-ta-banh--XdiZilS4CBqxVi7D
Cùng Furuya trở thành cộng sự sau,Phàm Gian Cánh Hữu Như Thử Đa Mỹ Thực,"Diễn sinh , Đam mỹ , Hiện đại , HE , Tình cảm , Manga anime , Xuyên việt , Ngọt văn , Hệ thống , Song khiết 🕊️ , Cường cường , Chủ thụ , Nhẹ nhàng , Kim bài đề cử 🥇 , Kim Bảng 🏆 , 1v1 , Conan",Hoàn thành,445908,22766,93,3942,https://wikicv.net/truyen/cung-furuya-tro-thanh-cong-su-sau-ZYksO1S4CFgXyrZg
Nô lệ câm,Khương Đường,"Nguyên sang , Đam mỹ , Cổ đại , HE , Tình cảm , Sinh con , Cẩu huyết , Ngược văn , Nhiều CP , 1v1",Hoàn thành,445075,468,19,110,https://wikicv.net/truyen/no-le-cam-XyPvcWHe7HPenoDo
Xuyên qua dị thế đương gia gia,Đại Ngũ Lang,"Nguyên sang , Đam mỹ , Cổ đại , HE , Tình cảm , Võ hiệp , Huyền huyễn , Dị thế , Tu chân , Xuyên việt , Sinh con , Chủ công , Thăng cấp lưu , Đấu khí , Nhiều CP , 1v1",Hoàn thành,442892,1586,54,469,https://wikicv.net/truyen/xuyen-qua-di-the-duong-gia-gia-XYX7TUbIjj2SfAQr
Sau khi hào môn sủng văn pháo hôi trọng sinh,Ẩm Nhĩ,"Nguyên sang , Đam mỹ , Hiện đại , HE , Tình cảm , Ngọt văn , Trọng sinh , Chủ thụ , Sảng văn , Đô thị tình duyên , Kim bài đề cử 🥇 , Ngược tra , Vả mặt , 1v1",Hoàn thành,441745,2017,178,656,https://wikicv.net/truyen/sau-khi-hao-mon-sung-van-phao-hoi-trong--XV1JXzu26zOcwQS6
Trọng sinh chi ăn chơi trác táng nghịch tập tu tiên,Tây Hồng Thị Phi Thượng Thiên,"Nguyên sang , Đam mỹ , Cổ đại , HE , Tình cảm , Báo thù , Dị thế , Tu chân , Ngọt văn , Trọng sinh , Chủ công , Nghịch tập",Hoàn thành,440894,1452,61,447,https://wikicv.net/truyen/trong-sinh-chi-an-choi-trac-tang-nghich--XWkp2zu26zgUkPG6
Pháo hôi trọng sinh sau (xuyên nhanh),Vũ Lạc Khinh Trần,"Nguyên sang , Đam mỹ , Cổ đại , HE , Tình cảm , Xuyên việt , Trọng sinh , Hệ thống , Xuyên nhanh , Cường cường , Chủ thụ , Cung đình hầu tước , Pháo hôi , Kim bài đề cử 🥇 , Kim Bảng 🏆 , Ngược tra , Vả mặt , 1v1",Hoàn thành,440645,1851,145,635,https://wikicv.net/truyen/phao-hoi-trong-sinh-sau-xuyen-nhanh-WluLLmHe7BgUWIQk
Mạt thế chi nghịch tập pháo hôi,Sướng Ái,"Nguyên sang , Đam mỹ , Hiện đại , HE , Tình cảm , Dị năng , Hệ thống , Xuyên thư , Cường cường , Chủ thụ , Sảng văn , Pháo hôi , Nghịch tập , 1v1",Hoàn thành,440004,1177,111,274,https://wikicv.net/truyen/mat-the-chi-nghich-tap-phao-hoi-XYOm2kbIjjd4DoH_
Diệp An,Lai Tự Viễn Phương,"Nguyên sang , Đam mỹ , Tương lai , HE , Tình cảm , Mạt thế , Xuyên việt , Dị năng , Chủ thụ , 1v1",Hoàn thành,439355,9930,290,2127,https://wikicv.net/truyen/diep-an-XasHgVS4CGlFB8XK
"Sẽ phá án ta, thành thế giới của quý/Ta có thể nhìn đến hung án hiện trường",Lan Lăng Tiếu Tiếu Mộng,"Nguyên sang , Đam mỹ , Hiện đại , HE , Tình cảm , Trinh thám , Dị năng , Phá án , Niên thượng , Chủ thụ , Sảng văn , Kim bài đề cử 🥇 , Kim Bảng 🏆",Hoàn thành,438561,7440,238,1607,https://wikicv.net/truyen/se-pha-an-ta-thanh-the-gioi-cua-quy-ta-c-ZTy8ulS4CEglGJJz
"Ngu đi, gia biết vẽ tranh! / Linh hồn họa sĩ tuyệt không dễ dàng go die!",Đả Cương Thi,"Nguyên sang , Đam mỹ , Tương lai , HE , Tình cảm , Khoa học viễn tưởng , Ma pháp , Dị năng , Tinh tế , Cường cường , Vô hạn lưu , Niên thượng , Chủ thụ , Sảng văn , Phát sóng trực tiếp , Trò chơi , Kim bài đề cử 🥇 , 1v1 , Chậm nhiệt",Hoàn thành,438474,14841,621,5224,https://wikicv.net/truyen/ngu-di-gia-biet-ve-tranh-linh-hon-hoa-si-X%7EnYWVS4CC9XgpCa
Vạn người ngại hắn không làm,Tây Sơn Ngư,"Nguyên sang , Đam mỹ , Hiện đại , HE , Tình cảm , Trọng sinh , Song khiết 🕊️ , Hào môn thế gia , Cường cường , Chủ thụ , Ấm áp , Ngược tra , 1v1 , Thật giả thiếu gia , Chữa lành",Hoàn thành,438342,2392,235,897,https://wikicv.net/truyen/van-nguoi-ngai-han-khong-lam-YylXhFS4CG88XH13
Xuyên qua làm ruộng chi quả phu lang,Hòa An,"Nguyên sang , Đam mỹ , Cổ đại , HE , Tình cảm , Làm ruộng , Dị thế , Xuyên việt , Sinh con , Làm giàu , Nam nam thế giới",Hoàn thành,438054,1069,59,214,https://wikicv.net/truyen/xuyen-qua-lam-ruong-chi-qua-phu-lang-WLD1DnCVfBoMqi9U
Hiền hậu khó làm,Công Tử Tầm Hoan,"Nguyên sang , Đam mỹ , Cổ đại , HE , Tình cảm , Xuyên việt , Ngọt văn , Hệ thống , Song khiết 🕊️ , Sinh con , Niên thượng , Cưới trước yêu sau , Chủ thụ , Cung đình hầu tước , Kim bài đề cử 🥇 , Kim Bảng 🏆 , 1v1",Hoàn thành,436229,7910,191,2811,https://wikicv.net/truyen/hien-hau-kho-lam-XNEw%7EGHe7HB47WJ0
Dị thế lưu đày,Dịch Nhân Bắc,"Nguyên sang , Đam mỹ , Cổ đại , HE , Tình cảm , Làm ruộng , Huyền huyễn , Dị thế , Xuyên việt , Dị năng , Thú nhân , Song khiết 🕊️ , Tùy thân không gian , Sinh con , Mỹ thực , Làm giàu , Cường cường , Y thuật , Thăng cấp lưu , Chủ thụ , Hỗ công , Nhiều CP , Hài hước , Cận thủy lâu đài , Kim bài đề cử 🥇 , Nguyên thủy",Hoàn thành,435861,8247,246,2443,https://wikicv.net/truyen/di-the-luu-day-WN53qO8h7FRawniD
Nên nhân vật bị nghi ngờ có liên quan khai quải! [ vô hạn ] / Hắn tuyệt đối là cái bug[ vô hạn ],Thập Vĩ Thỏ,"Nguyên sang , Đam mỹ , Tương lai , HE , Tình cảm , Khoa học viễn tưởng , Tinh tế , Giới giải trí , Vô hạn lưu , Chủ thụ , Sảng văn , Phát sóng trực tiếp , Kim bài đề cử 🥇 , Kim Bảng 🏆",Hoàn thành,435390,14344,544,3413,https://wikicv.net/truyen/nen-nhan-vat-bi-nghi-ngo-co-lien-quan-kh-YxBtq1S4CAhyykpk
"Phu phu đồng tâm, này lợi đoạn kim",Tả Mộc Trà Trà Quân,"Nguyên sang , Đam mỹ , Cổ đại , HE , Tình cảm , Làm ruộng , Xuyên việt , Ngọt văn , Niên hạ , Sinh con , Chủ công , Y thuật , Cưới trước yêu sau , Nhẹ nhàng , Nam nam thế giới , Ấm áp , Kim bài đề cử 🥇 , 1v1",Hoàn thành,435009,2710,92,721,https://wikicv.net/truyen/phu-phu-dong-tam-nay-loi-doan-kim-WSf9Ku8h7FG4ndvj
Ta thành ngược văn nữ chủ nàng thân ca,Lưu Cẩu Hoa,"Nguyên sang , Đam mỹ , Cổ đại , HE , Tình cảm , Trọng sinh , Cung đấu , Chủ thụ , Cung đình hầu tước , Cận thủy lâu đài , 1v1 , Nam phụ",Hoàn thành,434369,5364,271,1211,https://wikicv.net/truyen/ta-thanh-nguoc-van-nu-chu-nang-than-ca-Xzuhb1S4CC1LQT7e
Hào môn cha kế bãi lạn sau bạo hồng,Đường Tửu Nguyệt,"Nguyên sang , Đam mỹ , Hiện đại , HE , Tình cảm , Xuyên thư , Hào môn thế gia , Giới giải trí , Chủ thụ , Phát sóng trực tiếp , Kim bài đề cử 🥇",Hoàn thành,433195,6972,70,1174,https://wikicv.net/truyen/hao-mon-cha-ke-bai-lan-sau-bao-hong-ZbNSE1S4CFL0bovs
Trong thôn có cái mạt thế nam,Thỏ Nguyệt Quan,"Nguyên sang , Đam mỹ , Cổ đại , HE , Tình cảm , Làm ruộng , Xuyên việt , Dị năng , Ngọt văn , Tùy thân không gian , Làm giàu , Chủ công , Kim bài đề cử 🥇 , 1v1",Hoàn thành,432380,2240,66,709,https://wikicv.net/truyen/trong-thon-co-cai-mat-the-nam-W0tDj%7E8h7A6GfdBT
Chí tôn ngốc manh tiểu ái nhân,Cứu Vĩ Yêu Hồ,"Nguyên sang , Đam mỹ , Cổ đại , HE , Tình cảm , Võ hiệp , Tiên hiệp , Huyền huyễn , Dị thế , Tu chân , Xuyên việt , Ngọt văn , Trọng sinh , Sinh con , Chủ công , Đấu khí , Nhiều CP , Dưỡng thành , Ấm áp , Duyên trời tác hợp , Liên Thành 3 sao",Hoàn thành,431865,147,26,58,https://wikicv.net/truyen/chi-ton-ngoc-manh-tieu-ai-nhan-WDPADXCVfGbdUoDI
Phi điển hình cứu rỗi [ xuyên nhanh ],Tiểu Ngô Quân,"Nguyên sang , Đam mỹ , Hiện đại , HE , Tình cảm , Huyền huyễn , Xuyên việt , Hệ thống , Xuyên nhanh , Cường cường , Chủ thụ , Sảng văn , Nhẹ nhàng , 1v1",Hoàn thành,431190,13565,756,4984,https://wikicv.net/truyen/phi-dien-hinh-cuu-roi-xuyen-nhanh-YtJqsFS4CAXJra_%7E
Bạn trai tổng hội biến thành phim kinh dị BOSS [ Xuyên nhanh ],Tiểu Sinh Bất Tri,"Nguyên sang , Đam mỹ , Cận đại , Hiện đại , HE , Tình cảm , Kinh dị , Báo thù , Ngọt văn , Song khiết 🕊️ , Xuyên nhanh , Cẩu huyết , Cường cường , Chủ thụ , Sảng văn , Nhẹ nhàng , Kim bài đề cử 🥇 , Linh dị thần quái , 1v1",Hoàn thành,430255,5755,254,1684,https://wikicv.net/truyen/ban-trai-tong-hoi-bien-thanh-phim-kinh-d-W_ZQjVS4CDYzZ8UB
"Ta, Trụ Vương hắn đệ, lôi kéo Đạo Tổ làm sự nghiệp",Vân Tiêu YX,"Diễn sinh , Đam mỹ , Cổ đại , HE , Tình cảm , Tiên hiệp , Làm ruộng , Huyền huyễn , Tranh bá , Xây dựng , Xuyên việt , Hồng hoang , Ngọt văn , Thần tiên yêu quái , Cường cường , Chủ thụ , Cung đình hầu tước , Sảng văn , Nhẹ nhàng , Thiên chi kiêu tử , Ấm áp , Kim bài đề cử 🥇 , Kim Bảng 🏆 , Linh dị thần quái , Bảng Phong Thần , Chữa lành",Hoàn thành,429503,9938,432,3210,https://wikicv.net/truyen/ta-tru-vuong-han-de-loi-keo-dao-to-lam-s-YPfyqlS4CFUJDz%7Es
Nguyện lấy núi sông sính/ Gả cho bạo quân sau ta mỗi ngày đều tưởng thủ tiết,Phù Bạch Khúc,"Nguyên sang , Đam mỹ , Cổ đại , HE , Tình cảm , Ngọt văn , Cường cường , Chủ thụ , Cung đình hầu tước , Nhẹ nhàng , Kim bài đề cử 🥇 , Tương ái tương sát , 1v1 , Giả heo ăn hổ",Hoàn thành,428941,4575,232,1592,https://wikicv.net/truyen/nguyen-lay-nui-song-sinh-ga-cho-bao-quan-XhSZxFS4CDc5lipe
Omega ấu tể xuyên đến oa tổng bạo hỏa,Hạc An,"Nguyên sang , Đam mỹ , Hiện đại , HE , Tình cảm , Xuyên việt , Ngọt văn , Hào môn thế gia , Giới giải trí , Thanh mai trúc mã , Chủ thụ , Nhẹ nhàng , Đô thị tình duyên , Ấm áp , 1v1 , Manh bảo , Dưỡng oa , Đoàn sủng , Chữa lành",Hoàn thành,428285,4594,108,1563,https://wikicv.net/truyen/omega-au-te-xuyen-den-oa-tong-bao-hoa-ZB2XW1S4CDLo1JCo
Hào môn pháo hôi bắt đầu bão nổi,Lãnh Nhĩ,"Nguyên sang , Đam mỹ , Hiện đại , HE , Tình cảm , Trọng sinh , Song khiết 🕊️ , Hào môn thế gia , Hoan hỉ oan gia , Sảng văn , Đô thị tình duyên , Pháo hôi , Kim bài đề cử 🥇 , 1v1",Hoàn thành,427651,6053,361,1823,https://wikicv.net/truyen/hao-mon-phao-hoi-bat-dau-bao-noi-ZY74clS4CCky1mhb
Tráng phu lang nhà tú tài,Nhật Lệ Phong Hòa,"Nguyên sang , Đam mỹ , Cổ đại , HE , Tình cảm , Làm ruộng , Dị thế , Xuyên việt , Ngọt văn , Song khiết 🕊️ , Sinh con , Chủ công , Nhẹ nhàng",Hoàn thành,427485,2605,109,697,https://wikicv.net/truyen/trang-phu-lang-nha-tu-tai-XPN_qEbIjgMHm3ra
Vinh hoạch nam chủ [ xuyên nhanh ],Đống Cảm Siêu Nhân,"Nguyên sang , Đam mỹ , Cổ đại , Cận đại , Hiện đại , HE , Tình cảm , Ngọt văn , Hệ thống , Xuyên nhanh , Xuyên thư , Chủ thụ , Nhẹ nhàng",Hoàn thành,427224,6006,478,2954,https://wikicv.net/truyen/vinh-hoach-nam-chu-xuyen-nhanh-XkoKz1S4CEwq8Yss
Tra công đến chết đều cho rằng ta là bạch liên hoa [ xuyên nhanh ],Đường Vĩ Soái,"Nguyên sang , Đam mỹ , Hiện đại , HE , Tình cảm , Xuyên việt , Hệ thống , Xuyên nhanh , Hào môn thế gia , Giới giải trí , Chủ thụ , Sảng văn , Nhẹ nhàng , Tra công tiện thụ , Đô thị tình duyên , Ngược tra , Cường thủ hào đoạt , 1v1",Hoàn thành,426251,2890,343,1033,https://wikicv.net/truyen/tra-cong-den-chet-deu-cho-rang-ta-la-bac-W1VKtVS4CFy12aML
Ta dùng tiểu thuyết chinh phục toàn vũ trụ,Phong Nhập Tùng Thử,"Nguyên sang , Đam mỹ , Tương lai , HE , Tình cảm , Xuyên thư , Tinh tế , Chủ thụ , Sảng văn , Nhẹ nhàng , Hài hước , Mỹ nhân ngư , Kim bài đề cử 🥇 , Manh sủng , Viết văn , Đoàn sủng",Hoàn thành,425564,10749,230,2778,https://wikicv.net/truyen/ta-dung-tieu-thuyet-chinh-phuc-toan-vu-t-ZVi2JFS4CBTssskF
Túng túng [ Xuyên nhanh ],Phù Tô Dữ Liễu Diệp,"Nguyên sang , Đam mỹ , Cận đại , Hiện đại , Tương lai , HE , Tình cảm , Huyền huyễn , Tu chân , Xuyên việt , Ngọt văn , Hệ thống , Xuyên nhanh , Chủ thụ , Sảng văn , Nhẹ nhàng , Linh dị thần quái , 1v1",Hoàn thành,423045,8706,662,3370,https://wikicv.net/truyen/tung-tung-xuyen-nhanh-XIF9q1S4CF5MmxSm
Trọng sinh chi hắc hóa nam xứng vị hôn phu,xs Phất Lê,"Nguyên sang , Đam mỹ , Cổ đại , HE , Tình cảm , Trọng sinh , Xuyên thư , Chủ công , Phản phái xuyên việt , 1v1",Hoàn thành,422625,4928,63,1514,https://wikicv.net/truyen/trong-sinh-chi-hac-hoa-nam-xung-vi-hon-p-X9OJN1S4CDnz4LnV
Trò Chơi Đang Download,Long Thất,"Nguyên sang , Đam mỹ , Hiện đại , HE , Tình cảm , Vô hạn lưu , Trò chơi , Kim bài đề cử 🥇",Hoàn thành,422143,10263,513,3362,https://wikicv.net/truyen/tro-choi-dang-download-XA3QXlS4CEaP3BAz
Trọng sinh chi không làm cực phẩm,Ma Lạt Duẩn,"Nguyên sang , Đam mỹ , Cổ đại , HE , Tình cảm , Làm ruộng , Trọng sinh , Sinh con , Làm giàu , Chủ công , Thanh mai trúc mã , Nhẹ nhàng , Ấm áp , 1v1 , Bình dân sinh hoạt",Hoàn thành,422023,4557,130,1102,https://wikicv.net/truyen/trong-sinh-chi-khong-lam-cuc-pham-W%7EbcIFS4CDl%7E5ZPI
Dị thế chi bá ái xấu thê,Sướng Ái,"Nguyên sang , Đam mỹ , Cổ đại , HE , Tình cảm , Huyền huyễn , Báo thù , Dị thế , Ma pháp , Trọng sinh , Chủ công , Thăng cấp lưu , 1v1",Hoàn thành,421942,1023,49,321,https://wikicv.net/truyen/di-the-chi-ba-ai-xau-the-W7IMd1S4CBu2Iugc
Hào môn thật thiếu gia hắn mãn cấp đã trở lại,Thả Phất,"Nguyên sang , Đam mỹ , Hiện đại , HE , Tình cảm , Trọng sinh , Hệ thống , Xuyên thư , Hào môn thế gia , Chủ thụ , Sảng văn , Nhẹ nhàng , Kim bài đề cử 🥇 , Thật giả thiếu gia , Xuyên về thế giới cũ",Hoàn thành,421510,5018,117,1686,https://wikicv.net/truyen/hao-mon-that-thieu-gia-han-man-cap-da-tr-YNkE9FS4CGs1M0Po
Viễn cổ thánh thú ở hào môn [Xuyên thư],Thủy Sâm Sâm,"Nguyên sang , Đam mỹ , Hiện đại , HE , Tình cảm , Huyền huyễn , Huyền học , Xuyên việt , Ngọt văn , Hệ thống , Thần tiên yêu quái , Xuyên thư , Làm giàu , Chủ thụ , Sảng văn , Kim bài đề cử 🥇 , 1v1",Hoàn thành,419359,5508,155,2071,https://wikicv.net/truyen/vien-co-thanh-thu-o-hao-mon-xuyen-thu-XcmlpFS4CCZFJUZe
Sủng văn cực phẩm nam xứng trọng sinh,Thỏ Nguyệt Quan,"Nguyên sang , Đam mỹ , Hiện đại , HE , Tình cảm , Ngọt văn , Trọng sinh , Sinh con , Hào môn thế gia , Chủ thụ , Sảng văn , Pháo hôi , Kim bài đề cử 🥇 , 1v1",Hoàn thành,419158,4438,329,1152,https://wikicv.net/truyen/sung-van-cuc-pham-nam-xung-trong-sinh-YD983FS4CEjXp_yw
Quốc sư đại nhân trọng sinh hằng ngày,Giáp Tử Hợi,"Nguyên sang , Đam mỹ , Hiện đại , HE , Tình cảm , Huyền học , Xuyên việt , Trọng sinh , Song khiết 🕊️ , Phong thủy , Chủ công , Cường cường , Sảng văn , Kim bài đề cử 🥇 , Linh dị thần quái , Vả mặt , 1v1",Hoàn thành,419002,1993,120,611,https://wikicv.net/truyen/quoc-su-dai-nhan-trong-sinh-hang-ngay-WTUCou8h7F2vHZUz
Xuyên qua chi vĩnh bạn thử sinh ( dị giới -thú nhân),Sơ Vẫn Giang Hồ,"Nguyên sang , Đam mỹ , Cổ đại , HE , Tình cảm , Dị thế , Xuyên việt , Ngọt văn , Thú nhân , Sinh con , Chủ thụ , Ấm áp , Nguyên thủy",Hoàn thành,418869,961,54,536,https://wikicv.net/truyen/xuyen-qua-chi-vinh-ban-thu-sinh-di-gioi--WNI0IO8h7DukDxFT
Ấu tể bảo dưỡng hiệp hội,Tửu Hĩ,"Nguyên sang , Đam mỹ , Tương lai , HE , Tình cảm , Khoa học viễn tưởng , Xuyên việt , Dị năng , Ngọt văn , Thú nhân , Tinh tế , Chủ thụ , Ấm áp , Kim bài đề cử 🥇 , 1v1",Hoàn thành,418763,6323,148,2150,https://wikicv.net/truyen/au-te-bao-duong-hiep-hoi-WqH8vO8h7HqEc9BV
Phá thiên tà tôn,Nhan Nhược Ưu Nhã,"Nguyên sang , Đam mỹ , Cổ đại , HE , Tình cảm , Huyền huyễn , Dị thế , Xuyên việt , Ma pháp , Ngọt văn , Cường cường , Thăng cấp lưu , Cưới trước yêu sau , Chủ thụ , Cung đình hầu tước , Sảng văn , Nhiều CP , Ngược tra , Liên Thành 4 sao , 1v1",Hoàn thành,415733,930,32,323,https://wikicv.net/truyen/pha-thien-ta-ton-WG0PIHCVfHA6ReHP
Nam xứng ổn lấy thâm tình kịch bản [ xuyên nhanh ],Chúc Lân,"Nguyên sang , Đam mỹ , Hiện đại , HE , Tình cảm , Hệ thống , Song khiết 🕊️ , Xuyên nhanh , Chủ thụ , Nhẹ nhàng , Kim bài đề cử 🥇 , 1v1 , Song xuyên , Nam phụ , Chữa lành",Hoàn thành,413764,11430,311,2204,https://wikicv.net/truyen/nam-xung-on-lay-tham-tinh-kich-ban-xuyen-ZZFZ5lS4CECces2Z
Xuyên qua chi đế đô đệ nhất soái,Phong Nhã,"Nguyên sang , Đam mỹ , Cổ đại , HE , Tình cảm , Huyền huyễn , Tu chân , Xuyên việt , Hào môn thế gia , Cường cường , Thăng cấp lưu , Chủ thụ , Sảng văn , Liên Thành 4 sao , Vả mặt , 1v1",Hoàn thành,412811,793,60,28,https://wikicv.net/truyen/xuyen-qua-chi-de-do-de-nhat-soai-W2hdllS4CBk8svQz
Các nam chính vì cái gì đều dùng loại này ánh mắt xem ta [ giới giải trí ],Công Tử Vu Ca,"Nguyên sang , Đam mỹ , Hiện đại , HE , Tình cảm , Ngọt văn , Xuyên thư , Giới giải trí , Chủ thụ , Sảng văn , Kim bài đề cử 🥇 , Kim Bảng 🏆 , 1v1 , Vạn nhân mê",Hoàn thành,411786,9280,614,3849,https://wikicv.net/truyen/cac-nam-chinh-vi-cai-gi-deu-dung-loai-na-YXIkpVS4CBDpfyNp
Ta ở cổ đại mở y quán,ai Nha Nha,"Nguyên sang , Đam mỹ , Cổ đại , HE , Tình cảm , Làm ruộng , Ngọt văn , Sinh con , Chủ công , Sảng văn , Ấm áp , Kim bài đề cử 🥇 , 1v1 , Bình dân sinh hoạt",Hoàn thành,410823,5301,86,1448,https://wikicv.net/truyen/ta-o-co-dai-mo-y-quan-XnlqylS4CDErRpZJ
Bàn tay vàng dẫm mặt mạnh nhất [xuyên nhanh],Thủy Sâm Sâm,"Nguyên sang , Đam mỹ , Hiện đại , HE , Tình cảm , Mạt thế , Ngọt văn , Thú nhân , Hệ thống , Xuyên nhanh , Xuyên thư , Tinh tế , Hào môn thế gia , Giới giải trí , Chủ thụ",Hoàn thành,410761,1686,88,891,https://wikicv.net/truyen/ban-tay-vang-dam-mat-manh-nhat-xuyen-nha-WFfM53CVfCf7qt5%7E
[ABO] Ta dựa hoang dã cầu sinh phát sóng trực tiếp thịnh hành toàn tinh tế / O trang A quay ngựa sau bị hài tử cha tìm tới môn,Si Sân Bổn Chân,"Nguyên sang , Đam mỹ , Tương lai , HE , Tình cảm , Sinh tồn , Ngọt văn , Hệ thống , Song khiết 🕊️ , Sinh con , Tinh tế , ABO , Cường cường , Song hướng yêu thầm , Chủ thụ , Sảng văn , Nhẹ nhàng , Phát sóng trực tiếp , Thiên chi kiêu tử , Duyên trời tác hợp , Kim bài đề cử 🥇 , 1v1 , Bộ đội đặc chủng , Chậm nhiệt , Kỹ thuật lưu , Chức nghiệp tinh anh",Hoàn thành,410100,10047,135,2511,https://wikicv.net/truyen/abo-ta-dua-hoang-da-cau-sinh-phat-song-t-YF5P2FS4CCNAAIiQ
"Lui vòng sau, ta thành hào môn thật thiếu gia [ giới giải trí ]",Phong Đoản Đoản,"Nguyên sang , Đam mỹ , Hiện đại , HE , Tình cảm , Ngọt văn , Song khiết 🕊️ , Hào môn thế gia , Giới giải trí , Chủ thụ , Sảng văn , Nhẹ nhàng , Kim bài đề cử 🥇 , 1v1 , Thật giả thiếu gia",Hoàn thành,409680,4909,217,1664,https://wikicv.net/truyen/lui-vong-sau-ta-thanh-hao-mon-that-thieu-YBfX_1S4CBOVaHWp
Ôm lấy ta nam nhân [ Xuyên nhanh ],Hồng Yêu Yêu,"Nguyên sang , Đam mỹ , Cổ đại , Hiện đại , HE , Tình cảm , Xuyên việt , Ngọt văn , Xuyên nhanh , Xuyên thư , Chủ thụ , Sảng văn , Pháo hôi",Hoàn thành,409175,2979,178,885,https://wikicv.net/truyen/om-lay-ta-nam-nhan-xuyen-nhanh-Wr4sNu8h7AcljJvi
Xuyên Qua Thú Thế Tướng Quân Sủng Phu Chủng Điền Ký,Cấp Gia Miêu Nhất Cá,"Nguyên sang , Đam mỹ , Cổ đại , HE , Tình cảm , Làm ruộng , Xuyên việt , Ngọt văn , Thú nhân , Tùy thân không gian , Sinh con , Mỹ thực , Song tính , Chủ thụ , Nhiều CP , 1v1",Hoàn thành,409173,2095,33,333,https://wikicv.net/truyen/xuyen-qua-thu-the-tuong-quan-sung-phu-ch-XJoWkTu26wyOl7gH
[ Tổng ] Kaneki Ken Trọng Sinh,Ngư Nguy,"Diễn sinh , Đam mỹ , Hiện đại , HE , Tình cảm , Manga anime , Trọng sinh , Cường cường , Hỗ công , Hoán đổi linh hồn , Nhiều CP , Duyên trời tác hợp , Kim Bảng 🏆 , 1v1 , Tokyo Ghoul",Hoàn thành,408537,7130,110,1602,https://wikicv.net/truyen/tong-kaneki-ken-trong-sinh-WZNB%7Ee8h7EGI2YhQ
Xuyên thành vai chính tâm ma lúc sau,Trạch Đạt,"Nguyên sang , Đam mỹ , Cổ đại , HE , Tình cảm , Tiên hiệp , Tu chân , Trọng sinh , Xuyên thư , Cường cường , Hoan hỉ oan gia , Chủ thụ , Nhẹ nhàng , Duyên trời tác hợp , Kim bài đề cử 🥇 , Kim Bảng 🏆",Hoàn thành,406354,7385,383,2675,https://wikicv.net/truyen/xuyen-thanh-vai-chinh-tam-ma-luc-sau-ZTr7ZVS4CH%7Eb0h4z
Kinh tủng luyện tập sinh,Vọng Nha,"Nguyên sang , Đam mỹ , Hiện đại , HE , Tình cảm , Kinh dị , Song khiết 🕊️ , Xuyên thư , Cường cường , Vô hạn lưu , Chủ thụ , Pháo hôi , Kim bài đề cử 🥇 , Kim Bảng 🏆 , Tương ái tương sát , 1v1",Hoàn thành,405743,11574,717,3795,https://wikicv.net/truyen/kinh-tung-luyen-tap-sinh-X6m8jVS4CCdDAAPt
Trọng sinh chi biến phế thành bảo,Phong Hưởng Vân Tri Đạo,"Nguyên sang , Đam mỹ , Cổ đại , HE , Tình cảm , Làm ruộng , Dị thế , Xuyên việt , Dị năng , Trọng sinh , Sinh con , Chủ thụ",Hoàn thành,404938,557,25,293,https://wikicv.net/truyen/trong-sinh-chi-bien-phe-thanh-bao-WGJI2HCVfB7kvim_
"Ta, toàn tinh tế, nhất A Omega",Nhất Chỉ Vô Kê,"Nguyên sang , Đam mỹ , Tương lai , HE , Tình cảm , Khoa học viễn tưởng , Xuyên việt , Ngọt văn , Trọng sinh , Tinh tế , Cơ giáp , ABO , Vườn trường , Cường cường , Chủ thụ , Nhẹ nhàng , 1v1",Hoàn thành,404815,4680,187,1061,https://wikicv.net/truyen/ta-toan-tinh-te-nhat-a-omega-XofZklS4CGVEsO3T
Vai phụ quang hoàn ( xuyên thư ),Quất Tử Chu,"Nguyên sang , Đam mỹ , Cổ đại , HE , Tình cảm , Xuyên việt , Ngọt văn , Xuyên nhanh , Xuyên thư , Sinh con , Chủ thụ , Sảng văn , Pháo hôi , 1v1",Hoàn thành,404384,2953,119,951,https://wikicv.net/truyen/vai-phu-quang-hoan-xuyen-thu-XKd2pju261VRyoHl
Xuyên thư: Ốm yếu thụ ở ngược văn đương cá mặn,Đường Tửu Nguyệt,"Nguyên sang , Đam mỹ , Hiện đại , HE , Tình cảm , Xuyên thư , Hào môn thế gia , Cẩu huyết , Cường cường , Chủ thụ , Sảng văn , Khế ước tình nhân , Nhẹ nhàng , Đô thị tình duyên , 1v1 , Thị giác nam chủ , Thế thân",Hoàn thành,404206,5596,148,1043,https://wikicv.net/truyen/xuyen-thu-om-yeu-thu-o-nguoc-van-duong-c-Y4mXtlS4CBl2e8Gh
Tinh tế tiểu Trù Thần,Cứu Vĩ Yêu Hồ,"Nguyên sang , Đam mỹ , Tương lai , HE , Tình cảm , Xuyên việt , Ngọt văn , Mỹ thực , Tinh tế , Chủ thụ , Phát sóng trực tiếp , Liên Thành 3 sao , 1v1",Hoàn thành,403932,2606,85,592,https://wikicv.net/truyen/tinh-te-tieu-tru-than-XibZI1S4CCd_eWVc
Bá đạo giáo thảo cầu ta quay đầu lại,Tri Dữ Thùy Đồng,"Nguyên sang , Đam mỹ , Hiện đại , HE , Tình cảm , Gương vỡ lại lành , Vườn trường , 1v1",Hoàn thành,403345,226,25,119,https://wikicv.net/truyen/ba-dao-giao-thao-cau-ta-quay-dau-lai-YX9PLFS4CESS1rBg
Hồi thiên,Do Đại Đích Yên,"Nguyên sang , Đam mỹ , Cổ đại , Hiện đại , Tương lai , HE , Tình cảm , Tiên hiệp , Mạt thế , Tu chân , Xuyên việt , Cường cường , Kim bài đề cử 🥇",Hoàn thành,401464,5055,130,1728,https://wikicv.net/truyen/hoi-thien-WB37V3CVfFNjIVaN
Tinh tế trùng cái xuyên thành nông thôn ca nhi,Nhật Tiến Đấu Kim,"Nguyên sang , Đam mỹ , Cổ đại , HE , Tình cảm , Làm ruộng , Xuyên việt , Ngọt văn , Sinh con , Làm giàu , Cường cường , Chủ thụ , Sảng văn , Kim bài đề cử 🥇 , Kim Bảng 🏆 , Vả mặt , 1v1 , Trùng tộc",Hoàn thành,401391,3066,225,885,https://wikicv.net/truyen/tinh-te-trung-cai-xuyen-thanh-nong-thon--XOBOEDu263VhYraQ
Xuyên thành pháo hôi sau ta có thể có cái gì ý xấu,Miên Ngôn,"Nguyên sang , Đam mỹ , Hiện đại , HE , Tình cảm , Ngọt văn , Hệ thống , Xuyên thư , Thanh mai trúc mã , Chủ thụ , Xuyên thành vai ác , Kim bài đề cử 🥇 , 1v1",Hoàn thành,401050,5723,76,918,https://wikicv.net/truyen/xuyen-thanh-phao-hoi-sau-ta-co-the-co-ca-ZAHQbFS4CGAOBUrX
Xuyên nhanh: Ta bạn trai phi nhân loại,Nhất Tiết Ngẫu,"Nguyên sang , Đam mỹ , Hiện đại , HE , Tình cảm , Huyền huyễn , Ngọt văn , Hệ thống , Xuyên nhanh , Chủ thụ , Kim bài đề cử 🥇 , Linh dị thần quái , 1v1 , Thị giác nam chủ",Hoàn thành,400578,12402,176,1817,https://wikicv.net/truyen/xuyen-nhanh-ta-ban-trai-phi-nhan-loai-Y1pPSVS4CEOWr8oD
Làm vạn nhân mê trong phim kinh dị [ xuyên nhanh ],Khương Chi Ngư,"Nguyên sang , Đam mỹ , Hiện đại , HE , Tình cảm , Kinh dị , Khoa học viễn tưởng , Ngọt văn , Xuyên nhanh , Phá án , Cường cường , Vô hạn lưu , Chủ thụ , Nhẹ nhàng , Hài hước , Kim bài đề cử 🥇 , Linh dị thần quái , 1v1",Hoàn thành,399945,5116,344,1826,https://wikicv.net/truyen/lam-van-nhan-me-trong-phim-kinh-di-xuyen-W4DXmlS4CFRcAMvA
"Sa điêu lốp xe dự phòng, tại tuyến sửa mệnh!",Xuân Phong Dao,"Nguyên sang , Đam mỹ , Hiện đại , HE , Tình cảm , Hệ thống , Song khiết 🕊️ , Xuyên thư , Chủ thụ , Sảng văn , Hài hước , Kim bài đề cử 🥇 , Vả mặt , 1v1",Hoàn thành,399586,15561,494,3803,https://wikicv.net/truyen/sa-dieu-lop-xe-du-phong-tai-tuyen-sua-me-ZNBjBFS4CB07JbjE
Pháo hôi nam xứng tay xé giả thiếu gia kịch bản,Chiết Chi,"Nguyên sang , Đam mỹ , Hiện đại , HE , Tình cảm , Ngọt văn , Trọng sinh , Chủ thụ , Nhẹ nhàng , Đô thị tình duyên , Vả mặt , 1v1 , Thật giả thiếu gia",Hoàn thành,399353,2983,162,1050,https://wikicv.net/truyen/phao-hoi-nam-xung-tay-xe-gia-thieu-gia-k-YMPgVVS4CHnD%7Ekbh
Vương tọa công lược bút ký,Thiên Lạc Thủy,"Nguyên sang , Đam mỹ , Cổ đại , HE , Tình cảm , Trọng sinh , Lịch sử , Chủ thụ , Thiên chi kiêu tử , Phương Tây , Kim bài đề cử 🥇 , Kim Bảng 🏆 , 1v1",Hoàn thành,399157,8248,447,2860,https://wikicv.net/truyen/vuong-toa-cong-luoc-but-ky-WxSG%7Eu8h7Hoq6xEv
Phối ngẫu pháo hôi của nguyên soái [ xuyên thư ],Khí Chi Phần Tiêu,"Nguyên sang , Đam mỹ , Tương lai , HE , Tình cảm , Khoa học viễn tưởng , Xuyên việt , Ngọt văn , Trọng sinh , Xuyên thư , Tinh tế , Cơ giáp , Hào môn thế gia , Cường cường , Chủ thụ , Sảng văn , Nhẹ nhàng , Pháo hôi , Kim bài đề cử 🥇 , 1v1",Hoàn thành,398341,2810,57,685,https://wikicv.net/truyen/phoi-ngau-phao-hoi-cua-nguyen-soai-xuyen-XQuFHTu26w%7EhyyHt
"Ngăn cản mỹ cường thảm nam chủ 404 sau, ta bị theo dõi",Vân Phi Tà,"Nguyên sang , Đam mỹ , Hiện đại , HE , Tình cảm , Mạt thế , Hệ thống , Xuyên thư , Cường cường , Chủ thụ , Kim bài đề cử 🥇 , 1v1",Hoàn thành,396350,7410,381,2122,https://wikicv.net/truyen/ngan-can-my-cuong-tham-nam-chu-404-sau-t-YFzq1DzLciSWA%7EB5
Xinh đẹp pháo hôi [Vô hạn],Tiểu A Phân,"Nguyên sang , Đam mỹ , Hiện đại , HE , Tình cảm , Kinh dị , Hệ thống , Vô hạn lưu , Chủ thụ , Phát sóng trực tiếp , Cường thủ hào đoạt , Nhược thụ , Vạn nhân mê",Hoàn thành,395183,12730,583,4541,https://wikicv.net/truyen/xinh-dep-phao-hoi-vo-han-ZF5jWzu260ow1i1W
Ta không làm người nữa,Tửu Hĩ,"Nguyên sang , Đam mỹ , Tương lai , HE , Tình cảm , Xuyên việt , Ngọt văn , Song khiết 🕊️ , Tinh tế , Cường cường , Chủ thụ , Sảng văn , Nhẹ nhàng , Hài hước , Ấm áp , Kim bài đề cử 🥇 , 1v1 , Trùng tộc",Hoàn thành,394108,7287,366,3175,https://wikicv.net/truyen/ta-khong-lam-nguoi-nua-XPjmClS4CDctumWk
Hôn sủng chi cường thế trở về,Thang Viên Nhi,"Nguyên sang , Đam mỹ , Hiện đại , HE , Tình cảm , Làm ruộng , Ngọt văn , Song khiết 🕊️ , Sinh con , Hào môn thế gia , Cẩu huyết , Cưới trước yêu sau , Ấm áp , Liên Thành 3 sao , Vả mặt , 1v1",Hoàn thành,393006,211,50,52,https://wikicv.net/truyen/hon-sung-chi-cuong-the-tro-ve-WLriHXCVfGHMkWt0
Bọn họ không phải người! (vô hạn),Kháp Đáo Hảo Xử,"Nguyên sang , Đam mỹ , Hiện đại , HE , Tình cảm , Huyền huyễn , Hệ thống , Vô hạn lưu , Chủ thụ , Nhẹ nhàng , Kim Bảng 🏆 , Linh dị thần quái , 1v1 , Thị giác nam chủ , Vạn nhân mê",Hoàn thành,392696,9821,712,3607,https://wikicv.net/truyen/bon-ho-khong-phai-nguoi-vo-han-YY7hblS4CEmmeOEM
Ta coi các ngươi như anh em [ xuyên nhanh ],Nghênh Dương,"Nguyên sang , Đam mỹ , Cổ đại , Hiện đại , Tương lai , HE , Tình cảm , Võ hiệp , Tiên hiệp , Mạt thế , Võng du , Hệ thống , Xuyên nhanh , Giới giải trí , Vô hạn lưu , Chủ thụ , Nhẹ nhàng , Tây huyễn , Mỹ nhân ngư , Linh dị thần quái , Nam phụ",Hoàn thành,392658,4532,259,1561,https://wikicv.net/truyen/ta-coi-cac-nguoi-nhu-anh-em-xuyen-nhanh-WF_mt3CVfBditqoj
Sủy hài tử của bá tổng đi làm ruộng,Nguyệt Tịch Yên Vũ,"Nguyên sang , Đam mỹ , Hiện đại , HE , Tình cảm , Làm ruộng , Hệ thống , Sinh con , Mỹ thực , Chủ thụ , Kim bài đề cử 🥇",Hoàn thành,391691,1952,19,207,https://wikicv.net/truyen/suy-hai-tu-cua-ba-tong-di-lam-ruong-XSMouzzLchZe0F1T
Tinh tế năng nguyên sư,Hồng Dạ,"Nguyên sang , Đam mỹ , Tương lai , HE , Tình cảm , Khoa học viễn tưởng , Xuyên việt , Dị năng , Tinh tế , Cường cường , Thăng cấp lưu , Sảng văn , Hài hước , Cải trang giả dạng , Thiên chi kiêu tử , Ngân bài đề cử 🥈",Hoàn thành,390778,2840,106,864,https://wikicv.net/truyen/tinh-te-nang-nguyen-su-V_XSY3CVfBUj2k6U
Sinh đôi huynh đệ trao đổi nhân sinh [ giới giải trí ],Công Tử Vu Ca,"Nguyên sang , Đam mỹ , Hiện đại , HE , Tình cảm , Báo thù , Ngọt văn , Hào môn thế gia , ABO , Giới giải trí , Cường cường , Chủ thụ , Sảng văn , Nhiều CP , Đô thị tình duyên , Kim bài đề cử 🥇 , Ngược tra , Vả mặt , 1v1",Hoàn thành,390424,5312,461,1754,https://wikicv.net/truyen/sinh-doi-huynh-de-trao-doi-nhan-sinh-gio-X8fXMVS4CB5kIxFY
"Ta có thể làm sao bây giờ, ta lại không phải người [ xuyên nhanh ]",Phi Sắc Thế Gia,"Nguyên sang , Đam mỹ , Cổ đại , Hiện đại , Tương lai , HE , Tình cảm , Hệ thống , Song khiết 🕊️ , Xuyên nhanh , Xuyên thư , ABO , Cường cường , Chủ thụ , Nhẹ nhàng , Ấm áp , 1v1 , Chữa lành",Hoàn thành,389729,10992,710,4802,https://wikicv.net/truyen/ta-co-the-lam-sao-bay-gio-ta-lai-khong-p-YbZw%7E1S4CG0CCg8z
Mất trí nhớ sau nhiều bạn trai cũ,Thiếp Tại Sơn Dương,"Nguyên sang , Đam mỹ , Cận đại , Hiện đại , HE , Tình cảm , Kinh dị , Huyền huyễn , Dị năng , Song khiết 🕊️ , Hào môn thế gia , Chủ thụ , Sảng văn , Hắc ám , Kim bài đề cử 🥇 , Linh dị thần quái , 1v1 , Mất trí nhớ",Hoàn thành,389200,13552,203,2362,https://wikicv.net/truyen/mat-tri-nho-sau-nhieu-ban-trai-cu-YmPJEVS4CDFiUBmE
Xuyên qua chi ai nói ta là yêu diễm tiện hóa,Miêu Miêu Miêu Tựu Thị Ngã,"Nguyên sang , Đam mỹ , Cổ đại , HE , Tình cảm , Trinh thám , Xuyên việt , Song khiết 🕊️ , Phá án , Hào môn thế gia , Cẩu huyết , Cường cường , Cưới trước yêu sau , Chủ thụ , Cung đình hầu tước",Hoàn thành,389140,1608,43,450,https://wikicv.net/truyen/xuyen-qua-chi-ai-noi-ta-la-yeu-diem-tien-WmwR%7EGHe7BB1EYLx
Trời sinh phản cốt / Tinh tế đệ nhất truy nã phạm [ xuyên nhanh ],Tang Ốc,"Nguyên sang , Đam mỹ , Tương lai , HE , Tình cảm , Khoa học viễn tưởng , Xuyên việt , Xuyên nhanh , Tinh tế , Cường cường , Vô hạn lưu , Chủ thụ , Sảng văn , 1v1",Hoàn thành,388112,9876,399,3497,https://wikicv.net/truyen/troi-sinh-phan-cot-tinh-te-de-nhat-truy--Xj5lblS4CBUxJET8
Hình người máy móc [ vô hạn ]/Hình người binh khí [ vô hạn ],Húy Tật,"Nguyên sang , Đam mỹ , Tương lai , HE , Tình cảm , Kinh dị , Xuyên việt , Cường cường , Vô hạn lưu , Chủ thụ , Sảng văn , Kim bài đề cử 🥇 , Kim Bảng 🏆 , Thế giới song song , Linh dị thần quái , Vạn nhân mê",Hoàn thành,387004,11670,218,3164,https://wikicv.net/truyen/hinh-nguoi-may-moc-vo-han-hinh-nguoi-bin-YZGEWVS4CEkc4Q2p
Liên hôn sau đại lão áo choàng che không được,Đường Tam Giáp,"Nguyên sang , Đam mỹ , Hiện đại , HE , Tình cảm , Xuyên việt , Ngọt văn , Hào môn thế gia , Cường cường , Chủ thụ , Nhẹ nhàng , Đô thị tình duyên , Kim bài đề cử 🥇 , 1v1 , Thị giác nam chủ , Xuyên về thế giới cũ",Hoàn thành,386576,6126,75,1181,https://wikicv.net/truyen/lien-hon-sau-dai-lao-ao-choang-che-khong-Y4mYWlS4CBl1tEsQ
Tân nương thế gả của đại sư tử nguyên soái ( xuyên thư ),Hôi Kiếm Như Vũ,"Nguyên sang , Đam mỹ , Tương lai , HE , Tình cảm , Ngọt văn , Thú nhân , Tinh tế , ABO , Cưới trước yêu sau , Chủ thụ , 1v1",Hoàn thành,386185,4858,238,1392,https://wikicv.net/truyen/tan-nuong-the-ga-cua-dai-su-tu-nguyen-so-XtEgUzzLchNcp_ik
Ta ở cổ đại làm nghiên cứu khoa học ( hệ thống ),Tình Không Chi Hạ,"Nguyên sang , Đam mỹ , Cổ đại , HE , Tình cảm , Làm ruộng , Xuyên việt , Hệ thống , Chủ thụ , Sảng văn , Nhẹ nhàng , Kim bài đề cử 🥇 , Nghịch tập",Hoàn thành,385603,9652,139,2126,https://wikicv.net/truyen/ta-o-co-dai-lam-nghien-cuu-khoa-hoc-he-t-XkYzAFS4CGYwO4Bo
Thiên tài công lược luận [ thực tế ảo ],Lý Ôn Tửu,"Nguyên sang , Đam mỹ , Tương lai , HE , Tình cảm , Võng du , Ngọt văn , Cường cường , Chủ thụ , Sảng văn , Nhẹ nhàng , Phát sóng trực tiếp , Trò chơi , Kim bài đề cử 🥇 , Kim Bảng 🏆 , 1v1 , Thực tế ảo",Hoàn thành,385302,12346,280,4647,https://wikicv.net/truyen/thien-tai-cong-luoc-luan-thuc-te-ao-YQSW6VS4CErqte1z
Giới giải trí chi nam thần hệ thống,Đình Băng,"Nguyên sang , Đam mỹ , Hiện đại , HE , Tình cảm , Xuyên việt , Ngọt văn , Trọng sinh , Hệ thống , Song khiết 🕊️ , Giới giải trí , Cường cường , Chủ thụ , Sảng văn , Thiên chi kiêu tử , Ấm áp",Hoàn thành,384555,1777,48,645,https://wikicv.net/truyen/gioi-giai-tri-chi-nam-than-he-thong-WPw0_O8h7EMEmspy
Xuyên nhanh: Xuyên thành tra nam ta lại thành vạn nhân mê,An Mạn Mạn,"Nguyên sang , Đam mỹ , Hiện đại , HE , Tình cảm , Hệ thống , Xuyên nhanh , Hào môn thế gia , Chủ thụ , Vạn nhân mê , Tu la tràng",Còn tiếp,384038,11038,487,2834,https://wikicv.net/truyen/xuyen-nhanh-xuyen-thanh-tra-nam-ta-lai-t-ZW72rmHe7DKN0aFM
Bảy ngày bảy đêm [vô hạn lưu],Xuân Phong Dao,"Nguyên sang , Đam mỹ , Hiện đại , HE , Tình cảm , Kinh dị , Cường cường , Vô hạn lưu , Chủ thụ , Nhẹ nhàng , Hài hước , Kim bài đề cử 🥇 , Kim Bảng 🏆",Hoàn thành,384002,13895,1023,5050,https://wikicv.net/truyen/bay-ngay-bay-dem-vo-han-luu-XnQjNVS4CAnQ5AgF
Ôm sai thô chân làm sao đây?,Cứu Vĩ Yêu Hồ,"Nguyên sang , Đam mỹ , Hiện đại , HE , Tình cảm , Mạt thế , Xuyên việt , Ngọt văn , Xuyên thư , Chủ thụ , Sảng văn , Pháo hôi , Liên Thành 3 sao , 1v1",Hoàn thành,383879,1762,66,458,https://wikicv.net/truyen/om-sai-tho-chan-lam-sao-day-XXcfFzzLcgn_8ohm
Xuyên thư: Cùng hào môn bá tổng liên hôn sau ta bạo hồng,Thả Phất,"Nguyên sang , Đam mỹ , Hiện đại , HE , Tình cảm , Ngọt văn , Xuyên thư , Hào môn thế gia , Giới giải trí , Chủ thụ , Sảng văn , Phát sóng trực tiếp , Đô thị tình duyên , Kim bài đề cử 🥇 , Kim Bảng 🏆 , 1v1 , Thị giác nam chủ , Manh sủng",Hoàn thành,383669,6755,136,2003,https://wikicv.net/truyen/xuyen-thu-cung-hao-mon-ba-tong-lien-hon--YYg7JVS4CD2Jg8U1
Hồng trần một sa điêu,Xuân Phong Dao,"Nguyên sang , Đam mỹ , Tương lai , HE , Tình cảm , Hệ thống , Cường cường , Chủ thụ , Sảng văn , Kim bài đề cử 🥇 , Vả mặt , 1v1 , Xuyên về thế giới cũ",Hoàn thành,383487,10191,791,3694,https://wikicv.net/truyen/hong-tran-mot-sa-dieu-YAZ16VS4CBV%7EannH
Cách vách Tiểu Vương (thực tế ảo),Dịch Nhân Bắc,"Nguyên sang , Đam mỹ , Hiện đại , HE , Tình cảm , Võng du , Ma pháp , Trọng sinh , Niên hạ , Chủ công , Sảng văn , Nhẹ nhàng , Trò chơi , Kim bài đề cử 🥇 , Thị giác nam chủ , Thực tế ảo",Hoàn thành,383441,10708,179,2159,https://wikicv.net/truyen/cach-vach-tieu-vuong-thuc-te-ao-Ya_a1FS4CA5GtK0q
Đám vai ác trọng sinh sau đều yêu ta,Tức Mặc Dao,"Nguyên sang , Đam mỹ , Hiện đại , Tương lai , HE , Tình cảm , Xuyên việt , Ngọt văn , Trọng sinh , Hệ thống , Xuyên thư , Tinh tế , Hào môn thế gia , Chủ thụ , Sảng văn , Hài hước , Pháo hôi , Xuyên thành vai ác , Kim bài đề cử 🥇 , Kim Bảng 🏆 , 1v1",Hoàn thành,383128,3039,451,1752,https://wikicv.net/truyen/dam-vai-ac-trong-sinh-sau-deu-yeu-ta-XLSIalS4CCH0yJgi
[ Xuyên nhanh ] Chủ Thần ngàn tầng kịch bản,Cô Độc Đích Bình Tử,"Diễn sinh , Đam mỹ , Hiện đại , Tương lai , HE , Tình cảm , Manga anime , Ngọt văn , Hệ thống , Xuyên nhanh , Sinh con , Song tính , Chủ thụ , Hitman Reborn , Hoàng tử Tennis , 1v1 , Jujutsu Kaisen , Saiki , Natsume Yuujinchou",Hoàn thành,382330,7515,296,2143,https://wikicv.net/truyen/xuyen-nhanh-chu-than-ngan-tang-kich-ban-YV0GOVS4CBhdOQJD
Trọng sinh thật thiếu gia bắt đầu dưỡng sinh về sau,Thính Nguyên,"Nguyên sang , Đam mỹ , Hiện đại , HE , Tình cảm , Trọng sinh , Song khiết 🕊️ , Hào môn thế gia , Vườn trường , Cường cường , Chủ thụ , Nhẹ nhàng , Ấm áp , 1v1 , Thật giả thiếu gia",Hoàn thành,381985,6624,169,1879,https://wikicv.net/truyen/trong-sinh-that-thieu-gia-bat-dau-duong--ZkOMk1S4CBIIH9j4
Xuyên nhanh: Cứu vớt hèn mọn cố chấp nam xứng,Tiểu Sinh Bất Tri,"Nguyên sang , Đam mỹ , Hiện đại , HE , Tình cảm , Kinh dị , Trinh thám , Hệ thống , Xuyên nhanh , Xuyên thư , Phá án , Hào môn thế gia , Giới giải trí , Chủ thụ , Nhẹ nhàng , Hắc ám , Đô thị tình duyên , Nghịch tập , 1v1 , Thị giác nam chủ , Nam phụ",Tạm ngưng,381924,6880,444,2841,https://wikicv.net/truyen/xuyen-nhanh-cuu-vot-hen-mon-co-chap-nam--Yj5MG1S4CBtvLna%7E
[ Đấu La + Kiếm Tam ] Đường Độc Là Một Đôi,Từ Gia Miêu Nhĩ,"Diễn sinh , Đam mỹ , Cổ đại , HE , Tình cảm , Manga anime , Huyền huyễn , Dị thế , Xuyên việt , Ngọt văn , Trọng sinh , Hệ thống , Song khiết 🕊️ , Kiếm Tam , Cường cường , Chủ thụ , Hài hước , Ấm áp , Đấu La đại lục",Hoàn thành,381831,2574,57,527,https://wikicv.net/truyen/dau-la-kiem-tam-duong-doc-la-mot-doi-WEmNX3CVfELalGUc
Phương pháp chăn nuôi đế quốc nam thần,Cứu Vĩ Yêu Hồ,"Nguyên sang , Đam mỹ , Tương lai , HE , Tình cảm , Làm ruộng , Huyền huyễn , Xuyên việt , Ngọt văn , Thú nhân , Hệ thống , Sinh con , Mỹ thực , Tinh tế , Chủ thụ , Cung đình hầu tước , Duyên trời tác hợp , Liên Thành 3 sao , Vả mặt , 1v1",Hoàn thành,380932,683,32,325,https://wikicv.net/truyen/phuong-phap-chan-nuoi-de-quoc-nam-than-W6BPWmHe7DVjaUIL
Phong thuỷ đại sư tu tiên chỉ nam,Nam Qua Lão Yêu,"Nguyên sang , Đam mỹ , Cổ đại , HE , Tình cảm , Tiên hiệp , Huyền học , Tu chân , Xuyên việt , Phong thủy , Cường cường , Thăng cấp lưu , Chủ thụ , Kim bài đề cử 🥇",Hoàn thành,378704,2931,88,958,https://wikicv.net/truyen/phong-thuy-dai-su-tu-tien-chi-nam-Wuav02He7FjsjmoO
Phụng nhãi con thành hôn [ tinh tế ],Quỷ Bán Kinh,"Nguyên sang , Đam mỹ , Tương lai , HE , Tình cảm , Khoa học viễn tưởng , Xuyên việt , Ngọt văn , Trọng sinh , Sinh con , Tinh tế , Chủ thụ , Hài hước , Kim bài đề cử 🥇 , 1v1",Hoàn thành,378391,3019,98,1014,https://wikicv.net/truyen/phung-nhai-con-thanh-hon-tinh-te-W9SxLlS4CDkMlJ0d
Đại thiếu trở về,Quyết Tuyệt,"Nguyên sang , Đam mỹ , Hiện đại , HE , Tình cảm , Báo thù , Trọng sinh , Hào môn thế gia , Giới giải trí , Cường cường , Niên thượng , Chủ thụ , Nhẹ nhàng , Ấm áp , Kim bài đề cử 🥇 , Ngược tra , 1v1",Hoàn thành,377793,2952,151,866,https://wikicv.net/truyen/dai-thieu-tro-ve-W2Q6%7E1S4CFCReQoR
Khiếp sợ! Đã nói là tổng nghệ tuyển tú vậy mà...,Yến Bạch Bạch,"Nguyên sang , Đam mỹ , Tương lai , HE , Tình cảm , Giới giải trí , Cường cường , Vô hạn lưu , Chủ thụ , Sảng văn , Nhẹ nhàng , Kim bài đề cử 🥇",Hoàn thành,376886,8043,170,2328,https://wikicv.net/truyen/khiep-so-da-noi-la-tong-nghe-tuyen-tu-va-XRoXImHe7FjH15Ea
Không xuất bản nữa bạch nguyệt quang [ xuyên nhanh ],Khứ Bồng Hao,"Nguyên sang , Đam mỹ , Cổ đại , OE , Tình cảm , Huyền huyễn , Xuyên việt , Hệ thống , Xuyên nhanh , Chủ thụ , Nhẹ nhàng , Pháo hôi , Kim Bảng 🏆 , Bạch nguyệt quang , Vạn nhân mê , Xuyên chậm",Hoàn thành,375552,8524,683,1977,https://wikicv.net/truyen/khong-xuat-ban-nua-bach-nguyet-quang-xuy-ZN0FOFS4CGTDrSqG
Dị thế tùy thân khoa học kỹ thuật thành,Thổ Đậu Ngư Nhi,"Nguyên sang , Đam mỹ , Cổ đại , HE , Tình cảm , Dị thế , Xuyên việt , Hệ thống , Song khiết 🕊️ , Tùy thân không gian , Chủ công , Thăng cấp lưu , Sảng văn , Pháo hôi , 1v1",Hoàn thành,375404,6973,121,1230,https://wikicv.net/truyen/di-the-tuy-than-khoa-hoc-ky-thuat-thanh-X1Rig1S4CG6I0p4k
Kỳ thực ta cũng có ngoại quải,Doãn Gia,"Nguyên sang , Đam mỹ , Cổ đại , HE , Tình cảm , Huyền huyễn , Dị thế , Xuyên việt , Ma pháp , Song khiết 🕊️ , Chủ thụ , Tây huyễn , Phản phái trọng sinh , Liên Thành 4 sao",Hoàn thành,375309,8009,129,1893,https://wikicv.net/truyen/ky-thuc-ta-cung-co-ngoai-quai-WLRAeXCVfBJjfN5Z
Hồi đương 1988,Ái Khán Thiên,"Nguyên sang , Đam mỹ , Cận đại , Hiện đại , HE , Tình cảm , Ngọt văn , Trọng sinh , Song khiết 🕊️ , Làm giàu , Thanh mai trúc mã , Chủ thụ , Sảng văn , Nhẹ nhàng , Kiếp trước kiếp này , Dưỡng thành , Kim bài đề cử 🥇 , Kim Bảng 🏆 , 1v1",Hoàn thành,374734,4721,194,1462,https://wikicv.net/truyen/hoi-duong-1988-XF2l%7ElS4CEbZ9C2X
Xuyên nhanh chi đăng cao lâm hạ,Giáp Tử Hợi,"Nguyên sang , Đam mỹ , Cổ đại , Hiện đại , Tương lai , HE , Tình cảm , Tu chân , Thú nhân , Song khiết 🕊️ , Xuyên nhanh , Tinh tế , Chủ công , Sảng văn , Pháo hôi , Duyên trời tác hợp , 1v1",Hoàn thành,373160,7792,375,2556,https://wikicv.net/truyen/xuyen-nhanh-chi-dang-cao-lam-ha-X5qUClS4CFW%7EycBy
Hắn ở trộm học tập lạp [ xuyên thư ],Lộ Quy Đồ,"Nguyên sang , Đam mỹ , Hiện đại , HE , Tình cảm , Ngọt văn , Xuyên thư , Vườn trường , Chủ thụ , Sảng văn , Nhẹ nhàng , Pháo hôi , Kim bài đề cử 🥇 , 1v1 , Học bá",Hoàn thành,372988,12134,488,3579,https://wikicv.net/truyen/han-o-trom-hoc-tap-lap-xuyen-thu-YL72HFS4CFmjvc2P
Hắc lịch sử quá nhiều bị tìm tới cửa làm sao bây giờ?,Tam Thiên Thế,"Diễn sinh , Đam mỹ , Hiện đại , HE , Tình cảm , Manga anime , Huyền huyễn , Xuyên việt , Hài hước , Hitman Reborn , Thiên chi kiêu tử , 1v1 , Thị giác nam chủ , Fate , Bungo Stray Dogs",Hoàn thành,372532,14130,857,4366,https://wikicv.net/truyen/hac-lich-su-qua-nhieu-bi-tim-toi-cua-lam-Xph0bjzLcj1AKd3P
Ở dị giới khai thú sủng cửa hàng nhật tử,Vận Lương Thương Thử,"Nguyên sang , Đam mỹ , Cổ đại , HE , Tình cảm , Xây dựng , Dị thế , Xuyên việt , Ma pháp , Song khiết 🕊️ , Làm giàu , Chủ thụ , Tây huyễn , Kim bài đề cử 🥇 , Ngân bài đề cử 🥈 , Kim Bảng 🏆 , 1v1 , Manh sủng , Ngự thú , Chậm nhiệt",Hoàn thành,370784,8167,104,938,https://wikicv.net/truyen/o-di-gioi-khai-thu-sung-cua-hang-nhat-tu-YxrxflS4CCTky5Tt
Xuyên thành quả phu lang lúc sau,Nhất Xuân,"Nguyên sang , Đam mỹ , Cổ đại , HE , Tình cảm , Làm ruộng , Quan trường , Xuyên việt , Ngọt văn , Chủ thụ , Nhẹ nhàng , Dưỡng thành , Cận thủy lâu đài , 1v1 , Thị giác nam chủ",Hoàn thành,370706,6601,147,1444,https://wikicv.net/truyen/xuyen-thanh-qua-phu-lang-luc-sau-YpW1KFS4CHfZC5Re
Vai ác tùy ý làm bậy [ xuyên nhanh ],Tiểu Ngô Quân,"Nguyên sang , Đam mỹ , Cận đại , Hiện đại , HE , Tình cảm , Ngọt văn , Hệ thống , Xuyên nhanh , Xuyên thư , Chủ thụ , Sảng văn , Nhẹ nhàng , Duyên trời tác hợp , 1v1",Hoàn thành,370445,9219,425,3139,https://wikicv.net/truyen/vai-ac-tuy-y-lam-bay-xuyen-nhanh-YODSzlS4CENQb8n5
Mang theo đào bảo hỗn dị thế,Diệp Ức Lạc,"Nguyên sang , Đam mỹ , Cổ đại , Hiện đại , Tương lai , HE , Tình cảm , Khoa học viễn tưởng , Huyền huyễn , Dị thế , Thú nhân , Hệ thống , Sinh con , Chủ công , Vị diện , Liên Thành 3 sao , 1v1",Hoàn thành,369839,2107,52,643,https://wikicv.net/truyen/mang-theo-dao-bao-hon-di-the-Wls7Uju26zOq_9cM
Dị thế chi phong vũ đồng châu,Ngoan Cố Đích Kim Ngưu,"Nguyên sang , Đam mỹ , Cổ đại , HE , Tình cảm , Làm ruộng , Huyền huyễn , Dị thế , Xuyên việt , Ma pháp , Sinh con , Đấu khí , Nam nam thế giới , Vả mặt , Song xuyên",Hoàn thành,369692,1389,79,143,https://wikicv.net/truyen/di-the-chi-phong-vu-dong-chau-WsNtXe8h7DKXwK08
﻿ Toàn giới giải trí nghe ta nổi điên,Xu Kha,"Nguyên sang , Đam mỹ , Hiện đại , HE , Tình cảm , Xuyên thư , Giới giải trí , Chủ thụ , Hài hước , Pháo hôi , Kim bài đề cử 🥇 , 1v1 , Thật giả thiếu gia , Đọc tâm , Sa điêu , Ăn dưa văn",Hoàn thành,368696,8842,226,2715,https://wikicv.net/truyen/toan-gioi-giai-tri-nghe-ta-noi-dien-ZpmOrfTaEGQ1l2Nu
Bệnh mỹ nhân từ bỏ giãy giụa [ trọng sinh ],Tiêu Thất Lục Đề,"Nguyên sang , Đam mỹ , Hiện đại , HE , Tình cảm , Ngọt văn , Trọng sinh , Vườn trường , Chủ thụ , Sảng văn , Kim Bảng 🏆 , 1v1 , Song trọng sinh",Hoàn thành,368518,5967,305,1608,https://wikicv.net/truyen/benh-my-nhan-tu-bo-giay-giua-trong-sinh-YVPISVS4CB0P4Nxs
Cùng Phong Đô Đại Đế thành hôn sau ta đỏ,Nam Hoài Chi,"Nguyên sang , Đam mỹ , Hiện đại , HE , Tình cảm , Huyền huyễn , Huyền học , Ngọt văn , Giới giải trí , Chủ thụ , Nhẹ nhàng , Phát sóng trực tiếp , Kim bài đề cử 🥇 , Linh dị thần quái , 1v1",Hoàn thành,368444,4801,121,886,https://wikicv.net/truyen/cung-phong-do-dai-de-thanh-hon-sau-ta-do-Y4ma1lS4CBl3tFVh
Trọng sinh dị thế tu tiên ký,Vô Gian Thiên Vũ,"Nguyên sang , Đam mỹ , Cổ đại , HE , Tình cảm , Tiên hiệp , Huyền huyễn , Dị thế , Tu chân , Trọng sinh , Xuyên thư , Pháo hôi , 1v1",Hoàn thành,368199,8341,88,2226,https://wikicv.net/truyen/trong-sinh-di-the-tu-tien-ky-ZriR2GHe7DjOMv8C
Tinh tế đệ nhất đổ thạch năng nguyên sư,Túy Nhiễm Khinh Ca,"Nguyên sang , Đam mỹ , Tương lai , HE , Tình cảm , Dị năng , Ngọt văn , Đổ thạch , Tinh tế , Chủ thụ , Sảng văn , Nhẹ nhàng , Kim bài đề cử 🥇 , 1v1",Hoàn thành,366929,2229,59,509,https://wikicv.net/truyen/tinh-te-de-nhat-do-thach-nang-nguyen-su-WqJLku8h7Eo9eUL8
Không giống nhau quy tắc quái đàm [ vô hạn ],Vụ Hào,"Nguyên sang , Đam mỹ , Tương lai , HE , Tình cảm , Kinh dị , Hệ thống , Vô hạn lưu , Thăng cấp lưu , Chủ thụ , Nhẹ nhàng , Phát sóng trực tiếp , Kim Bảng 🏆 , Linh dị thần quái , Vả mặt",Hoàn thành,366370,13524,53,887,https://wikicv.net/truyen/khong-giong-nhau-quy-tac-quai-dam-vo-han-ZIpmMlS4CGfgQmOc
Tinh tế chi cưới thiếu soái làm vợ,Huyết Nhi,"Nguyên sang , Đam mỹ , Tương lai , HE , Tình cảm , Khoa học viễn tưởng , Xuyên việt , Tinh tế , Chủ công , ABO , Thăng cấp lưu , Sảng văn , 1v1",Hoàn thành,366121,2362,47,685,https://wikicv.net/truyen/tinh-te-chi-cuoi-thieu-soai-lam-vo-XYMELGHe7CsrMWdu
Hào môn lão nam nhân xung hỉ nam thê ( xuyên thư ),Hôi Kiếm Như Vũ,"Nguyên sang , Đam mỹ , Hiện đại , HE , Tình cảm , Ngọt văn , Song khiết 🕊️ , Xuyên thư , Sinh con , Hào môn thế gia , Giới giải trí , 1v1",Hoàn thành,364945,2260,70,756,https://wikicv.net/truyen/hao-mon-lao-nam-nhan-xung-hi-nam-the-xuy-Xkv9fkbIjnqSYKV2
Lạc Trì,Dư Trình,"Nguyên sang , Đam mỹ , Hiện đại , HE , Tình cảm , Cẩu huyết , Ngược văn , Gương vỡ lại lành , Giới giải trí , Vườn trường , Niên thượng , Chủ thụ , 1v1",Hoàn thành,363705,407,43,136,https://wikicv.net/truyen/lac-tri-XEw5YkbIjlyMXxaK
Ma Tôn hắn nhớ mãi không quên,Mặc Tây Kha,"Nguyên sang , Đam mỹ , Cổ đại , HE , Tình cảm , Tiên hiệp , Tu chân , Niên hạ , Xuyên thư , Chủ thụ , Pháo hôi , Kim bài đề cử 🥇 , 1v1",Hoàn thành,363498,5543,256,2447,https://wikicv.net/truyen/ma-ton-han-nho-mai-khong-quen-YBWUOVS4CAsA9RMb
Phát sóng trực tiếp dưỡng nhãi con sau ta thành tinh tế nhà giàu số một,Mộc Lan Trúc,"Nguyên sang , Đam mỹ , Tương lai , HE , Tình cảm , Xuyên việt , Ngọt văn , Thú nhân , Hệ thống , Song khiết 🕊️ , Tinh tế , Làm giàu , Chủ thụ , Nhẹ nhàng , Hài hước , Phát sóng trực tiếp , 1v1",Hoàn thành,363092,5427,137,2517,https://wikicv.net/truyen/phat-song-truc-tiep-duong-nhai-con-sau-t-XyLUXlS4CHunry%7E7
Hệ thống bức ta đi khoe giàu,Đình Băng,"Nguyên sang , Đam mỹ , Hiện đại , HE , Tình cảm , Hệ thống , Chủ thụ , Sảng văn , Nhẹ nhàng , Vả mặt",Hoàn thành,362353,6803,70,1477,https://wikicv.net/truyen/he-thong-buc-ta-di-khoe-giau-Yw4qelS4CFXbDKgk
Cần thiết ở vai ác phá sản trước tiêu hết tiền của hắn [ xuyên thư ],Tài Ảnh,"Nguyên sang , Đam mỹ , Cận đại , Hiện đại , HE , Tình cảm , Ngọt văn , Song khiết 🕊️ , Xuyên thư , Giới giải trí , Cường cường , Chủ thụ , Sảng văn , Nhẹ nhàng , Kim bài đề cử 🥇 , 1v1",Hoàn thành,362202,4476,218,1104,https://wikicv.net/truyen/can-thiet-o-vai-ac-pha-san-truoc-tieu-he-XkYyvVS4CGYwO4Bk
[ABO] Học bá hôm nay liêu đến tiểu nãi bao sao,Lê Tô,"Nguyên sang , Đam mỹ , Hiện đại , HE , Tình cảm , Ngọt văn , Song khiết 🕊️ , Hào môn thế gia , ABO , Vườn trường , 1v1",Hoàn thành,362163,928,36,313,https://wikicv.net/truyen/abo-hoc-ba-hom-nay-lieu-den-tieu-nai-bao-Xw0pxzu261nw9VFj
Đế quốc đệ nhất sủng hôn (CVH),Lương Lạc Sanh,"Nguyên sang , Đam mỹ , Tương lai , HE , Tình cảm , Khoa học viễn tưởng , Xuyên việt , Dị năng , Trọng sinh , Song khiết 🕊️ , Tùy thân không gian , Tinh tế , Làm giàu , Cơ giáp , Hào môn thế gia , Y thuật , Cưới trước yêu sau , Chủ thụ , Cung đình hầu tước , Sảng văn , Nam nam thế giới , Thiên chi kiêu tử , Tiểu bạch văn , Liên Thành 3 sao , 1v1",Hoàn thành,361622,577,33,52,https://wikicv.net/truyen/de-quoc-de-nhat-sung-hon-cvh-Wian1%7E8h7F3zZtIx
Đọc tâm ăn đại dưa! Tu chân giới ruộng dưa đều là chồn ăn dưa,Doanh Mộng,"Nguyên sang , Đam mỹ , Cổ đại , HE , Tiên hiệp , Huyền huyễn , Ngọt văn , Song khiết 🕊️ , Xuyên thư , Chủ thụ , Nhẹ nhàng , Hài hước , Ngược tra , Vả mặt , 1v1 , Đoàn sủng , Đọc tâm",Hoàn thành,360656,8832,111,1383,https://wikicv.net/truyen/doc-tam-an-dai-dua-tu-chan-gioi-ruong-du-Zntoc1S4CEh8SR2l
Hoàn mỹ hệ thống,Đình Băng,"Nguyên sang , Đam mỹ , Hiện đại , HE , Tình cảm , Hệ thống , Song khiết 🕊️ , Sinh con , Song tính , Chủ thụ , Sảng văn , Nhẹ nhàng",Hoàn thành,360384,1429,23,374,https://wikicv.net/truyen/hoan-my-he-thong-WGxZw3CVfCLNzeWh
Đồng đội đều là tâm thần [ điện cạnh ],Hồ Sinh Hữu Mộng,"Nguyên sang , Đam mỹ , Cận đại , Hiện đại , HE , Tình cảm , Võng du , Thi đấu cạnh kỹ , Cường cường , Chủ thụ , Phát sóng trực tiếp , Trò chơi , Kim Bảng 🏆 , 1v1",Hoàn thành,360251,4650,92,989,https://wikicv.net/truyen/dong-doi-deu-la-tam-than-dien-canh-XJ3L41S4CFFV_MDo
Vực sâu cự long thức tỉnh về sau,Tang Ốc,"Nguyên sang , Đam mỹ , Tương lai , HE , Tình cảm , Huyền huyễn , Dị thế , Ngọt văn , Song khiết 🕊️ , Cường cường , Chủ thụ , Sảng văn , Nhẹ nhàng , 1v1",Hoàn thành,359269,6502,388,1991,https://wikicv.net/truyen/vuc-sau-cu-long-thuc-tinh-ve-sau-YGqNLlS4CHR3YuK%7E
Ta phu lang là ác độc nam xứng,Đoan Du,"Nguyên sang , Đam mỹ , Cổ đại , HE , Tình cảm , Làm ruộng , Quan trường , Xây dựng , Ngọt văn , Xuyên thư , Sinh con , Chủ công , Cưới trước yêu sau , Thiên chi kiêu tử , Kim Bảng 🏆 , 1v1",Hoàn thành,359191,5340,241,1870,https://wikicv.net/truyen/ta-phu-lang-la-ac-doc-nam-xung-ZxkVWzu26wbLEhCL
Cùng tra nam chia tay sau ta phất nhanh / Chia tay sau ta thành nguyên soái phu nhân,Trúc Diệc Tâm,"Nguyên sang , Đam mỹ , Tương lai , HE , Tình cảm , Xuyên việt , Tinh tế , Cơ giáp , Lính gác dẫn đường , Cường cường , Chủ thụ , Kim bài đề cử 🥇 , 1v1",Hoàn thành,356900,6529,62,939,https://wikicv.net/truyen/cung-tra-nam-chia-tay-sau-ta-phat-nhanh--YSEV4FS4CDXATEOX
Tiểu Bạch Kiểm [ Xuyên Nhanh ],Trường Sinh Thiên Diệp,"Nguyên sang , Đam mỹ , Cổ đại , Hiện đại , Tương lai , HE , Tình cảm , Huyền huyễn , Xuyên việt , Ngọt văn , Xuyên nhanh , Hào môn thế gia , Giới giải trí , Vườn trường , Cường cường , Chủ thụ , Cung đình hầu tước , Sảng văn , Nhẹ nhàng , Hài hước , Ấm áp , Duyên trời tác hợp , Mỹ nhân ngư , Kim bài đề cử 🥇 , 1v1 , Song xuyên",Hoàn thành,356701,1779,123,643,https://wikicv.net/truyen/tieu-bach-kiem-xuyen-nhanh-XFb5aju262ScF0t0
Tàn tật bạo quân lòng bàn tay cá sủng [ xuyên thư ],Tuyết Sơn Phì Hồ,"Nguyên sang , Đam mỹ , Cổ đại , HE , Tình cảm , Ngọt văn , Hệ thống , Xuyên thư , Sinh con , Chủ thụ , Cung đình hầu tước , Nhẹ nhàng , Kim bài đề cử 🥇 , 1v1",Hoàn thành,356591,4897,176,1771,https://wikicv.net/truyen/tan-tat-bao-quan-long-ban-tay-ca-sung-xu-XoFUQFS4CDveoM__
Ta từ Minh Phủ về hưu sau vào vô hạn trò chơi,Yến Tân Khách,"Nguyên sang , Đam mỹ , Hiện đại , HE , Tình cảm , Huyền học , Cường cường , Vô hạn lưu , Chủ thụ , Sảng văn , Kim bài đề cử 🥇 , Kim Bảng 🏆 , Ngược tra , Linh dị thần quái , Vả mặt , 1v1",Hoàn thành,355997,9404,626,3208,https://wikicv.net/truyen/ta-tu-minh-phu-ve-huu-sau-vao-vo-han-tro-YxzDAFS4CAd2e9Hw
"Vì bạn lữ, vai ác này cũng có thể không lo",Chiếu Dạ Hỉ,"Nguyên sang , Đam mỹ , Cổ đại , Hiện đại , Tương lai , HE , Tình cảm , Tiên hiệp , Huyền huyễn , Dị thế , Tu chân , Xuyên việt , Ma pháp , Thú nhân , Hệ thống , Song khiết 🕊️ , Tinh tế , Hào môn thế gia , Cường cường , Chủ thụ , Sảng văn , Nhẹ nhàng , Nhiều CP , Hài hước , Tây huyễn , Pháo hôi , Phương Tây , Xuyên thành vai ác , Kim bài đề cử 🥇 , Linh dị thần quái , 1v1 , Chữa lành",Hoàn thành,355702,11490,469,2434,https://wikicv.net/truyen/vi-ban-lu-vai-ac-nay-cung-co-the-khong-l-ZUPqNFS4CC5FGCdZ
Ngược văn cầu sinh trò chơi,Điêu Bảo Bảo,"Nguyên sang , Đam mỹ , Hiện đại , Tương lai , HE , Tình cảm , Hệ thống , Xuyên nhanh , Xuyên thư , Chủ công , Kim bài đề cử 🥇 , Kim Bảng 🏆 , 1v1",Hoàn thành,355396,8064,711,2675,https://wikicv.net/truyen/nguoc-van-cau-sinh-tro-choi-ZR%7EBGFS4CFpuuUFu
Thật hương [ xuyên nhanh ],Lâu Bất Nguy,"Nguyên sang , Đam mỹ , Tương lai , HE , Tình cảm , Ngọt văn , Hệ thống , Xuyên nhanh , Xuyên thư , Chủ thụ , Nhẹ nhàng , Hài hước , Pháo hôi , 1v1",Hoàn thành,354897,8895,512,2647,https://wikicv.net/truyen/that-huong-xuyen-nhanh-X6MTtVS4CGHrqK58
Bọn họ đối ta theo đuổi không bỏ [ xuyên nhanh ],Vọng Tam Sơn,"Nguyên sang , Đam mỹ , Hiện đại , HE , Tình cảm , Ngọt văn , Xuyên nhanh , Xuyên thư , Cẩu huyết , Nhẹ nhàng , Kim bài đề cử 🥇 , 1v1",Hoàn thành,354400,8498,572,3230,https://wikicv.net/truyen/bon-ho-doi-ta-theo-duoi-khong-bo-xuyen-n-YBPFb1S4CDNz_zFI
Cấm bộ oa [ vô hạn ],Xuân Phong Dao,"Nguyên sang , Đam mỹ , Hiện đại , HE , Tình cảm , Cường cường , Vô hạn lưu , Chủ thụ , Hài hước , Kim bài đề cử 🥇 , Kim Bảng 🏆 , Thế giới song song , Linh dị thần quái , 1v1",Hoàn thành,353328,11978,1158,5541,https://wikicv.net/truyen/cam-bo-oa-vo-han-YzxJMFS4CDC2wJ2z
Ngươi lại trốn thử xem,Kim Nhàn,"Nguyên sang , Đam mỹ , Hiện đại , HE , Tình cảm , Ngọt văn , Vườn trường , Thanh mai trúc mã , Song hướng yêu thầm , Chủ thụ , Nhẹ nhàng , Duyên trời tác hợp , Kim bài đề cử 🥇 , Kim Bảng 🏆 , 1v1",Hoàn thành,353006,6366,670,2795,https://wikicv.net/truyen/nguoi-lai-tron-thu-xem-YYB8WVS4CE3Icwd4
Xuyên thành yêu tinh sau tô tạc toàn thế giới [ Hệ thống ],Lão Bích,"Nguyên sang , Đam mỹ , Cổ đại , Cận đại , Hiện đại , Tương lai , HE , Tình cảm , Khoa học viễn tưởng , Huyền huyễn , Dị thế , Xuyên việt , Ma pháp , Ngọt văn , Hệ thống , Song khiết 🕊️ , Xuyên nhanh , Sinh con , Tinh tế , Cẩu huyết , Vườn trường , Chủ thụ , Nhẹ nhàng , Ấm áp , Duyên trời tác hợp , Kim bài đề cử 🥇 , Kim Bảng 🏆 , Main là động vật",Hoàn thành,352564,1754,101,662,https://wikicv.net/truyen/xuyen-thanh-yeu-tinh-sau-to-tac-toan-the-WFtEA3CVfBs_qp8C
Vạn người ngại sau khi thức tỉnh hoả táng toàn viên/Này vạn người chê ta không làm nữa,Phong Hoa Như Cố,"Nguyên sang , Đam mỹ , Hiện đại , HE , Tình cảm , Song khiết 🕊️ , Xuyên thư , Giới giải trí , Cường cường , Chủ thụ , Thanh thủy văn , Ấm áp , Kim bài đề cử 🥇 , 1v1",Hoàn thành,351180,5058,137,1092,https://wikicv.net/truyen/van-nguoi-ngai-sau-khi-thuc-tinh-hoa-tan-ZK2mxFS4CA5TQ02y
Hương khói cửa hàng tiểu lão bản,Già Phê Sắc Đích Đoàn Tử,"Nguyên sang , Đam mỹ , Hiện đại , HE , Tình cảm , Ngọt văn , Cường cường , Chủ thụ , Nhẹ nhàng , Kiếp trước kiếp này , Kim bài đề cử 🥇 , Linh dị thần quái , 1v1",Hoàn thành,350722,6375,121,1878,https://wikicv.net/truyen/huong-khoi-cua-hang-tieu-lao-ban-Xm7g31S4CFKT3Pr4
Thực lực tối thượng chủ nghĩa cá mặn,Duy Mạc Đăng Hỏa,"Diễn sinh , Đam mỹ , Hiện đại , HE , Tình cảm , Manga anime , Huyền huyễn , Xuyên việt , Dị năng , Ngọt văn , Cường cường , Chủ thụ , Sảng văn , Nhẹ nhàng , Hài hước , Thiên chi kiêu tử , Kim bài đề cử 🥇 , 1v1 , Bungo Stray Dogs , K Project , My Hero Academia",Hoàn thành,350290,7004,356,2164,https://wikicv.net/truyen/thuc-luc-toi-thuong-chu-nghia-ca-man-XhHqjVS4CCgt6zpc
Cứu vớt mỹ cường thảm nam chủ / Cứu vớt cái kia nam chủ [ xuyên nhanh ],Lâm Đa Đa,"Nguyên sang , Đam mỹ , Hiện đại , Tương lai , HE , Tình cảm , Mạt thế , Ngọt văn , Thú nhân , Hệ thống , Song khiết 🕊️ , Xuyên nhanh , ABO , Chủ thụ , Nhẹ nhàng , Mỹ nhân ngư , 1v1",Hoàn thành,349451,9483,462,2773,https://wikicv.net/truyen/cuu-vot-my-cuong-tham-nam-chu-cuu-vot-ca-Y5Mjk1S4CFVhd7RK
"Ta dựa làm ruộng, ở tinh tế cứu vớt nhân loại [ phát sóng trực tiếp ]",Thư Nhất,"Nguyên sang , Đam mỹ , Tương lai , HE , Tình cảm , Làm ruộng , Thú nhân , Mỹ thực , Chủ thụ , Nhẹ nhàng , Phát sóng trực tiếp , Kim bài đề cử 🥇 , Kim Bảng 🏆 , 1v1 , Manh sủng",Hoàn thành,348185,5925,66,1749,https://wikicv.net/truyen/ta-dua-lam-ruong-o-tinh-te-cuu-vot-nhan--ZEiJnlS4CHMzPJbj
Công cái kia pháo hôi nam xứng [ xuyên nhanh ],Quan Sơn Tuyết,"Nguyên sang , Đam mỹ , Hiện đại , HE , Tình cảm , Xuyên việt , Ngọt văn , Xuyên nhanh , Chủ công , Sảng văn , 1v1",Hoàn thành,347783,9536,404,3305,https://wikicv.net/truyen/cong-cai-kia-phao-hoi-nam-xung-xuyen-nha-YGiXIVS4CCQVGKRJ
Chí tôn cuồng phi,Vô Hoan Dã Tiếu,"Nguyên sang , Đam mỹ , Cổ đại , HE , Tình cảm , Huyền huyễn , Dị thế , Xuyên việt , Ngọt văn , Song khiết 🕊️ , Sinh con , Hào môn thế gia , Cường cường , Thăng cấp lưu , Cung đình hầu tước , Sảng văn , Kiếp trước kiếp này , Nhiều CP , Ấm áp , Duyên trời tác hợp , Nghịch tập , Vả mặt , 1v1",Hoàn thành,347404,201,17,109,https://wikicv.net/truyen/chi-ton-cuong-phi-WtQsaju26zxyNjR4
Chăn nuôi búp bê [ xuyên thư ],Đạo Trường Đan Phi,"Nguyên sang , Đam mỹ , Hiện đại , HE , Tình cảm , Xuyên việt , Hệ thống , Xuyên thư , Chủ công , Pháo hôi , 1v1 , Dưỡng oa",Hoàn thành,344910,9275,223,2786,https://wikicv.net/truyen/chan-nuoi-bup-be-xuyen-thu-Yfsc7lS4CFkXnlVI
Cái nấm nhỏ,Nhất Thập Tứ Châu,"Nguyên sang , Đam mỹ , Tương lai , HE , Tình cảm , Khoa học viễn tưởng , Mạt thế , Ngọt văn , Chủ thụ , 1v1",Hoàn thành,344413,9282,396,2738,https://wikicv.net/truyen/cai-nam-nho-XbuUblS4CDjK7dQH
Đích tử rất độc,Mê Ngu,"Nguyên sang , Đam mỹ , Cổ đại , HE , Tình cảm , Báo thù , Trọng sinh , Chủ công , Cung đấu , Trạch đấu , Cung đình hầu tước , Kim bài đề cử 🥇 , Ngược tra , Vả mặt , 1v1",Chưa xác minh,343987,1698,103,704,https://wikicv.net/truyen/dich-tu-rat-doc-WAoJwHCVfEhgYAqh
Xuyên thành bạc tình thư sinh lang,Đoan Du,"Nguyên sang , Đam mỹ , Cổ đại , HE , Tình cảm , Quan trường , Ngọt văn , Song khiết 🕊️ , Xuyên thư , Sinh con , Chủ công , Cung đình hầu tước , Nhẹ nhàng , 1v1",Hoàn thành,343346,4778,99,1432,https://wikicv.net/truyen/xuyen-thanh-bac-tinh-thu-sinh-lang-Y5MgmFS4CFViZx4u
Kiêm chức Vô Thường sau ta nổi tiếng,Lạp Miên Hoa Đường Đích Thỏ Tử,"Nguyên sang , Đam mỹ , Hiện đại , HE , Tình cảm , Huyền học , Giới giải trí , Chủ thụ , Sảng văn , Nhẹ nhàng , Hài hước , Kim bài đề cử 🥇 , Kim Bảng 🏆 , Linh dị thần quái",Hoàn thành,342667,6340,279,2387,https://wikicv.net/truyen/kiem-chuc-vo-thuong-sau-ta-noi-tieng-XmGpU1S4CHg3QP22
Phu lang tại dị thế,Hậu Lai Giả,"Nguyên sang , Đam mỹ , Cổ đại , HE , Tình cảm , Làm ruộng , Song khiết 🕊️ , Sinh con , Làm giàu , Chủ công , Sảng văn , Nhẹ nhàng , Vả mặt , 1v1 , Bình dân sinh hoạt",Hoàn thành,341652,1366,32,377,https://wikicv.net/truyen/phu-lang-tai-di-the-XO5ZuEbIjmulvfO3
Mạnh nhất nghịch tập đại thần [ mau xuyên ],Thủy Sâm Sâm,"Nguyên sang , Đam mỹ , Cổ đại , Hiện đại , Tương lai , HE , Tình cảm , Xuyên việt , Ngọt văn , Hệ thống , Song khiết 🕊️ , Xuyên nhanh , Sinh con , Cường cường , Chủ thụ , Sảng văn , Ngược tra",Hoàn thành,341319,1462,113,746,https://wikicv.net/truyen/manh-nhat-nghich-tap-dai-than-mau-xuyen-WGI5O3CVfBZkhRQx
Ngược tra nam từ giờ trở đi,Quất Miêu Ca Ca,"Nguyên sang , Đam mỹ , Hiện đại , HE , Tình cảm , Ngọt văn , Song khiết 🕊️ , Ngược văn , Đô thị tình duyên , 1v1",Hoàn thành,340945,911,35,161,https://wikicv.net/truyen/nguoc-tra-nam-tu-gio-tro-di-XysqkFS4CCIdZRL1
Ta kế thừa một viên tinh cầu [ làm ruộng ],Lê Lam Lam,"Nguyên sang , Đam mỹ , Tương lai , HE , Tình cảm , Làm ruộng , Xuyên việt , Dị năng , Ngọt văn , Thú nhân , Song khiết 🕊️ , Mỹ thực , Tinh tế , Làm giàu , Chủ thụ , Sảng văn , Nhẹ nhàng , Kim bài đề cử 🥇 , 1v1 , Nguyên thủy",Hoàn thành,339897,4587,108,1414,https://wikicv.net/truyen/ta-ke-thua-mot-vien-tinh-cau-lam-ruong-XgK421S4CH3ydw%7E1
Toàn cầu thi đại học,Mộc Tô Lí,"Nguyên sang , Đam mỹ , Hiện đại , Tương lai , HE , Tình cảm , Kinh dị , Huyền huyễn , Song khiết 🕊️ , Cường cường , Vô hạn lưu , Chủ thụ , Kim bài đề cử 🥇 , Linh dị thần quái , Tương ái tương sát",Hoàn thành,339823,5252,512,1934,https://wikicv.net/truyen/toan-cau-thi-dai-hoc-W%7EKjyVS4CDS7zefv
"Lão công, đói đói, cơm cơm [ xuyên thư ]",Lộ Quy Đồ,"Nguyên sang , Đam mỹ , Hiện đại , HE , Tình cảm , Ngọt văn , Xuyên thư , Sinh con , Chủ thụ , Nhẹ nhàng , Kim bài đề cử 🥇 , 1v1",Hoàn thành,339564,2929,75,1585,https://wikicv.net/truyen/lao-cong-doi-doi-com-com-xuyen-thu-X%7EaDc1S4CD4YrJNa
Trọng sinh thành vợ cũ của nam chính cố chấp,Trĩ Đường,"Nguyên sang , Đam mỹ , Hiện đại , HE , Tình cảm , Ngọt văn , Trọng sinh , Song khiết 🕊️ , Hào môn thế gia , Giới giải trí , Vườn trường , Chủ thụ , Kim bài đề cử 🥇 , 1v1",Hoàn thành,339056,1883,101,603,https://wikicv.net/truyen/trong-sinh-thanh-vo-cu-cua-nam-chinh-co--X5S0P1S4CCzXyEQ0
Cùng ảnh đế hiệp nghị kết hôn lúc sau,Cố Tranh,"Nguyên sang , Đam mỹ , Hiện đại , HE , Tình cảm , Ngọt văn , Giới giải trí , Chủ thụ , Sảng văn , Khế ước tình nhân , Kim bài đề cử 🥇 , 1v1",Hoàn thành,339047,9678,361,2793,https://wikicv.net/truyen/cung-anh-de-hiep-nghi-ket-hon-luc-sau-YBWUd1S4CAsA9RMf
Tiểu cục cưng ăn no sao,Phân Phân Hòa Quang,"Nguyên sang , Đam mỹ , Cổ đại , HE , Tình cảm , Xuyên việt , Ngọt văn , Song khiết 🕊️ , Hào môn thế gia , Niên thượng , Chủ thụ , Cung đình hầu tước , Nhẹ nhàng , Kim bài đề cử 🥇 , Kim Bảng 🏆 , 1v1 , Thị giác nam chủ",Hoàn thành,338763,5918,254,2279,https://wikicv.net/truyen/tieu-cuc-cung-an-no-sao-Ygj1i1S4CHVCCcTQ
Mạt thế chi ta anh đào sẽ nổ mạnh,Túy Nhiễm Khinh Ca,"Nguyên sang , Đam mỹ , Hiện đại , Tương lai , HE , Tình cảm , Mạt thế , Dị năng , Trọng sinh , Tùy thân không gian , Thăng cấp lưu , Chủ thụ , Nhẹ nhàng , Tiểu bạch văn , Lôi , Kim bài đề cử 🥇 , 1v1",Hoàn thành,338074,1210,26,410,https://wikicv.net/truyen/mat-the-chi-ta-anh-dao-se-no-manh-WmzRhGHe7GcY8BIH
Con vợ lẽ trở về,Ôn Mộ Sinh,"Nguyên sang , Đam mỹ , Cổ đại , HE , Tình cảm , Báo thù , Trọng sinh , Sinh con , Cẩu huyết , Trạch đấu , Cường cường , Chủ thụ , Bình bộ thanh vân , Kim bài đề cử 🥇 , 1v1",Hoàn thành,337033,1029,142,464,https://wikicv.net/truyen/con-vo-le-tro-ve-WCU0N3CVfDVpsY2t
Tuyệt mỹ pháo hôi không nghĩ lộ diện [ xuyên nhanh ],Nhất Bổn Chính Kinh Cô,"Nguyên sang , Đam mỹ , Cổ đại , Hiện đại , Tương lai , HE , Tình cảm , Xuyên việt , Xuyên nhanh , Chủ thụ , Sảng văn , Pháo hôi , Kim bài đề cử 🥇 , Vả mặt , 1v1 , Vạn nhân mê",Hoàn thành,335944,2517,145,864,https://wikicv.net/truyen/tuyet-my-phao-hoi-khong-nghi-lo-dien-xuy-YkTzV1S4CCOmX%7ESU
Mãn cấp các đại lão đều là ta người quen,Tô Từ Lí,"Nguyên sang , Đam mỹ , Hiện đại , HE , Tình cảm , Huyền học , Ngọt văn , Xuyên thư , Cổ xuyên kim , Hào môn thế gia , Giới giải trí , Chủ thụ , Sảng văn , Nhẹ nhàng , Đô thị tình duyên , Duyên trời tác hợp , 1v1 , Nam phụ , Đàn xuyên",Hoàn thành,335433,4484,129,1235,https://wikicv.net/truyen/man-cap-cac-dai-lao-deu-la-ta-nguoi-quen-XzVg2FS4CBUzY00d
Mạt thế trọng sinh chi pháo hôi nghịch tập,Nhữ Phu Nhân,"Nguyên sang , Đam mỹ , Hiện đại , HE , Tình cảm , Khoa học viễn tưởng , Mạt thế , Huyền huyễn , Tu chân , Xuyên việt , Dị năng , Ngọt văn , Trọng sinh , Xuyên thư , Cẩu huyết , Cường cường , Chủ thụ , Kiếp trước kiếp này , Nhiều CP , 1v1",Hoàn thành,334855,2891,164,723,https://wikicv.net/truyen/mat-the-trong-sinh-chi-phao-hoi-nghich-t-WIIm2Du26yP7Md1L
Ta đại khái suất không phải người,Thương Hải Do Lam,"Nguyên sang , Đam mỹ , Hiện đại , HE , Tình cảm , Cường cường , Chủ thụ , Sảng văn , Kim bài đề cử 🥇 , Kim Bảng 🏆 , Linh dị thần quái , 1v1",Hoàn thành,334700,9449,88,1613,https://wikicv.net/truyen/ta-dai-khai-suat-khong-phai-nguoi-YUc451S4CAUTDsZe
Trang nhân ngư giao nhân thành vạn nhân mê,Thanh Tôn,"Nguyên sang , Đam mỹ , Tương lai , HE , Tình cảm , Ngọt văn , Tinh tế , Cường cường , Chủ thụ , Mỹ nhân ngư , Kim bài đề cử 🥇 , Kim Bảng 🏆 , 1v1 , Manh sủng",Hoàn thành,334220,7151,215,2265,https://wikicv.net/truyen/trang-nhan-ngu-giao-nhan-thanh-van-nhan--YUffUFS4CFIQgJbw
Xuyên qua chi bạo lực tu tiên,Mộc Bút Tử Tịch,"Nguyên sang , Đam mỹ , Cổ đại , HE , Tình cảm , Tiên hiệp , Huyền huyễn , Tu chân , Xuyên việt , Trọng sinh , Liên Thành 3 sao , 1v1",Hoàn thành,334162,2727,23,287,https://wikicv.net/truyen/xuyen-qua-chi-bao-luc-tu-tien-Yr2ALFS4CGy185YP
Vai ác này manh phun nãi [ xuyên nhanh ],Dịch Diệp Tử,"Nguyên sang , Đam mỹ , Tương lai , HE , Tình cảm , Khoa học viễn tưởng , Xuyên việt , Ngọt văn , Hệ thống , Xuyên nhanh , Chủ thụ , Sảng văn , Xuyên thành vai ác , 1v1",Hoàn thành,333993,2791,167,1287,https://wikicv.net/truyen/vai-ac-nay-manh-phun-nai-xuyen-nhanh-Ws7puO8h7EQB6TDz
Ta ở âm dương hai giới lặp lại hoành nhảy những cái đó năm,Bán Trản Mính Hương,"Nguyên sang , Đam mỹ , Hiện đại , HE , Tình cảm , Giới giải trí , Chủ thụ , Sảng văn , Nhẹ nhàng , Linh dị thần quái , Vả mặt",Hoàn thành,333221,6647,138,1876,https://wikicv.net/truyen/ta-o-am-duong-hai-gioi-lap-lai-hoanh-nha-X4XPYVS4CEwGfTTQ
Siêu cấp đại não ( xuyên nhanh ),Mộng. Thiên Hàng,"Nguyên sang , Đam mỹ , Cổ đại , Cận đại , Hiện đại , HE , Tình cảm , Tiên hiệp , Huyền huyễn , Ngọt văn , Hệ thống , Song khiết 🕊️ , Xuyên nhanh , Cường cường , Chủ thụ , Sảng văn , Kim bài đề cử 🥇 , 1v1",Hoàn thành,332950,1762,130,639,https://wikicv.net/truyen/sieu-cap-dai-nao-xuyen-nhanh-W3DT%7ElS4CBpdBgo1
Trọng Sinh Chi Tuyệt Thế Chí Tôn,Tô Manh Manh,"Nguyên sang , Đam mỹ , Cổ đại , HE , Tình cảm , Tiên hiệp , Huyền huyễn , Tu chân , Ngọt văn , Trọng sinh , Song khiết 🕊️ , Chủ công , 1v1",Hoàn thành,332588,811,90,141,https://wikicv.net/truyen/trong-sinh-chi-tuyet-the-chi-ton-X4jZdzu260OHdih6
Đoàn sủng tiểu phượng hoàng,Lý Ôn Tửu,"Nguyên sang , Đam mỹ , Hiện đại , HE , Tình cảm , Huyền huyễn , Thần tiên yêu quái , Cổ xuyên kim , Cường cường , Chủ thụ , Thiên chi kiêu tử , Kim bài đề cử 🥇 , Linh dị thần quái , 1v1 , Manh sủng",Hoàn thành,332487,6596,77,2150,https://wikicv.net/truyen/doan-sung-tieu-phuong-hoang-YBnis1S4CBA1TCna
Tần triều tốt đẹp sinh hoạt,Sơ Vẫn Giang Hồ,"Nguyên sang , Đam mỹ , Cổ đại , HE , Tình cảm , Huyền huyễn , Xuyên việt , Hệ thống , Tùy thân không gian , Niên hạ , Cung đấu , Lịch sử , Chủ thụ , Cung đình hầu tước , Liên Thành 3 sao , 1v1",Hoàn thành,332301,2255,46,291,https://wikicv.net/truyen/tan-trieu-tot-dep-sinh-hoat-WlCK9ju262G9pZAU
Đế vương sủng phi là cái O,Cố Chi Quân,"Nguyên sang , Đam mỹ , Cổ đại , HE , Tình cảm , Xuyên việt , Ngọt văn , Sinh con , Niên thượng , Chủ thụ , Cung đình hầu tước , Kim bài đề cử 🥇 , 1v1",Hoàn thành,332104,5659,207,2103,https://wikicv.net/truyen/de-vuong-sung-phi-la-cai-o-YEqKvVS4CDj15Ti3
Cổ đại nông gia tử khoa cử chi lộ,Mị Cốt,"Nguyên sang , Đam mỹ , Cổ đại , HE , Tình cảm , Làm ruộng , Xuyên việt , Trọng sinh , Chủ thụ , Sảng văn , Nhiều CP , Liên Thành 3 sao , 1v1",Tạm ngưng,331628,1778,42,184,https://wikicv.net/truyen/co-dai-nong-gia-tu-khoa-cu-chi-lo-XYYNRFS4CD3YgQpL
Ta ba là đại lão mang cầu chạy tiểu kiều thê,Công Tử Tầm Hoan,"Nguyên sang , Đam mỹ , Hiện đại , HE , Tình cảm , Làm ruộng , Trọng sinh , Sinh con , Giới giải trí , Chủ thụ , Nhẹ nhàng",Hoàn thành,331508,2587,43,288,https://wikicv.net/truyen/ta-ba-la-dai-lao-mang-cau-chay-tieu-kieu-X9JH3lS4CFWzVBTR
Tra công ở hỏa táng tràng đi sự nghiệp tuyến,Lộ Bát Thiên,"Nguyên sang , Đam mỹ , Cổ đại , Hiện đại , HE , Tình cảm , Mạt thế , Huyền huyễn , Dị năng , Hệ thống , Xuyên nhanh , Xuyên thư , Chủ công , Giới giải trí , Vườn trường , Cung đình hầu tước , Sảng văn , Ngược tra , Vả mặt , 1v1 , Song xuyên , Trùng tộc , Xuyên thành vai chính",Hoàn thành,331154,6083,259,892,https://wikicv.net/truyen/tra-cong-o-hoa-tang-trang-di-su-nghiep-t-YKb1JVS4CAjL8r04
Từ vai ác bên người tỉnh lại sau [ xuyên nhanh ],Tô Thành Ách Nhân,"Nguyên sang , Đam mỹ , Hiện đại , HE , Tình cảm , Ngọt văn , Xuyên nhanh , Chủ công , Nghịch tập , 1v1",Hoàn thành,330793,5439,269,1831,https://wikicv.net/truyen/tu-vai-ac-ben-nguoi-tinh-lai-sau-xuyen-n-XO%7E7nlS4CA5SKQkv
Xuyên thành nam chủ tàn tật phải đi kịch bản thế nào?,Ngư Nguy,"Diễn sinh , Đam mỹ , Cổ đại , Cận đại , Hiện đại , HE , Tình cảm , Manga anime , Xuyên việt , Dị năng , Ngọt văn , Hệ thống , Song khiết 🕊️ , Cổ xuyên kim , Cường cường , Thanh mai trúc mã , Song hướng yêu thầm , Chủ thụ , Nhẹ nhàng , Dưỡng thành , Ấm áp , Kim bài đề cử 🥇 , 1v1 , Song xuyên , Bungo Stray Dogs",Hoàn thành,330175,9046,753,3009,https://wikicv.net/truyen/xuyen-thanh-nam-chu-tan-tat-phai-di-kich-XkYr6FS4CGYwO4Af
Lui vòng sau ca nhi dựa thêu thùa bạo hồng,Chanh Tử Bất Sáp,"Nguyên sang , Đam mỹ , Hiện đại , HE , Tình cảm , Xuyên việt , Ngọt văn , Song khiết 🕊️ , Sinh con , Cổ xuyên kim , Hào môn thế gia , Chủ thụ , 1v1",Hoàn thành,329900,7502,97,1742,https://wikicv.net/truyen/lui-vong-sau-ca-nhi-dua-theu-thua-bao-ho-Zs7MgDzLcicT0vHm
Pháo hôi sư tôn hắn không nghĩ [ xuyên thư ],Đông Nhật Hạ Đích Noãn Miêu,"Nguyên sang , Đam mỹ , Cổ đại , HE , Tình cảm , Tiên hiệp , Huyền huyễn , Tu chân , Niên hạ , Xuyên thư , Cường cường , Chủ thụ , Nhẹ nhàng , Ấm áp , Kim bài đề cử 🥇 , Sư đồ , 1v1 , Đọc tâm",Hoàn thành,329596,4639,221,898,https://wikicv.net/truyen/phao-hoi-su-ton-han-khong-nghi-xuyen-thu-YPaYMFS4CATWPYYM
Trở về mạt thế kiêu ngạo,Sa Mạc Cuồng Vân,"Nguyên sang , Đam mỹ , Hiện đại , HE , Tình cảm , Khoa học viễn tưởng , Mạt thế , Huyền huyễn , Báo thù , Xuyên việt , Dị năng , Ngọt văn , Trọng sinh , Làm giàu , Chủ công , Hào môn thế gia , Cường cường , Vị diện , Thăng cấp lưu , Sảng văn , Kiếp trước kiếp này , Thiên chi kiêu tử , Liên Thành 4 sao",Hoàn thành,329409,297,28,52,https://wikicv.net/truyen/tro-ve-mat-the-kieu-ngao-WGuDP3CVfEtJEVEj
Mau xuyên chi tiên nam,Chi Tụ,"Nguyên sang , Đam mỹ , Cổ đại , Hiện đại , Tương lai , HE , Tình cảm , Tiên hiệp , Khoa học viễn tưởng , Huyền huyễn , Tu chân , Xuyên việt , Ngọt văn , Hệ thống , Song khiết 🕊️ , Xuyên nhanh , Tinh tế , Cơ giáp , Hào môn thế gia , Lính gác dẫn đường , Hắc bang , ABO , Huyết tộc , Vườn trường , Chủ thụ , Sảng văn , Nhẹ nhàng , Trò chơi , Ấm áp , Duyên trời tác hợp , 1v1",Hoàn thành,329174,2891,144,1016,https://wikicv.net/truyen/mau-xuyen-chi-tien-nam-WQssWe8h7GKZ1JQj
Nhãi con nuôi thả kế hoạch [ xuyên thư ],Dư Tiểu Bát,"Nguyên sang , Đam mỹ , Hiện đại , HE , Tình cảm , Khoa học viễn tưởng , Xuyên việt , Ngọt văn , Xuyên thư , Sinh con , Làm giàu , Hào môn thế gia , Chủ thụ , Nhiều CP , Kim bài đề cử 🥇 , Ngân bài đề cử 🥈 , 1v1",Hoàn thành,328417,2369,85,737,https://wikicv.net/truyen/nhai-con-nuoi-tha-ke-hoach-xuyen-thu-W9C4H1S4CBr0UqyJ
Trọng sinh chi nhà giàu mới nổi,Tử Sắc Mộc Ốc,"Nguyên sang , Đam mỹ , Hiện đại , HE , Tình cảm , Báo thù , Trọng sinh , Trạch đấu , Cường cường , Liên Thành 4 sao",Hoàn thành,328351,611,19,120,https://wikicv.net/truyen/trong-sinh-chi-nha-giau-moi-noi-WDZl4XCVfDqj_k1a
"Lão bà là đỉnh cấp Alpha, ta nên làm cái gì bây giờ / Đỉnh cấp Alpha trọng sinh sau",Hải Tảo Đại Vương,"Nguyên sang , Đam mỹ , Tương lai , HE , Tình cảm , Ngọt văn , Trọng sinh , Tinh tế , Chủ công , ABO , Cường cường , Cưới trước yêu sau , Sảng văn , Vả mặt , 1v1",Hoàn thành,328207,4970,213,1789,https://wikicv.net/truyen/lao-ba-la-dinh-cap-alpha-ta-nen-lam-cai--YFKIg1S4CAJ3BnuB
Đến lượt ta lên sân khấu mang phi [ thực tế ảo ],Nhất Thế Hoa Thường,"Nguyên sang , Đam mỹ , Tương lai , HE , Tình cảm , Võng du , Song khiết 🕊️ , Thi đấu cạnh kỹ , Cường cường , Chủ thụ , Nhẹ nhàng , Trò chơi , Duyên trời tác hợp , Kim bài đề cử 🥇 , 1v1 , Thực tế ảo",Hoàn thành,327325,7891,327,3071,https://wikicv.net/truyen/den-luot-ta-len-san-khau-mang-phi-thuc-t-XtGpQFS4CDVmspiL
Đương huyền học đại lão gả tiến hào môn,Mộc Thải,"Nguyên sang , Đam mỹ , Hiện đại , HE , Tình cảm , Huyền học , Ngọt văn , Trọng sinh , Giới giải trí , Niên thượng , Chủ thụ , 1v1",Hoàn thành,327289,1571,61,435,https://wikicv.net/truyen/duong-huyen-hoc-dai-lao-ga-tien-hao-mon-Xc4c3lS4CCLRFZy%7E
Đương táo bạo long nhãi con xuyên thành pháo hôi nam xứng,Diệp Nhập Khê,"Nguyên sang , Đam mỹ , Tương lai , HE , Tình cảm , Xuyên thư , Tinh tế , Cường cường , Chủ thụ , Sảng văn , Kim bài đề cử 🥇 , Kim Bảng 🏆 , 1v1",Hoàn thành,327205,5875,275,1337,https://wikicv.net/truyen/duong-tao-bao-long-nhai-con-xuyen-thanh--ZB2Zf1S4CGBcDSGQ
Ta có một tòa mỹ thực thành [ xây dựng ],Chức A,"Nguyên sang , Đam mỹ , Cổ đại , HE , Tình cảm , Làm ruộng , Xây dựng , Xuyên việt , Ma pháp , Song khiết 🕊️ , Mỹ thực , Làm giàu , Chủ thụ , Hắc ám , Tây huyễn , Cận thủy lâu đài , Phương Tây , Kim bài đề cử 🥇 , Ngân bài đề cử 🥈 , 1v1 , Ngự thú , Chậm nhiệt , Chữa lành",Hoàn thành,326912,11533,143,2200,https://wikicv.net/truyen/ta-co-mot-toa-my-thuc-thanh-xay-dung-ZSKr9jzLch6XYOUx
Tu la chí ái,Nhan Nhược Ưu Nhã,"Nguyên sang , Đam mỹ , Tương lai , HE , Tình cảm , Khoa học viễn tưởng , Xuyên việt , Ngọt văn , Trọng sinh , Sinh con , Tinh tế , Cơ giáp , Cẩu huyết , Cường cường , Niên thượng , Chủ thụ , Sảng văn , Nhiều CP , Liên Thành 3 sao , 1v1",Hoàn thành,326527,783,73,99,https://wikicv.net/truyen/tu-la-chi-ai-WGsK2nCVfBxdFx2K
,Ẩn danh,,Đang cập nhật,0,0,0,0,https://wikicv.net/truyen/xuyen-nhanh-chi-va-mat-cuong-ma-WQQGUO8h7G3aTTyN
Kiếp sau không thấy,Thiên Tập,"Nguyên sang , Đam mỹ , Cận đại , Hiện đại , HE , Tình cảm , Trọng sinh , Ngược văn , Gương vỡ lại lành , 1v1",Hoàn thành,326248,545,43,216,https://wikicv.net/truyen/kiep-sau-khong-thay-XS6rYVS4CB4_sXXx
Trở lại Tiên Tôn thiếu niên khi [ xuyên thư ],Thiếp Tại Sơn Dương,"Nguyên sang , Đam mỹ , Cổ đại , HE , Tình cảm , Tiên hiệp , Huyền huyễn , Tu chân , Ngọt văn , Xuyên thư , Song hướng yêu thầm , Chủ thụ , Nhẹ nhàng , Pháo hôi , Kim bài đề cử 🥇",Hoàn thành,325309,5327,259,2066,https://wikicv.net/truyen/tro-lai-tien-ton-thieu-nien-khi-xuyen-th-YOuq0lS4CFEaEefs
Thần quái sảng văn trung công cụ người thức tỉnh rồi,Thỏ Nguyệt Quan,"Nguyên sang , Đam mỹ , Hiện đại , HE , Tình cảm , Huyền học , Giới giải trí , Chủ thụ , Sảng văn , Phát sóng trực tiếp , Pháo hôi , Linh dị thần quái , Vả mặt , Thật giả thiếu gia , App",Hoàn thành,325123,6063,138,1376,https://wikicv.net/truyen/than-quai-sang-van-trung-cong-cu-nguoi-t-YQSZT1S4CErqte2M
Xuyên thành pháo hôi ca nhi sau ta gả cho vai ác,Bỉ Tạp Bỉ,"Nguyên sang , Đam mỹ , Cổ đại , HE , Tình cảm , Xuyên việt , Ngọt văn , Xuyên thư , Sinh con , Chủ thụ , Cung đình hầu tước , Nhẹ nhàng , Nhiều CP , Kim bài đề cử 🥇 , Kim Bảng 🏆 , 1v1",Hoàn thành,325049,1833,64,546,https://wikicv.net/truyen/xuyen-thanh-phao-hoi-ca-nhi-sau-ta-ga-ch-XPTNlFS4CFHMGuSo
Xuyên thành bạn trai cũ của nam chính trọng sinh,Ôn Du Khoan,"Nguyên sang , Đam mỹ , Hiện đại , HE , Tình cảm , Xuyên việt , Trọng sinh , Hệ thống , Xuyên thư , Cường cường , Chủ thụ , Kim bài đề cử 🥇 , Kim Bảng 🏆 , 1v1",Hoàn thành,324905,1776,151,702,https://wikicv.net/truyen/xuyen-thanh-ban-trai-cu-cua-nam-chinh-tr-W4drhVS4CDQexItk
Xuyên qua chi nông thôn tiểu phu tử,Văn Túy,"Nguyên sang , Đam mỹ , Cổ đại , HE , Tình cảm , Làm ruộng , Dị thế , Xuyên việt , Ngọt văn , Song khiết 🕊️ , Sinh con , Chủ công , Niên thượng , Cưới trước yêu sau , Nhẹ nhàng , Hoán đổi linh hồn , Nhiều CP , Nam nam thế giới , Bình bộ thanh vân , Kim bài đề cử 🥇 , 1v1",Hoàn thành,324019,954,58,395,https://wikicv.net/truyen/xuyen-qua-chi-nong-thon-tieu-phu-tu-WT5PRO8h7F_RCF%7EH
Nam xứng phá sản sau [ xuyên thư ],Xuân Phong Dao,"Nguyên sang , Đam mỹ , Hiện đại , HE , Tình cảm , Xuyên việt , Ngọt văn , Hệ thống , Song khiết 🕊️ , Xuyên thư , Cường cường , Chủ thụ , Sảng văn , Kim bài đề cử 🥇 , 1v1 , Nam phụ",Hoàn thành,323021,5992,254,2134,https://wikicv.net/truyen/nam-xung-pha-san-sau-xuyen-thu-XbuUn1S4CDjK7dQK
Ta lý tưởng trấn nhỏ,Thanh Sắc Vũ Dực,"Nguyên sang , Đam mỹ , Tương lai , HE , Tình cảm , Xây dựng , Dị năng , Hệ thống , Cường cường , Vô hạn lưu , Chủ thụ , Sảng văn , 1v1 , Xuyên game",Hoàn thành,321909,12082,1051,4396,https://wikicv.net/truyen/ta-ly-tuong-tran-nho-YkqwKVS4CDrsVjTg
[ Đấu La ] Ngươi cái này phế võ hồn không thích hợp,Phong Nhân Viện Trường Dao Tang,"Diễn sinh , Đam mỹ , Cổ đại , HE , Tình cảm , Huyền huyễn , Báo thù , Song khiết 🕊️ , Xuyên thư , Cường cường , Niên thượng , Chủ thụ , Sảng văn , Nhiều CP , Hài hước , Trâu già gặm cỏ non , 1v1 , Đấu La đại lục",Hoàn thành,321777,8057,305,1970,https://wikicv.net/truyen/dau-la-nguoi-cai-nay-phe-vo-hon-khong-th-YT5EvVS4CDw4aXJf
Mạnh nhất manh sủng vạn nhân mê [ Xuyên nhanh ],Thủy Sâm Sâm,"Nguyên sang , Đam mỹ , Tương lai , HE , Tình cảm , Khoa học viễn tưởng , Ngọt văn , Hệ thống , Xuyên nhanh , Tinh tế , Chủ thụ , Sảng văn , Cải trang giả dạng",Hoàn thành,321156,1900,81,1171,https://wikicv.net/truyen/manh-nhat-manh-sung-van-nhan-me-xuyen-nh-WWdnA%7E8h7ECqsPxQ
Tiểu nhân ngư hắn lấy sai đoàn sủng kịch bản,Lang Không Nhất Sắc,"Nguyên sang , Đam mỹ , Tương lai , HE , Tình cảm , Ngọt văn , Xuyên thư , Tinh tế , Giới giải trí , Chủ thụ , Sảng văn , Nhẹ nhàng , Ấm áp , Mỹ nhân ngư , Đoàn sủng , Vạn nhân mê",Hoàn thành,320655,2952,71,929,https://wikicv.net/truyen/tieu-nhan-ngu-han-lay-sai-doan-sung-kich-YCmdTlS4CBEUnlBx
Vạn người ngại tối tăm thụ trọng sinh,Đông Thi Nương,"Nguyên sang , Đam mỹ , Cổ đại , HE , Tình cảm , Báo thù , Trọng sinh , Gương vỡ lại lành , Chủ thụ , Cung đình hầu tước , Kim Bảng 🏆 , Ngược tra , Nghịch tập , Ngôi thứ nhất , Thật giả thiếu gia",Hoàn thành,320549,1595,433,620,https://wikicv.net/truyen/van-nguoi-ngai-toi-tam-thu-trong-sinh-YHdGI1S4CDKHikrO
Xuyên thành mèo của vai ác,Tây Sơn Ngư,"Nguyên sang , Đam mỹ , Hiện đại , HE , Tình cảm , Xuyên việt , Ngọt văn , Xuyên thư , Hào môn thế gia , Giới giải trí , Kim bài đề cử 🥇 , Main là động vật",Hoàn thành,320148,5576,251,1977,https://wikicv.net/truyen/xuyen-thanh-meo-cua-vai-ac-XRmOTlS4CHcSQnTG
Trọng sinh cưới đối chiếu tổ làm phu lang,Đảo Lí Thiên Hạ,"Nguyên sang , Đam mỹ , Cổ đại , HE , Tình cảm , Làm ruộng , Ngọt văn , Trọng sinh , Song khiết 🕊️ , Sinh con , Làm giàu , Chủ công , 1v1 , Bình dân sinh hoạt",Hoàn thành,319324,4722,203,1269,https://wikicv.net/truyen/trong-sinh-cuoi-doi-chieu-to-lam-phu-lan-YlvV81S4CCKyzdGG
Xuyên thư: Nhị gia gia chim sẻ thành tinh,Thính Nguyên,"Nguyên sang , Đam mỹ , Hiện đại , HE , Tình cảm , Ngọt văn , Xuyên thư , Hào môn thế gia , Chủ thụ , Khế ước tình nhân , Nhẹ nhàng , Đô thị tình duyên , Thiên chi kiêu tử , Nghịch tập , 1v1 , Thị giác nam chủ",Hoàn thành,318787,6778,218,2283,https://wikicv.net/truyen/xuyen-thu-nhi-gia-gia-chim-se-thanh-tinh-YkwLDFS4CC_OeJDW
Bị bắt trở thành huyền học đại sư sau,Duy Mạc Đăng Hỏa,"Nguyên sang , Đam mỹ , Hiện đại , HE , Tình cảm , Huyền học , Chủ thụ , Sảng văn , Kim bài đề cử 🥇 , Linh dị thần quái",Hoàn thành,317579,6369,140,1061,https://wikicv.net/truyen/bi-bat-tro-thanh-huyen-hoc-dai-su-sau-ZWiNr_TaEDHVeNnK
Xuyên thành cao nguy chức nghiệp chi sư tôn,Nhất Tùng Âm,"Nguyên sang , Đam mỹ , Cổ đại , HE , Tình cảm , Tiên hiệp , Tu chân , Xuyên việt , Ngọt văn , Niên hạ , Xuyên thư , Sảng văn , Duyên trời tác hợp , Kim bài đề cử 🥇 , Sư đồ , 1v1 , Dưỡng oa , Đoàn sủng , Vạn nhân mê",Hoàn thành,317339,5231,356,2301,https://wikicv.net/truyen/xuyen-thanh-cao-nguy-chuc-nghiep-chi-su--Xq%7EWQVS4CCXuy0h0
Dị thế lưu đày,Dịch Nhân Bắc,"Nguyên sang , Đam mỹ , Cổ đại , HE , Tình cảm , Làm ruộng , Dị thế , Xuyên việt , Cường cường",Hoàn thành,317332,1069,47,256,https://wikicv.net/truyen/di-the-luu-day-V9Tj4XCVfEcS_65u
Toàn thế giới duy nhất Omega ấu tể,Đông Môn Thao Yến,"Nguyên sang , Đam mỹ , Hiện đại , HE , Tình cảm , Ngọt văn , Hào môn thế gia , ABO , Chủ thụ , Nhẹ nhàng , Đô thị tình duyên , 1v1 , Thị giác nam chủ , Manh bảo , Jack Sue , Đoàn sủng",Hoàn thành,317001,5043,72,2166,https://wikicv.net/truyen/toan-the-gioi-duy-nhat-omega-au-te-Y2UyP1S4CHmYY_wz
Xuyên nhanh chi hoàn mỹ vận mệnh,Tây Tử Tự,"Nguyên sang , Đam mỹ , Hiện đại , HE , Tình cảm , Khoa học viễn tưởng , Mạt thế , Xuyên việt , Ma pháp , Dị năng , Hệ thống , Xuyên nhanh , Tùy thân không gian , Phá án , Tinh tế , ABO , Thanh mai trúc mã , Kim bài đề cử 🥇",Hoàn thành,315317,1278,69,586,https://wikicv.net/truyen/xuyen-nhanh-chi-hoan-my-van-menh-V_GYwHCVfG2rfgS5
Xuyên qua chi khí tử hoành hành,Diệp Ức Lạc,"Nguyên sang , Đam mỹ , Cổ đại , Hiện đại , HE , Tình cảm , Tiên hiệp , Dị thế , Tu chân , Xuyên việt , Trọng sinh , Song khiết 🕊️ , Chủ công , Hào môn thế gia , Sảng văn , Thế giới song song , Liên Thành 4 sao",Hoàn thành,7542839,45636,987,10480,https://wikicv.net/truyen/xuyen-qua-chi-khi-tu-hoanh-hanh-Wsrz%7E2He7CXQTGO6
Xuyên thư chi nghịch sửa nhân sinh,Diệp Ức Lạc,"Nguyên sang , Đam mỹ , Cổ đại , HE , Tình cảm , Huyền huyễn , Tùy thân không gian , Xuyên thư , Chủ công , Thăng cấp lưu , Sảng văn , Pháo hôi , Liên Thành 5 sao , Nghịch tập , 1v1",Hoàn thành,5732041,43174,1585,12177,https://wikicv.net/truyen/xuyen-thu-chi-nghich-sua-nhan-sinh-XxofT1S4CC4W4eYp
Hắn nói ta là hắc liên hoa,Bắc Túy Thập Ngư,"Nguyên sang , Đam mỹ , Hiện đại , HE , Tình cảm , Hào môn thế gia , Ngược văn , Giới giải trí , Tra công tiện thụ , 1v1",Hoàn thành,4212141,1476,231,546,https://wikicv.net/truyen/han-noi-ta-la-hac-lien-hoa-X61XDmHe7Fl6SdKj
Xuyên thành nam xứng ba ba,Tử Sắc Mộc Ốc,"Nguyên sang , Đam mỹ , Cận đại , Hiện đại , Tương lai , HE , Tình cảm , Khoa học viễn tưởng , Huyền huyễn , Xuyên việt , Song khiết 🕊️ , Xuyên nhanh , Giới giải trí , Chủ thụ , Nhẹ nhàng , Đô thị tình duyên , Liên Thành 4 sao , 1v1",Hoàn thành,3953877,45603,666,11300,https://wikicv.net/truyen/xuyen-thanh-nam-xung-ba-ba-XUafWFS4CAbICU%7El
Xuyên việt chi pháo hôi nam phụ,Diệp Ức Lạc,"Nguyên sang , Đam mỹ , Cổ đại , HE , Tình cảm , Tiên hiệp , Huyền huyễn , Dị thế , Tu chân , Xuyên việt , Ngọt văn , Song khiết 🕊️ , Sinh con , Chủ công , Cường cường , Thăng cấp lưu , Sảng văn , Pháo hôi , Liên Thành 4 sao , 1v1 , Học bá",Hoàn thành,3821788,20484,692,5158,https://wikicv.net/truyen/xuyen-viet-chi-phao-hoi-nam-phu-V_ZUt3CVfCgZYEYZ
Ta có dược a,Y Lạc Thành Hỏa,"Nguyên sang , Đam mỹ , Cổ đại , HE , Tình cảm , Tiên hiệp , Huyền huyễn , Dị thế , Tu chân , Xuyên việt , Ngọt văn , Hệ thống , Song khiết 🕊️ , Tùy thân không gian , Cường cường , Chủ thụ , Thiên chi kiêu tử , Kim bài đề cử 🥇 , 1v1",Hoàn thành,3681497,36780,1030,10549,https://wikicv.net/truyen/ta-co-duoc-a-V82GL3CVfCmz2FtN
Xuyên việt chi nhất phẩm tiên phu,Bắc Phong Xuy,"Nguyên sang , Đam mỹ , Cổ đại , HE , Tình cảm , Huyền huyễn , Xuyên việt , Ngọt văn , Thăng cấp lưu , Sảng văn , Liên Thành 4 sao , 1v1",Hoàn thành,3309356,34848,167,4907,https://wikicv.net/truyen/xuyen-viet-chi-nhat-pham-tien-phu-XX4UM1S4CGDL3u6_
"Xuyên nhanh: Vai ác nam thần, đừng hắc hóa",Y Thiên Hạm,"Nguyên sang , Đam mỹ , Cổ đại , Hiện đại , HE , Tình cảm , Khoa học viễn tưởng , Mạt thế , Huyền huyễn , Xuyên việt , Dị năng , Ngọt văn , Trọng sinh , Hệ thống , Xuyên nhanh , Hào môn thế gia , Hắc bang , Giới giải trí , Vườn trường , Y thuật , Chủ thụ , Nhẹ nhàng , Phát sóng trực tiếp , Đô thị tình duyên , Trò chơi , Ấm áp , Linh dị thần quái , Võng phối , 1v1 , Main là động vật , Võng hồng",Tạm ngưng,3286890,23841,336,3270,https://wikicv.net/truyen/xuyen-nhanh-vai-ac-nam-than-dung-hac-hoa-Wi10N%7E8h7G6e9IWI
Xuyên qua chi linh thực sư,Diệp Ức Lạc,"Nguyên sang , Đam mỹ , Cổ đại , HE , Tình cảm , Làm ruộng , Dị thế , Tu chân , Xuyên việt , Ngọt văn , Trọng sinh , Tùy thân không gian , Sinh con , Chủ công , Cường cường , Y thuật , Thăng cấp lưu , Cưới trước yêu sau , Sảng văn , Nhiều CP , Ngược tra , Liên Thành 4 sao , Vả mặt , 1v1 , Giả heo ăn hổ",Hoàn thành,3020324,12386,225,2778,https://wikicv.net/truyen/xuyen-qua-chi-linh-thuc-su-Wk2tL%7E8h7BpOvu7O
Hai giới làm ruộng trùm,Diệp Ức Lạc,"Nguyên sang , Đam mỹ , Cổ đại , Hiện đại , HE , Tình cảm , Tiên hiệp , Làm ruộng , Huyền huyễn , Tu chân , Xuyên việt , Dị năng , Chủ công , Đấu khí , Tây huyễn , Liên Thành 5 sao , 1v1 , Tinh linh",Hoàn thành,2971315,41496,779,13049,https://wikicv.net/truyen/hai-gioi-lam-ruong-trum-YpjQEfTaEGCDGBwz
【 Mau xuyên 】 Vai ác luôn là đối ta chảy nước dãi ba thước,Xuyên Ngoa Tử Đích Miêu,"Nguyên sang , Đam mỹ , Hiện đại , HE , Tình cảm , Tiên hiệp , Mạt thế , Huyền huyễn , Tu chân , Dị năng , Ngọt văn , Thú nhân , Hệ thống , Song khiết 🕊️ , Xuyên nhanh , Sinh con , Tinh tế , Hào môn thế gia , Lính gác dẫn đường , ABO , Huyết tộc , Vườn trường , Chủ thụ , Sảng văn , Nhẹ nhàng , Ấm áp , Tiểu bạch văn , Linh dị thần quái , 1v1",Hoàn thành,2880296,42783,1157,12027,https://wikicv.net/truyen/mau-xuyen-vai-ac-luon-la-doi-ta-chay-nuo-XdiyklS4CBqxVi9M
Thiếu tướng phu nhân là phúc thần,Cứu Vĩ Yêu Hồ,"Nguyên sang , Đam mỹ , Tương lai , HE , Tình cảm , Xuyên việt , Sinh con , Mỹ thực , Tinh tế , Hào môn thế gia , Cưới trước yêu sau , Chủ thụ , Nhẹ nhàng , Phát sóng trực tiếp , Ấm áp , Liên Thành 4 sao , Nghịch tập , Vả mặt , 1v1",Hoàn thành,2709177,8326,193,2165,https://wikicv.net/truyen/thieu-tuong-phu-nhan-la-phuc-than-W%7ErCdlS4CCGojQkU
Nông gia độc ‘ phi ’,Nhan Nhược Ưu Nhã,"Nguyên sang , Đam mỹ , Cổ đại , HE , Tình cảm , Làm ruộng , Xuyên việt , Sinh con , Song tính , Làm giàu , Sảng văn , Nhiều CP , Ngược tra , Liên Thành 4 sao , 1v1",Hoàn thành,2600102,5473,196,1708,https://wikicv.net/truyen/nong-gia-doc-phi-WvKC0Du260hXn_Xe
"Học thần nơi tay, thiên hạ ta có (PHIÊN BẢN 1)",Phong Lưu Thư Ngốc,"Nguyên sang , Đam mỹ , Tương lai , HE , Tình cảm , Ngọt văn , Hệ thống , Xuyên nhanh , Cường cường , Chủ thụ , Sảng văn , Nhẹ nhàng , Ấm áp , Lôi , Kim bài đề cử 🥇 , Ngược tra , Vả mặt , 1v1 , Vô địch lưu , NTR",Hoàn thành,2575445,37211,1566,10845,https://wikicv.net/truyen/hoc-than-noi-tay-thien-ha-ta-co-phien-ba-XrGMqVS4CBKyJBTY
Đương nam xứng bẻ cong nam chủ ［ Mau xuyên ],Thanh Thủy Nương Nương,"Nguyên sang , Đam mỹ , Hiện đại , HE , Tình cảm , Xuyên việt , Hệ thống , Xuyên nhanh , Vô hạn lưu , Nhẹ nhàng , Hài hước",Hoàn thành,2562773,10055,482,2450,https://wikicv.net/truyen/duong-nam-xung-be-cong-nam-chu-mau-xuyen-Wuk_3Tu261Jvz42O
Xuyên thành vị hôn phu chuyên tìm đường chết của ảnh đế,Lâm Áng Tư,"Nguyên sang , Đam mỹ , Hiện đại , HE , Tình cảm , Ngọt văn , Xuyên thư , Sinh con , Giới giải trí , Cường cường , Cưới trước yêu sau , Chủ thụ , Nhẹ nhàng , Hài hước , Ấm áp , Pháo hôi , Kim bài đề cử 🥇 , 1v1",Hoàn thành,2370162,19032,1002,6003,https://wikicv.net/truyen/xuyen-thanh-vi-hon-phu-chuyen-tim-duong--XEMcIDu263J376BX
Thần côn xuống núi ký,Diệp Ức Lạc,"Nguyên sang , Đam mỹ , Hiện đại , HE , Tiên hiệp , Kinh dị , Huyền huyễn , Dị thế , Tu chân , Song khiết 🕊️ , Phong thủy , Làm giàu , Chủ công , Cường cường , Thăng cấp lưu , Sảng văn , Linh dị thần quái , 1v1",Hoàn thành,2219841,17007,264,5108,https://wikicv.net/truyen/than-con-xuong-nui-ky-XEB%7Ew1S4CHN110Xv
Mau xuyên liêu tâm: Nam thần luôn là bị công lược,Khuynh Lạc Trần,"Nguyên sang , Đam mỹ , Cổ đại , Hiện đại , HE , Tình cảm , Hệ thống , Xuyên nhanh , Chủ thụ",Hoàn thành,2067039,17881,265,3964,https://wikicv.net/truyen/mau-xuyen-lieu-tam-nam-than-luon-la-bi-c-W4vI1FS4CF0pRIw9
Phế thê trọng sinh,Kim Nguyên Bảo,"Nguyên sang , Đam mỹ , Cổ đại , HE , Tình cảm , Huyền huyễn , Báo thù , Tu chân , Trọng sinh , Thần tiên yêu quái , Song khiết 🕊️ , Cường cường , Kiếp trước kiếp này , Liên Thành 4 sao , Nghịch tập , 1v1",Hoàn thành,1992005,5621,130,1567,https://wikicv.net/truyen/phe-the-trong-sinh-WnBNT2He7BP4rwxd
Ta ở kinh tủng trong trò chơi phong thần ( vô hạn ) / Ta ở vô hạn trong trò chơi phong thần,Hồ Ngư Lạt Tiêu,"Nguyên sang , Đam mỹ , Hiện đại , HE , Tình cảm , Huyền huyễn , Vô hạn lưu , Thăng cấp lưu , Chủ thụ , Sảng văn , Phát sóng trực tiếp , Kim bài đề cử 🥇 , Kim Bảng 🏆 , Linh dị thần quái , Vả mặt , 1v1",Hoàn thành,1884502,61846,5774,20755,https://wikicv.net/truyen/ta-o-kinh-tung-trong-tro-choi-phong-than-YIP0TFS4CAeLOqGz
Gả cho thiết anh em,Y Lạc Thành Hỏa,"Nguyên sang , Đam mỹ , Cổ đại , HE , Tình cảm , Tiên hiệp , Huyền huyễn , Tu chân , Xuyên thư , Hào môn thế gia , Thăng cấp lưu , Chủ thụ , Tam giáo cửu lưu , Thiên chi kiêu tử , Duyên trời tác hợp , Kim bài đề cử 🥇 , Kim Bảng 🏆 , Giả heo ăn hổ",Hoàn thành,1867688,58141,685,9742,https://wikicv.net/truyen/ga-cho-thiet-anh-em-ZKFEz1S4CDY9JqEo
Trọng sinh chi cực phẩm hoàng tử phi,Diệp Ức Lạc,"Nguyên sang , Đam mỹ , Tương lai , HE , Tình cảm , Huyền huyễn , Tu chân , Xuyên việt , Dị năng , Ngọt văn , Trọng sinh , Thần tiên yêu quái , Song khiết 🕊️ , Sinh con , Cường cường , Liên Thành 4 sao",Hoàn thành,1858107,5915,167,1528,https://wikicv.net/truyen/trong-sinh-chi-cuc-pham-hoang-tu-phi-V_IsQXCVfC2Gj2cX
Xuyên qua dị thế chi xuất sắc sinh hoạt,Tây Hồng Thị Phi Thượng Thiên,"Nguyên sang , Đam mỹ , Cổ đại , HE , Tình cảm , Dị thế , Tu chân , Xuyên việt , Sinh con , Chủ công , Thăng cấp lưu , Liên Thành 3 sao , 1v1",Hoàn thành,1801552,6968,136,1427,https://wikicv.net/truyen/xuyen-qua-di-the-chi-xuat-sac-sinh-hoat-XYFAa2He7CKc_UpN
Tiểu thần thú vạn thiên sủng ái [ giới giải trí ],Đông Môn Thao Yến,"Nguyên sang , Đam mỹ , Hiện đại , HE , Tình cảm , Ngọt văn , Song khiết 🕊️ , Cổ xuyên kim , Hào môn thế gia , Giới giải trí , Vườn trường , Thanh mai trúc mã , Chủ thụ , Nhẹ nhàng , Ấm áp , Kim bài đề cử 🥇 , 1v1 , Mary Sue , Manh bảo",Hoàn thành,1768704,25557,538,8450,https://wikicv.net/truyen/tieu-than-thu-van-thien-sung-ai-gioi-gia-XsHOc1S4CAtSkDEC
Xuyên Việt Chi Tu Tiên,Y Lạc Thành Hỏa,"Nguyên sang , Đam mỹ , Cổ đại , HE , Tình cảm , Tiên hiệp , Huyền huyễn , Tu chân , Xuyên việt , Trọng sinh , Song khiết 🕊️ , Cường cường , Thăng cấp lưu , Chủ thụ , Sảng văn , Nhẹ nhàng , Cận thủy lâu đài , Duyên trời tác hợp , Kim bài đề cử 🥇 , Kim Bảng 🏆 , Nghịch tập , 1v1",Hoàn thành,1742563,11832,411,4545,https://wikicv.net/truyen/xuyen-viet-chi-tu-tien-WDzhT3CVfFCxMHDa
Xuyên qua chi dược sư nghịch tập,Hoài Nhược Cốc,"Nguyên sang , Đam mỹ , Cổ đại , HE , Tình cảm , Huyền huyễn , Dị thế , Tu chân , Xuyên việt , Thăng cấp lưu , Cưới trước yêu sau , Chủ thụ , Liên Thành 3 sao , Nghịch tập , 1v1",Hoàn thành,1707123,9941,210,2414,https://wikicv.net/truyen/xuyen-qua-chi-duoc-su-nghich-tap-XYfPajzLcgqOg_yL
Thế thân thụ chết giả lúc sau,Hàm Ngư Đại Tây Qua,"Nguyên sang , Đam mỹ , Hiện đại , HE , Tình cảm , Cẩu huyết , Ngược văn , Gương vỡ lại lành , Giới giải trí , 1v1 , Thế thân",Hoàn thành,1692180,2176,267,621,https://wikicv.net/truyen/the-than-thu-chet-gia-luc-sau-X%7E2xJlS4CHIvFjGF
Sinh nhãi con của bạo quân vai ác phải làm sao đây,Công Tử Tầm Hoan,"Nguyên sang , Đam mỹ , Cổ đại , HE , Tình cảm , Xuyên việt , Ngọt văn , Hệ thống , Xuyên thư , Sinh con , Cung đấu , Chủ thụ , Cung đình hầu tước , Sảng văn , Nhiều CP , Kim bài đề cử 🥇 , 1v1",Hoàn thành,1685349,12699,363,3058,https://wikicv.net/truyen/sinh-nhai-con-cua-bao-quan-vai-ac-phai-l-Xb%7EMhju26xrhZghE
Lão công thân hoạn bệnh nan y [ xuyên thư ],Bất Hội Hạ Kỳ,"Nguyên sang , Đam mỹ , Cận đại , HE , Tình cảm , Xuyên việt , Dị năng , Ngọt văn , Xuyên thư , Làm giàu , Giới giải trí , Cưới trước yêu sau , Chủ thụ , Sảng văn , Kim bài đề cử 🥇 , Vả mặt , 1v1",Hoàn thành,1639553,23109,932,6919,https://wikicv.net/truyen/lao-cong-than-hoan-benh-nan-y-xuyen-thu-XXzXxju262mNUJm9
Xuyên qua chi bá ái pháo hôi,Sướng Ái,"Nguyên sang , Đam mỹ , Cổ đại , HE , Tình cảm , Tiên hiệp , Dị thế , Tu chân , Xuyên việt , Ngọt văn , Xuyên thư , Chủ công , Thăng cấp lưu , Sảng văn , Nhiều CP , Pháo hôi , Liên Thành 3 sao , 1v1",Hoàn thành,1610896,9414,290,1630,https://wikicv.net/truyen/xuyen-qua-chi-ba-ai-phao-hoi-XYfaqEbIjgyChaFI
Trọng sinh chi tình hữu độc chung,Diệp Ức Lạc,"Nguyên sang , Đam mỹ , Tương lai , HE , Mạt thế , Huyền huyễn , Trọng sinh",Hoàn thành,1558112,6132,114,1603,https://wikicv.net/truyen/trong-sinh-chi-tinh-huu-doc-chung-WD06z3CVfHA77%7EbE
Người què đều bị ta lừa dối đứng lên,Hắc Miêu Nghễ Nghễ,"Nguyên sang , Đam mỹ , Hiện đại , HE , Tình cảm , Huyền học , Ngọt văn , Trọng sinh , Song khiết 🕊️ , Hào môn thế gia , Cường cường , Chủ thụ , Sảng văn , Nhẹ nhàng , Hài hước , Ấm áp , Kim bài đề cử 🥇 , Linh dị thần quái , 1v1",Hoàn thành,1551162,16997,1349,6876,https://wikicv.net/truyen/nguoi-que-deu-bi-ta-lua-doi-dung-len-XUEtvlS4CCrrIji_
Toàn năng trung đơn ( điện cạnh ),Điệp Chi Linh,"Nguyên sang , Đam mỹ , Tương lai , HE , Tình cảm , Võng du , Xuyên việt , Ngọt văn , Thi đấu cạnh kỹ , ABO , Cường cường , Chủ thụ , Sảng văn , Trò chơi , Kim bài đề cử 🥇 , Kim Bảng 🏆 , 1v1",Hoàn thành,1538468,19157,949,6677,https://wikicv.net/truyen/toan-nang-trung-don-dien-canh-YXCOHlS4CCQ2ZqAg
Xuyên qua nhà có người ở rể,Bắc Phong Xuy,"Nguyên sang , Đam mỹ , Cổ đại , HE , Tình cảm , Huyền huyễn , Tu chân , Xuyên việt , Chủ thụ , Liên Thành 4 sao , 1v1",Hoàn thành,1497449,30621,344,8284,https://wikicv.net/truyen/xuyen-qua-nha-co-nguoi-o-re-Zqn57ju262cPuKmi
Tinh tạp đại sư ( trọng sinh ),Điệp Chi Linh,"Nguyên sang , Đam mỹ , Tương lai , HE , Tình cảm , Võng du , Xuyên việt , Ngọt văn , Thi đấu cạnh kỹ , Cường cường , Thăng cấp lưu , Chủ thụ , Sảng văn , Nhiều CP , Hài hước , Trò chơi , Kim bài đề cử 🥇 , Kim Bảng 🏆 , 1v1 , Thẻ bài",Hoàn thành,1485970,15572,930,6713,https://wikicv.net/truyen/tinh-tap-dai-su-trong-sinh-W9LSe1S4CEUe93rO
Khai quải luyến ái hệ thống ( xuyên nhanh ),Quất Tử Chu,"Nguyên sang , Đam mỹ , Cổ đại , Cận đại , Hiện đại , Tương lai , HE , Tình cảm , Khoa học viễn tưởng , Huyền huyễn , Ngọt văn , Hệ thống , Xuyên nhanh , Chủ thụ , Sảng văn , Nhẹ nhàng , Ngược tra , Vả mặt , 1v1",Hoàn thành,1463120,14348,378,5002,https://wikicv.net/truyen/khai-quai-luyen-ai-he-thong-xuyen-nhanh-W84CGFS4CHXcmOHC
Vạn nhân mê vai ác nghịch tập kế hoạch [ Xuyên nhanh ],Tòng Lai Bất Vấn,"Nguyên sang , Đam mỹ , Hiện đại , HE , Tình cảm , Xuyên việt , Trọng sinh , Hệ thống , Xuyên nhanh , Chủ thụ , Sảng văn , Xuyên thành vai ác , Ngược tra , Nghịch tập , Vả mặt , 1v1 , Mary Sue",Hoàn thành,1434586,16197,560,6609,https://wikicv.net/truyen/van-nhan-me-vai-ac-nghich-tap-ke-hoach-x-WruKbDu26xxivTqf
Ác độc pháo hôi trọng sinh về sau,Bát Gia Đảng,"Nguyên sang , Đam mỹ , Hiện đại , HE , Tình cảm , Kinh thương , Trọng sinh , Hào môn thế gia , Giới giải trí , Chủ thụ , Pháo hôi , Kim bài đề cử 🥇 , Nghịch tập",Hoàn thành,1417165,7250,527,2314,https://wikicv.net/truyen/ac-doc-phao-hoi-trong-sinh-ve-sau-W69vNlS4CG_AwfTT
Xuyên qua cổ đại làm phu tử,Ma Lạt Duẩn,"Nguyên sang , Đam mỹ , Cổ đại , HE , Tình cảm , Quan trường , Xuyên việt , Song khiết 🕊️ , Vườn trường , Cường cường , Thăng cấp lưu , Chủ thụ , Cung đình hầu tước , Sảng văn , Nhẹ nhàng , Ấm áp , Kim bài đề cử 🥇 , Kim Bảng 🏆 , 1v1",Hoàn thành,1403683,21155,715,6185,https://wikicv.net/truyen/xuyen-qua-co-dai-lam-phu-tu-XXYwDVS4CGCRyrNT
Người qua đường Giáp tiếng lòng tiết lộ sau bị vai ác cả nhà đoàn sủng,Tịch Triều Nam Ca,"Nguyên sang , Đam mỹ , Hiện đại , HE , Tình cảm , Xuyên việt , Ngọt văn , Song khiết 🕊️ , Xuyên thư , Hào môn thế gia , Giới giải trí , Niên thượng , Chủ thụ , Sảng văn , Nhẹ nhàng , Hài hước , Phát sóng trực tiếp , Duyên trời tác hợp , Người qua đường , Trâu già gặm cỏ non , Kim bài đề cử 🥇 , Vả mặt , 1v1 , Đoàn sủng",Hoàn thành,1337050,18603,1819,6847,https://wikicv.net/truyen/nguoi-qua-duong-giap-tieng-long-tiet-lo--ZTvA8lS4CFoMZyin
Xuyên thư chi bá ái vai ác,Sướng Ái,"Nguyên sang , Đam mỹ , Cổ đại , HE , Tình cảm , Tiên hiệp , Huyền huyễn , Tu chân , Ngọt văn , Song khiết 🕊️ , Chủ công , Thăng cấp lưu , Sảng văn , Liên Thành 3 sao , 1v1",Hoàn thành,1336151,8588,122,1690,https://wikicv.net/truyen/xuyen-thu-chi-ba-ai-vai-ac-YDjBfDzLchEKTb3M
【Xuyên việt】Toàn Năng Phu Lang,Bắc Phong Xuy,"Nguyên sang , Đam mỹ , Cổ đại , HE , Tình cảm , Tiên hiệp , Làm ruộng , Huyền huyễn , Dị thế , Tu chân , Xuyên việt , Ngọt văn , Hệ thống , Sảng văn , Ấm áp , Mary Sue",Hoàn thành,1313015,9142,215,1960,https://wikicv.net/truyen/xuyen-viet-toan-nang-phu-lang-Wp4weDu261ZmC2kj
Quân thiếu trong tay bảo,Nhan Nhược Ưu Nhã,"Nguyên sang , Đam mỹ , Hiện đại , HE , Tình cảm , Mạt thế , Dị năng , Ngọt văn , Trọng sinh , Tùy thân không gian , Sinh con , Cường cường , Thăng cấp lưu , Sảng văn , Nhiều CP , Ngược tra , Liên Thành 4 sao , 1v1",Hoàn thành,1282202,6715,128,1860,https://wikicv.net/truyen/quan-thieu-trong-tay-bao-W%7Er6AEbIjlct_EGR
Khí thiếu tu tiên,Doãn Gia,"Nguyên sang , Đam mỹ , Tương lai , HE , Tình cảm , Xuyên việt , Tinh tế , Chủ thụ , Liên Thành 4 sao",Hoàn thành,1273065,10479,187,2758,https://wikicv.net/truyen/khi-thieu-tu-tien-XWO7OVS4CFfQWyUE
Tự bế thiếu niên sấm mạt thế,Tử Sắc Mộc Ốc,"Nguyên sang , Đam mỹ , Hiện đại , HE , Tình cảm , Mạt thế , Dị năng , Song khiết 🕊️ , Tùy thân không gian , Cường cường , Thăng cấp lưu , Liên Thành 3 sao",Hoàn thành,1260695,7869,157,1912,https://wikicv.net/truyen/tu-be-thieu-nien-sam-mat-the-W46F31S4CHWhS6%7Ed
Xử lý vạn nhân mê một trăm loại phương pháp,Đông Thi Nương,"Nguyên sang , Đam mỹ , Cổ đại , Hiện đại , HE , Tình cảm , Tiên hiệp , Xuyên việt , Trọng sinh , Xuyên nhanh , Hào môn thế gia , Chủ thụ , Kim bài đề cử 🥇 , 1v1",Hoàn thành,1259641,10959,1635,3781,https://wikicv.net/truyen/xu-ly-van-nhan-me-mot-tram-loai-phuong-p-XJn%7Ey1S4CG5M%7ER%7EL
Toàn năng công lược trò chơi [ Xuyên nhanh ],Công Tử Như Lan,"Nguyên sang , Đam mỹ , Cổ đại , Cận đại , Hiện đại , Tương lai , HE , Tình cảm , Khoa học viễn tưởng , Huyền huyễn , Ngọt văn , Song khiết 🕊️ , Xuyên nhanh , Tinh tế , ABO , Giới giải trí , Cường cường , Chủ thụ , Nhẹ nhàng , Phát sóng trực tiếp , Đô thị tình duyên , Nghịch tập , 1v1 , Võng hồng",Hoàn thành,1254877,18409,1064,6377,https://wikicv.net/truyen/toan-nang-cong-luoc-tro-choi-xuyen-nhanh-WwyZmO8h7By5dNIZ
Ác độc nam xứng gả cho tàn tật vai ác sau,Cựu Mộng Như Sương,"Nguyên sang , Đam mỹ , Tương lai , HE , Tình cảm , Ngọt văn , Xuyên thư , Chủ thụ , Nhẹ nhàng , Kim bài đề cử 🥇 , 1v1",Hoàn thành,1253744,15247,709,3681,https://wikicv.net/truyen/ac-doc-nam-xung-ga-cho-tan-tat-vai-ac-sa-XhSTylS4CDc5lioT
[ Xuyên nhanh ] Làm vai ác có người kế tục đi!,Cô Độc Đích Bình Tử,"Diễn sinh , Đam mỹ , Cận đại , Hiện đại , HE , Tình cảm , Manga anime , Huyền huyễn , Xuyên việt , Ngọt văn , Hệ thống , Xuyên nhanh , Sinh con , Song tính , Chủ thụ , Nhẹ nhàng , Hoàng tử Tennis , Tiểu bạch văn",Hoàn thành,1248526,17808,1012,6696,https://wikicv.net/truyen/xuyen-nhanh-lam-vai-ac-co-nguoi-ke-tuc-d-XetB9VS4CDZPvyQG
Siêu cấp luyện chế đại sư,Lương Lạc Sanh,"Nguyên sang , Đam mỹ , Cổ đại , HE , Tình cảm , Tiên hiệp , Huyền huyễn , Dị thế , Xuyên việt , Hệ thống , Thăng cấp lưu , Sảng văn , Trò chơi , Tiểu bạch văn , Liên Thành 4 sao , 1v1",Hoàn thành,1236928,5491,109,801,https://wikicv.net/truyen/sieu-cap-luyen-che-dai-su-WltQoO8h7CjI6SPY
Xuyên qua chi tiểu hầu gia đương gia,Tử Sắc Mộc Ốc,"Nguyên sang , Đam mỹ , Cổ đại , HE , Tình cảm , Xuyên việt , Sinh con , Hào môn thế gia , Cung đấu , Chủ thụ , Cung đình hầu tước , Bình bộ thanh vân , Thiên chi kiêu tử , Liên Thành 3 sao , Vả mặt , 1v1",Hoàn thành,1213183,5504,87,1252,https://wikicv.net/truyen/xuyen-qua-chi-tieu-hau-gia-duong-gia-W7Jl0FS4CFFST4QG
"【 Mau xuyên 】 Hắc hóa vai ác, sủng lên trời",Thỏ Miểu Miểu,"Nguyên sang , Đam mỹ , Hiện đại , HE , Tình cảm , Xuyên việt , Xuyên nhanh , Chủ thụ , 1v1",Chưa xác minh,1206542,2763,118,822,https://wikicv.net/truyen/mau-xuyen-hac-hoa-vai-ac-sung-len-troi-X7cFdFS4CEl6Xn0j
Toàn thế giới đều biết ta là người tốt [ xuyên nhanh ],Đường Vĩ Soái,"Nguyên sang , Đam mỹ , Cận đại , Hiện đại , HE , Tình cảm , Ngọt văn , Hệ thống , Song khiết 🕊️ , Xuyên nhanh , Cường cường , Chủ thụ , Sảng văn , Nhẹ nhàng , Hài hước , Ấm áp , Xuyên thành vai ác , Kim bài đề cử 🥇 , Ngược tra , Nghịch tập , Vả mặt , 1v1",Hoàn thành,1197770,14155,1593,6257,https://wikicv.net/truyen/toan-the-gioi-deu-biet-ta-la-nguoi-tot-x-XUsEoVS4CHvH9SKQ
Hào môn chi gom tiền thiên sư [ xuyên thư ],Nam Thư,"Nguyên sang , Đam mỹ , Cận đại , Hiện đại , HE , Tình cảm , Huyền học , Xuyên thư , Vô hạn lưu , Chủ thụ , Sảng văn , Nhẹ nhàng , Kim bài đề cử 🥇 , Linh dị thần quái",Hoàn thành,1196489,21043,831,6700,https://wikicv.net/truyen/hao-mon-chi-gom-tien-thien-su-xuyen-thu-Xv1pd1S4CEPHHuKk
Phát sóng trực tiếp viết thuần ái văn ta ở Trùng tộc phong thần,MRA,"Nguyên sang , Đam mỹ , Tương lai , HE , Tình cảm , Khoa học viễn tưởng , Sinh tồn , Làm sự nghiệp , Dị thế , Xuyên việt , Hệ thống , Song khiết 🕊️ , Xuyên thư , Tinh tế , Làm giàu , Chủ công , Cường cường , Thăng cấp lưu , Sảng văn , Phát sóng trực tiếp , Cải trang giả dạng , Thiên chi kiêu tử , Duyên trời tác hợp , Kim bài đề cử 🥇 , Kim Bảng 🏆 , Nghịch tập , 1v1 , Trùng tộc , Viết văn , Dưỡng oa , Kỹ thuật lưu , Chức nghiệp tinh anh , Đại lão , Cơ trí , Quyền mưu , Bình tĩnh , Thiên tài , Sự nghiệp não",Hoàn thành,1187406,40437,2528,12597,https://wikicv.net/truyen/phat-song-truc-tiep-viet-thuan-ai-van-ta-ZF0WAFS4CGoQr%7EZo
Trọng sinh phế tài con vợ lẽ,Tử Sắc Thâm Uyên,"Nguyên sang , Đam mỹ , Cổ đại , HE , Tình cảm , Tiên hiệp , Dị thế , Tu chân , Ngọt văn , Trọng sinh , Tùy thân không gian , Sinh con , Chủ công , Cường cường , Thăng cấp lưu , Cưới trước yêu sau , Sảng văn , Kiếp trước kiếp này , 1v1",Hoàn thành,1137786,12085,272,2624,https://wikicv.net/truyen/trong-sinh-phe-tai-con-vo-le-XvOFf1S4CF2Dh9yw
Linh môi,Phong Lưu Thư Ngốc,"Nguyên sang , Đam mỹ , Hiện đại , HE , Tình cảm , Ma pháp , Song khiết 🕊️ , Cường cường , Chủ thụ , Kim bài đề cử 🥇 , Kim Bảng 🏆 , Linh dị thần quái , Nghịch tập , Vả mặt , 1v1",Hoàn thành,1136947,12258,912,2927,https://wikicv.net/truyen/linh-moi-XUE5HlS4CHm_Hllo
Thiên tài duy tu sư,Lý Ôn Tửu,"Nguyên sang , Đam mỹ , Tương lai , HE , Tình cảm , Khoa học viễn tưởng , Huyền huyễn , Ngọt văn , Trọng sinh , Song khiết 🕊️ , Tinh tế , Cơ giáp , Thi đấu cạnh kỹ , Cường cường , Thăng cấp lưu , Niên thượng , Chủ thụ , Sảng văn , Nhẹ nhàng , Hài hước , Ấm áp , Kim bài đề cử 🥇 , Kim Bảng 🏆 , 1v1 , Chậm nhiệt",Hoàn thành,1126926,34760,1369,12181,https://wikicv.net/truyen/thien-tai-duy-tu-su-YylHXVS4CHVYV%7ESr
Tình địch mỗi ngày đều biến mỹ [ xuyên thư ],Công Tử Vu Ca,"Nguyên sang , Đam mỹ , Hiện đại , HE , Tình cảm , Ngọt văn , Hệ thống , Song khiết 🕊️ , Xuyên thư , Giới giải trí , Cường cường , Niên thượng , Chủ thụ , Sảng văn , Nhẹ nhàng , Nhiều CP , Đô thị tình duyên , Pháo hôi , Duyên trời tác hợp , Kim bài đề cử 🥇 , Kim Bảng 🏆 , Vả mặt , 1v1 , Tình địch",Hoàn thành,1124250,10651,814,3479,https://wikicv.net/truyen/tinh-dich-moi-ngay-deu-bien-my-xuyen-thu-XYL_71S4CA5rU7Rc
Thế thân dưỡng heo đi [ xuyên nhanh ],Vinh Tiểu Hiên,"Nguyên sang , Đam mỹ , Cổ đại , Hiện đại , HE , Tình cảm , Làm ruộng , Huyền huyễn , Xuyên việt , Hệ thống , Xuyên nhanh , Chủ thụ , Sảng văn , Kim bài đề cử 🥇 , Kim Bảng 🏆 , 1v1",Hoàn thành,1121486,27123,807,8904,https://wikicv.net/truyen/the-than-duong-heo-di-xuyen-nhanh-YXB%7Ev1S4CBiIam5y
Quân môn chi phế thiếu nghịch tập,Lương Lạc Sanh,"Nguyên sang , Đam mỹ , Tương lai , HE , Tình cảm , Khoa học viễn tưởng , Ngọt văn , Trọng sinh , Sinh con , Tinh tế , Cơ giáp , Quân văn , Chủ thụ , Liên Thành 3 sao , Nghịch tập , Vả mặt , 1v1",Hoàn thành,1102245,5851,85,1107,https://wikicv.net/truyen/quan-mon-chi-phe-thieu-nghich-tap-XYJ9n1S4CEncGBOZ
BOSS xuyên thành tiểu khả ái [ xuyên nhanh ],Quang Minh Tại Án,"Nguyên sang , Đam mỹ , Cổ đại , Hiện đại , HE , Tình cảm , Xuyên việt , Hệ thống , Xuyên nhanh , Chủ thụ , Sảng văn , Kim Bảng 🏆 , Vả mặt , 1v1 , Mary Sue",Hoàn thành,1101839,12003,734,3902,https://wikicv.net/truyen/boss-xuyen-thanh-tieu-kha-ai-xuyen-nhanh-Wn7NM%7E8h7D4v3G6h
Công lược tra công kia [xuyên nhanh],Tức Mặc Dao,"Nguyên sang , Đam mỹ , Cổ đại , Cận đại , Hiện đại , Tương lai , HE , Tình cảm , Tiên hiệp , Tu chân , Xuyên việt , Hệ thống , Xuyên nhanh , Hào môn thế gia , Cẩu huyết , Ngược văn , Gương vỡ lại lành , Cường cường , Chủ thụ , Cung đình hầu tước , Tra công tiện thụ , Kim bài đề cử 🥇 , Kim Bảng 🏆 , Cường thủ hào đoạt",Hoàn thành,1101679,7434,530,2770,https://wikicv.net/truyen/cong-luoc-tra-cong-kia-xuyen-nhanh-WB1RRXCVfCV1COoj
Bị ta tra quá nam chủ trọng sinh [ xuyên nhanh ],Chước Nhiễm,"Nguyên sang , Đam mỹ , Tương lai , HE , Tình cảm , Mạt thế , Huyền huyễn , Tu chân , Ngọt văn , Xuyên nhanh , Sinh con , Tinh tế , Hào môn thế gia , ABO , Chủ thụ , Pháo hôi , Kim Bảng 🏆 , 1v1",Hoàn thành,1087340,18551,881,6955,https://wikicv.net/truyen/bi-ta-tra-qua-nam-chu-trong-sinh-xuyen-n-YFdZVlS4CCQkXniu
Xuyên nhanh chi Chủ Thần trở về,Mục Bạch,"Nguyên sang , Đam mỹ , Cổ đại , Hiện đại , Tương lai , HE , Tình cảm , Tiên hiệp , Mạt thế , Võng du , Tu chân , Ma pháp , Ngọt văn , Hệ thống , Song khiết 🕊️ , Xuyên nhanh , Xuyên thư , Tinh tế , Cơ giáp , Lính gác dẫn đường , ABO , Giới giải trí , Kim bài đề cử 🥇",Hoàn thành,1083341,8244,303,2735,https://wikicv.net/truyen/xuyen-nhanh-chi-chu-than-tro-ve-WA8JeHCVfA25r9nZ
Bị bắt trở thành vô hạn trò chơi NPC,Thiên Tẫn Hoan,"Nguyên sang , Đam mỹ , Hiện đại , HE , Tình cảm , Ngọt văn , Vô hạn lưu , Chủ thụ , Phát sóng trực tiếp , Linh dị thần quái , 1v1 , Vạn nhân mê , NPC , Mỹ thụ , Tu la tràng",Hoàn thành,1074493,24740,1919,9282,https://wikicv.net/truyen/bi-bat-tro-thanh-vo-han-tro-choi-npc-YekwNlS4CD2g6kjp
Hèn mọn lốp xe dự phòng nhân thiết lật xe sau ( xuyên nhanh ),Mông Mông Bất Manh,"Nguyên sang , Đam mỹ , Hiện đại , HE , Tình cảm , Hệ thống , Xuyên nhanh , Xuyên thư , Chủ thụ , Sảng văn , Nhẹ nhàng , Kim bài đề cử 🥇 , 1v1",Hoàn thành,1066379,12697,1079,4321,https://wikicv.net/truyen/hen-mon-lop-xe-du-phong-nhan-thiet-lat-x-XqOcG1S4CFiAZAR3
Husky và sư tôn mèo trắng ( Bổn tọa đã hoàn lương ),Nhục Bao Bất Cật Nhục,"Nguyên sang , Đam mỹ , Cổ đại , HE , Tình cảm , Tiên hiệp , Tu chân , Trọng sinh , Niên hạ , Chủ công , Ngược văn , Kim bài đề cử 🥇 , Sư đồ , 1v1",Hoàn thành,1058934,4506,474,1730,https://wikicv.net/truyen/husky-va-su-ton-meo-trang-bon-toa-da-hoa-WfH3Ee8h7CMcZGLv
Ảnh đế mỗi ngày phát sóng trực tiếp nấu cơm [ tinh tế ],Túy Nhiễm Khinh Ca,"Nguyên sang , Đam mỹ , Tương lai , HE , Tình cảm , Xuyên việt , Mỹ thực , Tinh tế , Chủ thụ , Sảng văn , Nhẹ nhàng , Phát sóng trực tiếp , Kim bài đề cử 🥇 , 1v1",Hoàn thành,1057859,8233,551,3271,https://wikicv.net/truyen/anh-de-moi-ngay-phat-song-truc-tiep-nau--Wx8ndu8h7FUj35dk
Thẻ bài mật thất ( trọng sinh ),Điệp Chi Linh,"Nguyên sang , Đam mỹ , Tương lai , HE , Tình cảm , Trinh thám , Trọng sinh , Phá án , Cường cường , Vô hạn lưu , Thăng cấp lưu , Song hướng yêu thầm , Chủ thụ , Sảng văn , Nhẹ nhàng , Nhiều CP , Trò chơi , Cận thủy lâu đài , Duyên trời tác hợp , Kim bài đề cử 🥇 , Kim Bảng 🏆 , 1v1 , Thẻ bài",Hoàn thành,1051313,19286,1043,6509,https://wikicv.net/truyen/the-bai-mat-that-trong-sinh-XSrdZFS4CDEtbcpC
Ngươi tính toán manh chết ta sao [ xuyên nhanh ],Mạc Như Quy,"Nguyên sang , Đam mỹ , Cổ đại , Hiện đại , Tương lai , HE , Tình cảm , Sinh tồn , Ngọt văn , Song khiết 🕊️ , Xuyên nhanh , Chủ thụ , Nhẹ nhàng , Dưỡng thành , Ấm áp , Duyên trời tác hợp , Kim bài đề cử 🥇 , 1v1 , Main là động vật , Nguyên thủy , Manh sủng , Chữa lành",Hoàn thành,1049912,23257,1077,10445,https://wikicv.net/truyen/nguoi-tinh-toan-manh-chet-ta-sao-xuyen-n-X72t9lS4CD5Ribob
Cứu vớt bi tình vai ác tiến hành khi!,Đặc biệt biến thái……,"Nguyên sang , Đam mỹ , Tương lai , HE , Tình cảm , Dị thế , Xuyên việt , Trọng sinh , Hệ thống , Song khiết 🕊️ , Xuyên nhanh , Xuyên thư , Chủ công , Nhiều CP , Đô thị tình duyên , Pháo hôi , Kim bài đề cử 🥇 , Kim Bảng 🏆 , Thế giới song song , Vả mặt , 1v1 , Trùng tộc , Chữa lành",Hoàn thành,1043125,18225,1848,6048,https://wikicv.net/truyen/cuu-vot-bi-tinh-vai-ac-tien-hanh-khi-YUvWnVS4CDDZ6YX3
Hắn siêu dính người [ Xuyên nhanh ],Doanh Chi,"Nguyên sang , Đam mỹ , Cổ đại , Hiện đại , Tương lai , HE , Tình cảm , Khoa học viễn tưởng , Huyền huyễn , Báo thù , Tu chân , Ngọt văn , Hệ thống , Song khiết 🕊️ , Xuyên nhanh , Tinh tế , Hào môn thế gia , Giới giải trí , Vườn trường , Cường cường , Chủ thụ , Cung đình hầu tước , Sảng văn , Tây huyễn , Ấm áp , Vả mặt , 1v1 , Mỹ công",Hoàn thành,1039121,9260,530,2982,https://wikicv.net/truyen/han-sieu-dinh-nguoi-xuyen-nhanh-Ws7rPO8h7EQB6TEI
Nam thê của thiên tài cuồng thiếu,Phong Nhã,"Nguyên sang , Đam mỹ , Cổ đại , Hiện đại , HE , Tình cảm , Huyền huyễn , Tu chân , Trọng sinh , Song khiết 🕊️ , Tùy thân không gian , Chủ công , Hào môn thế gia , Thăng cấp lưu , Sảng văn , Hoán đổi linh hồn , Chủ phó , Liên Thành 4 sao , 1v1",Hoàn thành,1032544,1802,34,468,https://wikicv.net/truyen/nam-the-cua-thien-tai-cuong-thieu-WDodK3CVfGv_QJZO
Cường thế tướng công ngoan phu lang,Sơ Vẫn Giang Hồ,"Nguyên sang , Đam mỹ , Cổ đại , HE , Tình cảm , Làm ruộng , Kinh thương , Dị thế , Xuyên việt , Ngọt văn , Song khiết 🕊️ , Sinh con , Làm giàu , Chủ công , Cưới trước yêu sau , Nam nam thế giới , Bình bộ thanh vân , Cận thủy lâu đài , Liên Thành 3 sao , Nhược thụ , 1v1",Hoàn thành,1031630,1571,57,355,https://wikicv.net/truyen/cuong-the-tuong-cong-ngoan-phu-lang-WIBY_nCVfCgBmQxj
Phía trước năng lượng cao báo động trước!!!,Nhất Đăng Huỳnh Hỏa,"Nguyên sang , Đam mỹ , Hiện đại , HE , Tình cảm , Kinh dị , Song khiết 🕊️ , Cường cường , Vô hạn lưu , Thăng cấp lưu , Niên thượng , Chủ thụ , Sảng văn , Nhẹ nhàng , Đô thị tình duyên , Trò chơi , Ấm áp , Linh dị thần quái , 1v1",Hoàn thành,1022442,16818,1054,3649,https://wikicv.net/truyen/phia-truoc-nang-luong-cao-bao-dong-truoc-XRHLNVS4CATsgLP7
Trọng sinh chi bá ái manh thê,Sướng Ái,"Nguyên sang , Đam mỹ , Cổ đại , HE , Tình cảm , Tiên hiệp , Huyền huyễn , Tu chân , Ngọt văn , Trọng sinh , Sinh con , Chủ công , Thăng cấp lưu , Sảng văn , Nghịch tập , Vả mặt",Hoàn thành,1021679,5157,223,845,https://wikicv.net/truyen/trong-sinh-chi-ba-ai-manh-the-X8m6PzzLcnm3x3Ky
Đệ nhất thi thê,Kim Nguyên Bảo,"Nguyên sang , Đam mỹ , Hiện đại , HE , Tình cảm , Khoa học viễn tưởng , Mạt thế , Xuyên việt , Dị năng , Ngọt văn , Trọng sinh , Tùy thân không gian , Xuyên thư , Sinh con , Cường cường , Thanh mai trúc mã , Chủ thụ , Phản phái trọng sinh , Liên Thành 4 sao",Hoàn thành,1019819,5473,143,1386,https://wikicv.net/truyen/de-nhat-thi-the-WN8MbO8h7DOYfFLw
Cá mặn tiểu tang thi [vô hạn],Chỉ Y,"Nguyên sang , Đam mỹ , Hiện đại , HE , Tình cảm , Kinh dị , Mạt thế , Huyền huyễn , Sinh tồn , Dị năng , Hệ thống , Song khiết 🕊️ , Cường cường , Vô hạn lưu , Song hướng yêu thầm , Niên thượng , Chủ thụ , Sảng văn , Nhẹ nhàng , Hắc ám , Trò chơi , Duyên trời tác hợp , Kim bài đề cử 🥇 , Kim Bảng 🏆 , Ngược tra , Linh dị thần quái , 1v1 , Thị giác nam chủ",Hoàn thành,1015105,23249,1411,9361,https://wikicv.net/truyen/ca-man-tieu-tang-thi-vo-han-YfGyKVS4CEWBQAOD
Xuyên nhanh chi vả mặt cuồng ma,Phong Lưu Thư Ngốc,"Nguyên sang , Đam mỹ , Tương lai , HE , Tình cảm , Báo thù , Ngọt văn , Hệ thống , Song khiết 🕊️ , Xuyên nhanh , Cường cường , Chủ thụ , Sảng văn , Nhẹ nhàng , Hài hước , Ấm áp , Kim bài đề cử 🥇 , Ngược tra , Nghịch tập , Vả mặt , 1v1",Hoàn thành,1014353,9481,432,2745,https://wikicv.net/truyen/xuyen-nhanh-chi-va-mat-cuong-ma-V_dMiHCVfHGgIBS9
Xuyên qua chi phu lang uy vũ,Bắc Phong Xuy,"Nguyên sang , Đam mỹ , Cổ đại , HE , Tình cảm , Làm ruộng , Dị thế , Xuyên việt , Dị năng , Trọng sinh , Song khiết 🕊️ , Tùy thân không gian , Sinh con , Làm giàu , Cung đấu , Cường cường , Chủ thụ , Cận thủy lâu đài , Liên Thành 3 sao , Vả mặt",Hoàn thành,1011321,2350,47,893,https://wikicv.net/truyen/xuyen-qua-chi-phu-lang-uy-vu-WDZdMHCVfDgP7j1G
Ta cấp vai ác đương ba ba [ giới giải trí ],Lâm Áng Tư,"Nguyên sang , Đam mỹ , Hiện đại , HE , Tình cảm , Ngọt văn , Xuyên thư , Hào môn thế gia , Giới giải trí , Chủ thụ , Nhẹ nhàng , Đô thị tình duyên , Ấm áp , Kim bài đề cử 🥇 , Kim Bảng 🏆 , 1v1 , Dưỡng oa",Hoàn thành,1009863,11931,742,4337,https://wikicv.net/truyen/ta-cap-vai-ac-duong-ba-ba-gioi-giai-tri-YSERv1S4CDO2KOC7
Xuyên thành vai ác tổng tài tiểu tình nhân [ giới giải trí ],Lâm Áng Tư,"Nguyên sang , Đam mỹ , Hiện đại , HE , Tình cảm , Xuyên việt , Ngọt văn , Xuyên thư , Hào môn thế gia , Giới giải trí , Cường cường , Song hướng yêu thầm , Chủ thụ , Nhẹ nhàng , Thanh thủy văn , Nhiều CP , Hài hước , Đô thị tình duyên , Ấm áp , Duyên trời tác hợp , 1v1",Hoàn thành,999683,10576,980,3813,https://wikicv.net/truyen/xuyen-thanh-vai-ac-tong-tai-tieu-tinh-nh-XJ2doVS4CBtAsteV
Xuyên Việt Chi Bồi Thực Sư,Dạ Du,"Nguyên sang , Đam mỹ , Cổ đại , HE , Tình cảm , Võ hiệp , Huyền huyễn , Dị thế , Xuyên việt , Dị năng , Ngọt văn , Sinh con , Chủ công , Hào môn thế gia , Cường cường , Thăng cấp lưu , Cưới trước yêu sau , Sảng văn , Kim bài đề cử 🥇 , Kim Bảng 🏆",Hoàn thành,975115,5266,227,1281,https://wikicv.net/truyen/xuyen-viet-chi-boi-thuc-su-WVLsS%7E8h7G2QPTAs
Xuyên nhanh chi pháo hôi vả mặt thành thần,Nhất Mặc Đan Tâm,"Nguyên sang , Đam mỹ , Cổ đại , Cận đại , Hiện đại , Tương lai , HE , Tình cảm , Tiên hiệp , Khoa học viễn tưởng , Mạt thế , Huyền huyễn , Báo thù , Ngọt văn , Song khiết 🕊️ , Xuyên nhanh , Tinh tế , ABO , Giới giải trí , Vườn trường , Vô hạn lưu , Chủ thụ , Sảng văn , Thiên chi kiêu tử , Pháo hôi , Ngược tra , Nghịch tập , Vả mặt , 1v1",Hoàn thành,973107,6122,408,1875,https://wikicv.net/truyen/xuyen-nhanh-chi-phao-hoi-va-mat-thanh-th-Wu6dSO8h7Bqvw3gG
Đoạt nam xứng liền chạy thật kích thích [ mau xuyên ],Hồ Dương,"Nguyên sang , Đam mỹ , Hiện đại , HE , Tình cảm , Ngọt văn , Xuyên nhanh , Chủ công , Kim bài đề cử 🥇 , Vả mặt",Hoàn thành,971814,17482,645,7022,https://wikicv.net/truyen/doat-nam-xung-lien-chay-that-kich-thich--Xthcs1S4CCm%7ESsDQ
Dị thế trọng sinh chi nghịch tập tu tiên,Tự Mộng Tự Huyễn Đích Thời Quang,"Nguyên sang , Đam mỹ , Cổ đại , HE , Tình cảm , Tiên hiệp , Huyền huyễn , Dị thế , Tu chân , Xuyên việt , Trọng sinh , Song khiết 🕊️ , Chủ công , Cường cường , Thăng cấp lưu , Sảng văn , Nghịch tập",Hoàn thành,968120,6231,207,1454,https://wikicv.net/truyen/di-the-trong-sinh-chi-nghich-tap-tu-tien-YsmZ1UbIjmllE9CI
Ngày tháng tôi giả làm NPC trong game sinh tồn,Thanh Trúc Diệp,"Nguyên sang , Đam mỹ , Hiện đại , HE , Tình cảm , Kinh dị , Sinh tồn , Cường cường , Vô hạn lưu , Chủ thụ , Hài hước , Trò chơi , Kim bài đề cử 🥇 , Linh dị thần quái , 1v1 , Kỹ thuật lưu , NPC",Hoàn thành,956108,27375,1700,10889,https://wikicv.net/truyen/ngay-thang-toi-gia-lam-npc-trong-game-si-YEvuyFS4CCyyH6yj
Nam xứng chỉ nghĩ làm công cụ người [ giới giải trí ],Lâm Áng Tư,"Nguyên sang , Đam mỹ , Hiện đại , HE , Tình cảm , Ngọt văn , Xuyên thư , Hào môn thế gia , Giới giải trí , Chủ thụ , Nhẹ nhàng , Pháo hôi , Kim bài đề cử 🥇 , Kim Bảng 🏆 , 1v1",Hoàn thành,954441,19196,1094,6757,https://wikicv.net/truyen/nam-xung-chi-nghi-lam-cong-cu-nguoi-gioi-X%7EaBvVS4CD4YrJNR
Dị thế trọng sinh chi nghịch thiên chí tôn,Tô Manh Manh,"Nguyên sang , Đam mỹ , Cổ đại , HE , Tình cảm , Tiên hiệp , Huyền huyễn , Dị thế , Tu chân , Xuyên việt , Trọng sinh , Chủ công , Thăng cấp lưu , Sảng văn , Ấm áp , Ngược tra , Liên Thành 3 sao , Nghịch tập , 1v1",Hoàn thành,948774,2564,140,1072,https://wikicv.net/truyen/di-the-trong-sinh-chi-nghich-thien-chi-t-W%7EcCK1S4CGqfPXEB
Xuyên tiến vạn nhân mê văn ta nhân thiết băng rồi,Đông Thi Nương,"Nguyên sang , Đam mỹ , Cổ đại , HE , Tình cảm , Ngọt văn , Niên hạ , Xuyên thư , Chủ thụ , Nhẹ nhàng , Kim bài đề cử 🥇 , 1v1",Hoàn thành,944675,9639,984,3667,https://wikicv.net/truyen/xuyen-tien-van-nhan-me-van-ta-nhan-thiet-Xjueh1S4CBBpFvsw
Lại bị bạn trai cũ theo dõi,Quất Miêu Ca Ca,"Nguyên sang , Đam mỹ , Hiện đại , HE , Tình cảm , Cẩu huyết , Gương vỡ lại lành , 1v1",Hoàn thành,931740,1399,96,340,https://wikicv.net/truyen/lai-bi-ban-trai-cu-theo-doi-XdnuN1S4CBEaXk8t
Nam phụ ác độc thì phải muốn làm gì thì làm,Điềm Tiêu Tối Điềm,"Nguyên sang , Đam mỹ , Hiện đại , HE , Tình cảm , Xuyên việt , Ngọt văn , Hệ thống , Xuyên nhanh , Xuyên thư , Hào môn thế gia , Chủ thụ , Sảng văn , Nhẹ nhàng , Hắc ám , 1v1 , Nam phụ , Thật giả thiếu gia",Hoàn thành,929252,11224,760,3172,https://wikicv.net/truyen/nam-phu-ac-doc-thi-phai-muon-lam-gi-thi--X6oi1lS4CG0ZpwWV
Mạt thế pháo hôi nghịch tập,Lương Lạc Sanh,"Nguyên sang , Đam mỹ , Hiện đại , HE , Tình cảm , Khoa học viễn tưởng , Mạt thế , Báo thù , Dị năng , Ngọt văn , Trọng sinh , Thăng cấp lưu , Chủ thụ , Sảng văn , Pháo hôi , Ngược tra , Liên Thành 4 sao , Nghịch tập , 1v1 , Thẻ bài",Hoàn thành,917643,5460,197,1119,https://wikicv.net/truyen/mat-the-phao-hoi-nghich-tap-WlslJ2He7H1f0Fxu
"Học thần tại thủ, thiên hạ ngã hữu (PHIÊN BẢN 2)",Phong Lưu Thư Ngốc,"Nguyên sang , Đam mỹ , Cổ đại , Cận đại , Hiện đại , Tương lai , HE , Tình cảm , Khoa học viễn tưởng , Huyền huyễn , Xuyên việt , Hệ thống , Xuyên nhanh , Chủ thụ , Sảng văn , Ngược tra , Vả mặt , 1v1 , Học bá , Jack Sue",Hoàn thành,915467,8243,207,3566,https://wikicv.net/truyen/hoc-than-tai-thu-thien-ha-nga-huu-phien--YES8d0bIjgiGKLxW
